CustomerID,Country,TotalRevenue,TotalOrders,TotalUnits,AverageOrderValue,PurchaseFrequency,LastPurchaseDate,RecencyDays,CustomerSegment
12346,United Kingdom,77556.46,12,74285,6463.04,12,2011-01-18 10:01:00,326,High-Value Lapsed
12347,Iceland,4921.53,8,2967,615.19,8,2011-12-07 15:52:00,2,High-Value Frequent
12348,Finland,2019.4,5,2714,403.88,5,2011-09-25 13:13:00,75,Steady Repeat
12349,Italy,4428.69,4,1624,1107.17,4,2011-11-21 09:51:00,19,High-Value Occasional
12350,Norway,334.4,1,197,334.4,1,2011-02-02 16:01:00,310,Dormant / Inactive
12351,Unspecified,300.93,1,261,300.93,1,2010-11-29 15:23:00,375,Dormant / Inactive
12352,Norway,2849.84,10,724,284.98,10,2011-11-03 14:37:00,36,High-Value Frequent
12353,Bahrain,406.76,2,212,203.38,2,2011-05-19 17:47:00,204,Dormant / Inactive
12354,Spain,1079.4,1,530,1079.4,1,2011-04-21 13:11:00,232,Dormant / Inactive
12355,Bahrain,947.61,2,543,473.8,2,2011-05-09 13:49:00,214,Dormant / Inactive
12356,Portugal,6371.73,6,3416,1061.96,6,2011-11-17 08:40:00,23,High-Value Frequent
12357,Switzerland,18287.66,3,6587,6095.89,3,2011-11-06 16:07:00,33,High-Value Occasional
12358,Austria,3887.07,5,1079,777.41,5,2011-12-08 10:26:00,2,High-Value Occasional
12359,Cyprus,8873.39,10,2739,887.34,10,2011-10-13 12:47:00,58,High-Value Frequent
12360,Austria,4252.89,8,2459,531.61,8,2011-10-18 15:22:00,52,High-Value Frequent
12361,Belgium,511.25,4,235,127.81,4,2011-02-25 13:51:00,287,Dormant / Inactive
12362,Belgium,5356.23,11,2230,486.93,11,2011-12-06 15:40:00,3,High-Value Frequent
12363,Unspecified,552.0,2,408,276.0,2,2011-08-22 10:18:00,110,Occasional Active
12364,Belgium,1313.1,4,1506,328.28,4,2011-12-02 10:22:00,8,Steady Repeat
12365,Cyprus,641.38,2,174,320.69,2,2011-02-21 14:04:00,291,Dormant / Inactive
12366,Cyprus,500.24,1,296,500.24,1,2010-03-16 10:28:00,634,Dormant / Inactive
12367,Denmark,168.9,1,173,168.9,1,2011-12-05 16:48:00,4,Occasional Active
12368,Cyprus,917.7,1,330,917.7,1,2010-03-21 15:56:00,628,Dormant / Inactive
12369,Austria,1791.15,3,1241,597.05,3,2010-10-22 13:13:00,413,Dormant / Inactive
12370,Cyprus,4316.56,7,2604,616.65,7,2011-10-19 14:51:00,51,High-Value Frequent
12371,Switzerland,4067.38,5,1436,813.48,5,2011-10-26 10:16:00,45,High-Value Occasional
12372,Denmark,1298.04,3,794,432.68,3,2011-09-29 12:12:00,72,Steady Repeat
12373,Austria,1127.65,3,516,375.88,3,2011-02-01 13:10:00,311,Dormant / Inactive
12374,Austria,2989.22,4,1362,747.3,4,2011-11-14 15:37:00,25,High-Value Occasional
12375,Finland,457.5,2,178,228.75,2,2011-11-29 10:36:00,11,Occasional Active
12376,Switzerland,503.15,2,240,251.58,2,2010-11-15 12:15:00,390,Dormant / Inactive
12377,Switzerland,3426.32,4,2105,856.58,4,2011-01-28 15:45:00,315,High-Value Lapsed
12378,Switzerland,5416.32,2,3316,2708.16,2,2011-08-02 10:34:00,130,High-Value Occasional
12379,Belgium,1620.22,4,815,405.06,4,2011-09-19 10:09:00,82,Steady Repeat
12380,Belgium,9676.3,11,3355,879.66,11,2011-11-18 11:27:00,22,High-Value Frequent
12381,Norway,1845.31,5,808,369.06,5,2011-12-05 12:44:00,5,Steady Repeat
12383,Belgium,1850.56,5,1532,370.11,5,2011-06-08 08:02:00,185,Dormant / Inactive
12384,Switzerland,585.27,2,126,292.64,2,2011-11-11 08:39:00,29,Occasional Active
12385,Belgium,1938.4,1,612,1938.4,1,2010-11-25 15:14:00,379,Dormant / Inactive
12386,Australia,401.9,2,354,200.95,2,2011-01-06 12:37:00,338,Dormant / Inactive
12387,Australia,143.94,1,134,143.94,1,2010-10-20 16:27:00,415,Dormant / Inactive
12388,Australia,3901.11,8,2001,487.64,8,2011-11-24 12:30:00,16,High-Value Frequent
12389,Australia,1433.33,3,614,477.78,3,2010-11-02 11:52:00,403,Dormant / Inactive
12390,Belgium,549.84,1,353,549.84,1,2011-09-21 09:33:00,80,Occasional Active
12391,Cyprus,2724.84,6,1204,454.14,6,2011-11-18 12:07:00,22,High-Value Frequent
12392,Australia,234.75,1,73,234.75,1,2010-04-27 14:04:00,591,Dormant / Inactive
12393,Australia,2399.45,6,1311,399.91,6,2011-09-28 15:41:00,72,High-Value Frequent
12394,Belgium,1272.48,2,819,636.24,2,2011-10-07 08:08:00,64,Occasional Active
12395,Belgium,4721.17,15,3205,314.74,15,2011-11-20 15:21:00,19,High-Value Frequent
12396,RSA,931.43,1,591,931.43,1,2010-02-03 13:22:00,674,Dormant / Inactive
12397,Belgium,2409.9,2,1263,1204.95,2,2011-11-04 09:52:00,36,High-Value Occasional
12398,Switzerland,1635.66,1,1394,1635.66,1,2011-10-25 10:27:00,46,Occasional Active
12399,Belgium,1962.3,7,2198,280.33,7,2011-08-12 13:15:00,119,Steady Repeat
12400,Australia,205.25,1,91,205.25,1,2010-10-21 13:45:00,414,Dormant / Inactive
12401,Belgium,84.3,1,11,84.3,1,2011-02-09 13:50:00,303,Dormant / Inactive
12402,Belgium,1256.9,6,584,209.48,6,2011-01-20 13:49:00,323,Dormant / Inactive
12403,Denmark,1019.36,2,260,509.68,2,2011-10-21 10:51:00,50,Occasional Active
12404,Finland,63.24,1,1,63.24,1,2010-01-26 16:25:00,682,Dormant / Inactive
12405,Finland,1710.39,1,857,1710.39,1,2011-07-14 08:52:00,149,Occasional Active
12406,Denmark,6390.36,5,3416,1278.07,5,2011-11-17 19:22:00,22,High-Value Occasional
12407,Belgium,1708.12,5,1416,341.62,5,2011-10-21 10:11:00,50,Steady Repeat
12408,Belgium,4340.77,8,2229,542.6,8,2011-11-07 12:27:00,33,High-Value Frequent
12409,Switzerland,23419.29,7,13143,3345.61,7,2011-09-22 10:38:00,79,High-Value Frequent
12410,Switzerland,1013.71,3,341,337.9,3,2011-02-04 10:39:00,309,Dormant / Inactive
12411,Australia,346.9,1,138,346.9,1,2010-10-26 09:25:00,410,Dormant / Inactive
12412,Denmark,2596.93,6,1997,432.82,6,2011-09-26 10:16:00,75,High-Value Frequent
12413,France,999.45,4,319,249.86,4,2011-10-04 09:00:00,67,Steady Repeat
12414,Austria,952.41,6,495,158.73,6,2011-05-06 14:51:00,217,Dormant / Inactive
12415,Australia,144458.37,28,91447,5159.23,28,2011-11-15 14:22:00,24,High-Value Frequent
12416,Australia,202.56,1,132,202.56,1,2010-02-21 10:19:00,657,Dormant / Inactive
12417,Belgium,6797.41,20,2884,339.87,20,2011-12-06 14:52:00,3,High-Value Frequent
12418,Switzerland,2021.2,4,1088,505.3,4,2011-08-19 11:08:00,113,Steady Repeat
12419,Spain,503.01,2,231,251.5,2,2010-11-19 10:04:00,386,Dormant / Inactive
12420,Cyprus,600.39,1,345,600.39,1,2011-10-07 08:55:00,64,Occasional Active
12421,Spain,1098.6,6,652,183.1,6,2011-11-24 09:07:00,16,Steady Repeat
12422,Switzerland,5231.8,17,2596,307.75,17,2011-09-05 09:48:00,96,High-Value Frequent
12423,Belgium,2622.39,10,1793,262.24,10,2011-12-09 10:10:00,1,High-Value Frequent
12424,Australia,3340.03,4,2025,835.01,4,2011-06-30 12:06:00,163,High-Value Occasional
12425,Portugal,1741.41,2,1147,870.7,2,2011-09-22 17:31:00,78,Occasional Active
12426,Germany,1345.21,2,584,672.6,2,2011-05-29 12:26:00,195,Dormant / Inactive
12427,Germany,825.8,3,533,275.27,3,2011-11-18 08:56:00,22,Steady Repeat
12428,Finland,7956.46,9,3536,884.05,9,2011-11-14 08:22:00,26,High-Value Frequent
12429,Denmark,6204.41,8,2890,775.55,8,2011-11-30 17:22:00,9,High-Value Frequent
12430,Norway,256.4,1,117,256.4,1,2011-10-27 15:09:00,43,Occasional Active
12431,Australia,10432.22,27,4600,386.38,27,2011-11-04 11:55:00,36,High-Value Frequent
12432,Norway,5059.32,5,1801,1011.86,5,2011-10-28 11:43:00,43,High-Value Occasional
12433,Norway,16794.14,10,13534,1679.41,10,2011-12-09 10:02:00,1,High-Value Frequent
12434,Australia,1103.43,3,532,367.81,3,2011-09-16 12:38:00,85,Steady Repeat
12435,Denmark,13925.93,6,4958,2320.99,6,2011-09-21 09:06:00,80,High-Value Frequent
12436,Norway,509.01,1,211,509.01,1,2011-09-01 12:09:00,100,Occasional Active
12437,France,12683.4,39,8000,325.22,39,2011-12-08 11:35:00,2,High-Value Frequent
12438,Norway,2906.85,2,1180,1453.42,2,2011-11-25 13:28:00,14,High-Value Occasional
12439,Cyprus,1142.88,2,478,571.44,2,2010-01-26 12:11:00,683,Dormant / Inactive
12440,Austria,859.2,2,331,429.6,2,2010-09-03 13:11:00,462,Dormant / Inactive
12441,France,173.55,1,121,173.55,1,2010-12-08 10:45:00,367,Dormant / Inactive
12442,Spain,172.06,1,182,172.06,1,2011-12-06 14:22:00,3,Occasional Active
12443,Norway,485.31,1,182,485.31,1,2009-12-07 15:42:00,732,Dormant / Inactive
12444,Norway,5005.46,5,1153,1001.09,5,2011-11-18 13:23:00,21,High-Value Occasional
12445,Spain,434.98,2,206,217.49,2,2011-11-17 18:43:00,22,Occasional Active
12446,RSA,1002.31,1,351,1002.31,1,2011-10-13 12:50:00,58,Occasional Active
12447,Belgium,476.49,1,190,476.49,1,2011-04-10 13:25:00,243,Dormant / Inactive
12448,Spain,449.45,1,243,449.45,1,2011-10-26 13:46:00,44,Occasional Active
12449,Belgium,4835.89,6,2282,805.98,6,2011-11-17 13:46:00,22,High-Value Frequent
12450,Spain,688.2,5,442,137.64,5,2011-07-06 14:41:00,156,Steady Repeat
12451,Switzerland,12669.88,8,9359,1583.74,8,2011-11-29 08:40:00,11,High-Value Frequent
12452,Switzerland,430.57,2,185,215.28,2,2011-11-23 10:28:00,17,Occasional Active
12453,Austria,707.09,1,473,707.09,1,2011-07-28 14:08:00,134,Occasional Active
12454,Spain,16679.78,5,7703,3335.96,5,2011-10-14 17:13:00,56,High-Value Occasional
12455,Cyprus,5879.95,10,3302,588.0,10,2011-09-27 15:31:00,73,High-Value Frequent
12456,Switzerland,3181.04,3,1633,1060.35,3,2011-10-26 14:41:00,44,High-Value Occasional
12457,Switzerland,2995.91,8,1094,374.49,8,2011-10-04 13:13:00,66,High-Value Frequent
12458,Switzerland,1777.49,4,986,444.37,4,2011-09-29 15:25:00,71,Steady Repeat
12459,Spain,454.36,1,258,454.36,1,2010-04-13 14:53:00,605,Dormant / Inactive
12460,Belgium,326.65,1,170,326.65,1,2010-09-09 13:51:00,456,Dormant / Inactive
12461,Switzerland,826.88,2,287,413.44,2,2011-09-06 16:57:00,94,Occasional Active
12462,Spain,1189.59,2,536,594.79,2,2011-11-21 09:11:00,19,Occasional Active
12463,Belgium,1344.78,4,776,336.2,4,2011-10-17 13:44:00,53,Steady Repeat
12464,Belgium,1212.05,8,112,151.51,8,2011-11-29 13:33:00,10,Steady Repeat
12465,Belgium,742.19,2,479,371.1,2,2011-11-22 16:34:00,17,Occasional Active
12466,France,56.73,1,1,56.73,1,2010-01-26 16:26:00,682,Dormant / Inactive
12467,USA,132.8,1,129,132.8,1,2010-10-12 15:41:00,423,Dormant / Inactive
12468,Germany,3670.74,5,2201,734.15,5,2011-06-05 11:36:00,188,High-Value Lapsed
12469,Thailand,3070.54,2,2552,1535.27,2,2010-07-05 12:40:00,523,High-Value Lapsed
12470,Unspecified,211.95,1,95,211.95,1,2010-01-19 11:01:00,690,Dormant / Inactive
12471,Germany,39918.19,79,16858,505.29,79,2011-12-07 15:43:00,2,High-Value Frequent
12472,Germany,16249.29,19,10378,855.23,19,2011-11-07 14:01:00,32,High-Value Frequent
12473,Germany,3928.05,5,2414,785.61,5,2011-11-10 13:46:00,29,High-Value Occasional
12474,Germany,12372.75,31,7940,399.12,31,2011-11-22 14:39:00,17,High-Value Frequent
12475,Germany,1149.64,2,771,574.82,2,2011-10-17 10:10:00,54,Occasional Active
12476,Germany,14083.91,23,5631,612.34,23,2011-11-24 12:40:00,16,High-Value Frequent
12477,Germany,20276.37,9,6119,2252.93,9,2011-11-17 09:51:00,23,High-Value Frequent
12478,Greece,680.99,1,236,680.99,1,2011-12-06 09:56:00,4,Occasional Active
12479,Germany,527.2,1,385,527.2,1,2011-11-28 13:26:00,11,Occasional Active
12480,Germany,5464.85,7,2952,780.69,7,2011-11-11 14:52:00,28,High-Value Frequent
12481,Germany,12185.51,15,7158,812.37,15,2011-11-17 08:29:00,23,High-Value Frequent
12482,Sweden,23691.4,29,27042,816.94,29,2010-05-12 16:51:00,576,High-Value Lapsed
12483,Sweden,5097.18,19,2160,268.27,19,2011-11-22 17:02:00,17,High-Value Frequent
12484,Spain,6354.1,12,3266,529.51,12,2011-11-07 11:37:00,33,High-Value Frequent
12485,Sweden,708.1,1,414,708.1,1,2010-06-28 15:22:00,529,Dormant / Inactive
12486,Sweden,1037.28,1,523,1037.28,1,2010-10-04 12:14:00,432,Dormant / Inactive
12487,Sweden,285.3,1,174,285.3,1,2009-12-09 11:36:00,731,Dormant / Inactive
12488,France,1298.66,3,529,432.89,3,2011-11-30 08:50:00,10,Steady Repeat
12489,France,334.93,1,105,334.93,1,2011-01-07 13:13:00,336,Dormant / Inactive
12490,France,9823.64,21,5906,467.79,21,2011-12-04 16:07:00,5,High-Value Frequent
12491,France,460.4,1,260,460.4,1,2011-11-01 12:18:00,39,Occasional Active
12492,Germany,715.21,3,444,238.4,3,2011-10-07 15:15:00,63,Steady Repeat
12493,France,433.74,2,207,216.87,2,2011-06-27 10:17:00,166,Occasional Active
12494,France,1815.27,9,979,201.7,9,2011-11-24 09:34:00,16,Steady Repeat
12495,Sweden,357.4,1,130,357.4,1,2010-03-09 10:53:00,641,Dormant / Inactive
12496,Spain,45.34,2,30,22.67,2,2010-03-29 14:06:00,620,Dormant / Inactive
12497,Germany,6248.5,3,5685,2082.83,3,2011-09-19 12:29:00,82,High-Value Occasional
12498,Germany,403.7,3,159,134.57,3,2011-11-18 12:53:00,21,Steady Repeat
12499,Germany,393.72,1,302,393.72,1,2010-05-28 15:12:00,560,Dormant / Inactive
12500,Germany,5955.21,19,3377,313.43,19,2011-11-16 16:20:00,23,High-Value Frequent
12501,Germany,2169.39,1,1783,2169.39,1,2011-01-07 12:28:00,337,Dormant / Inactive
12502,Spain,3723.87,5,820,744.77,5,2011-09-05 11:52:00,96,High-Value Occasional
12503,Spain,1126.0,1,561,1126.0,1,2010-05-04 13:59:00,584,Dormant / Inactive
12504,Germany,779.05,4,458,194.76,4,2011-11-21 16:02:00,18,Steady Repeat
12505,Italy,955.2,1,324,955.2,1,2010-10-27 09:18:00,409,Dormant / Inactive
12506,France,73.5,1,23,73.5,1,2011-04-21 08:54:00,233,Dormant / Inactive
12507,Spain,1844.06,4,1256,461.02,4,2011-07-28 17:09:00,134,Steady Repeat
12508,France,397.88,2,271,198.94,2,2011-11-13 15:37:00,26,Occasional Active
12509,France,176.5,1,55,176.5,1,2011-02-28 14:45:00,284,Dormant / Inactive
12510,Spain,5178.02,9,2049,575.34,9,2011-07-20 10:15:00,143,High-Value Frequent
12511,Greece,3084.02,1,1753,3084.02,1,2010-10-07 10:39:00,429,High-Value Lapsed
12512,Israel,132.18,2,96,66.09,2,2011-10-04 14:55:00,66,Occasional Active
12513,France,612.29,1,462,612.29,1,2011-08-19 10:51:00,113,Occasional Active
12514,Italy,1597.76,2,840,798.88,2,2011-03-17 16:38:00,267,Dormant / Inactive
12515,Italy,383.7,1,131,383.7,1,2010-12-21 15:43:00,353,Dormant / Inactive
12516,Germany,2648.62,4,1952,662.16,4,2011-09-23 09:13:00,78,High-Value Occasional
12517,Germany,2481.6,5,1361,496.32,5,2011-11-11 14:04:00,28,High-Value Occasional
12518,Germany,2056.89,5,1318,411.38,5,2011-12-09 10:13:00,1,Steady Repeat
12519,Germany,716.54,2,387,358.27,2,2011-10-07 09:26:00,64,Occasional Active
12520,Germany,2634.26,5,1439,526.85,5,2011-09-21 15:23:00,79,High-Value Occasional
12521,Germany,599.68,1,309,599.68,1,2011-07-20 10:51:00,143,Occasional Active
12522,Germany,192.72,2,194,96.36,2,2011-10-31 15:30:00,39,Occasional Active
12523,France,4352.35,23,2263,189.23,23,2011-11-20 12:55:00,19,High-Value Frequent
12524,Germany,11126.11,17,7178,654.48,17,2011-11-30 15:31:00,9,High-Value Frequent
12525,France,973.73,3,509,324.58,3,2010-07-29 16:08:00,498,Dormant / Inactive
12526,Germany,1316.66,3,632,438.89,3,2011-12-09 12:09:00,1,Steady Repeat
12527,Germany,735.51,5,526,147.1,5,2011-09-19 11:55:00,82,Steady Repeat
12528,Germany,1933.48,6,756,322.25,6,2011-11-30 14:40:00,9,Steady Repeat
12529,France,316.48,1,192,316.48,1,2010-06-29 13:10:00,528,Dormant / Inactive
12530,Germany,3759.26,9,2713,417.7,9,2011-10-11 12:34:00,60,High-Value Frequent
12531,Germany,1933.2,2,1119,966.6,2,2011-11-25 11:12:00,15,Occasional Active
12532,France,349.83,1,153,349.83,1,2011-11-09 13:47:00,30,Occasional Active
12533,Germany,1367.89,2,704,683.94,2,2010-03-22 10:56:00,628,Dormant / Inactive
12534,Germany,1089.18,1,651,1089.18,1,2011-08-01 10:26:00,131,Occasional Active
12535,France,716.35,2,219,358.18,2,2011-09-09 08:48:00,92,Occasional Active
12536,France,12601.83,3,2803,4200.61,3,2011-10-27 14:20:00,43,High-Value Occasional
12537,Sweden,732.94,1,449,732.94,1,2010-10-27 08:36:00,409,Dormant / Inactive
12538,Spain,640.45,2,336,320.23,2,2011-11-10 17:16:00,29,Occasional Active
12539,Spain,11214.75,7,4535,1602.11,7,2011-11-17 13:30:00,22,High-Value Frequent
12540,Spain,22254.49,33,11019,674.38,33,2011-11-20 11:31:00,20,High-Value Frequent
12541,Spain,981.18,3,680,327.06,3,2011-11-10 10:40:00,30,Steady Repeat
12542,Spain,481.88,2,522,240.94,2,2010-08-12 19:12:00,484,Dormant / Inactive
12543,Spain,980.25,1,688,980.25,1,2010-09-17 15:51:00,448,Dormant / Inactive
12544,Spain,372.7,1,136,372.7,1,2011-11-03 16:15:00,36,Occasional Active
12545,Spain,1000.39,2,523,500.2,2,2011-09-25 13:39:00,75,Occasional Active
12546,Spain,1161.5,2,633,580.75,2,2011-10-24 12:09:00,47,Occasional Active
12547,Spain,383.58,3,309,127.86,3,2011-05-26 12:38:00,198,Dormant / Inactive
12548,Spain,95.2,1,49,95.2,1,2011-06-26 15:35:00,166,Occasional Active
12549,USA,1575.68,6,1366,262.61,6,2010-05-13 12:05:00,576,Dormant / Inactive
12550,Spain,964.83,1,569,964.83,1,2011-09-21 14:35:00,79,Occasional Active
12551,Spain,168.0,1,100,168.0,1,2010-12-17 11:23:00,358,Dormant / Inactive
12552,Italy,437.82,2,88,218.91,2,2011-11-01 10:02:00,39,Occasional Active
12553,France,4608.75,12,2325,384.06,12,2011-12-01 16:38:00,8,High-Value Frequent
12554,Spain,468.5,1,240,468.5,1,2010-09-17 12:29:00,449,Dormant / Inactive
12555,Spain,129.23,1,1,129.23,1,2010-01-26 16:26:00,682,Dormant / Inactive
12556,Spain,599.56,2,355,299.78,2,2011-10-20 13:06:00,50,Occasional Active
12557,Spain,18096.14,8,6382,2262.02,8,2011-11-23 16:59:00,16,High-Value Frequent
12558,USA,269.96,1,196,269.96,1,2011-12-02 10:41:00,8,Occasional Active
12559,Germany,561.71,2,283,280.86,2,2011-02-02 09:49:00,311,Dormant / Inactive
12560,Germany,2134.01,3,1110,711.34,3,2011-12-04 13:54:00,5,Steady Repeat
12561,Germany,238.85,1,177,238.85,1,2011-02-10 11:39:00,303,Dormant / Inactive
12562,France,4966.92,9,2327,551.88,9,2011-12-01 17:20:00,8,High-Value Frequent
12563,Italy,249.24,1,113,249.24,1,2010-10-27 09:52:00,409,Dormant / Inactive
12564,France,456.9,1,133,456.9,1,2011-03-23 14:55:00,261,Dormant / Inactive
12565,Saudi Arabia,145.92,1,80,145.92,1,2011-02-24 10:34:00,289,Dormant / Inactive
12566,Germany,351.65,1,265,351.65,1,2011-09-14 14:30:00,86,Occasional Active
12567,France,11767.48,15,5308,784.5,15,2011-11-17 11:02:00,23,High-Value Frequent
12568,Germany,70.0,1,48,70.0,1,2010-03-05 09:15:00,645,Dormant / Inactive
12569,Germany,4124.69,32,1801,128.9,32,2011-12-07 16:24:00,2,High-Value Frequent
12570,Spain,77.52,1,1,77.52,1,2010-01-26 17:28:00,682,Dormant / Inactive
12571,France,519.61,2,523,259.8,2,2011-10-31 10:19:00,40,Occasional Active
12572,Germany,1020.42,2,452,510.21,2,2011-12-01 09:20:00,9,Occasional Active
12573,France,717.41,5,479,143.48,5,2011-04-26 15:52:00,227,Dormant / Inactive
12574,France,218.45,1,61,218.45,1,2011-01-28 09:20:00,316,Dormant / Inactive
12575,France,622.82,2,315,311.41,2,2010-09-08 13:09:00,457,Dormant / Inactive
12576,Poland,2142.72,8,1494,267.84,8,2011-11-04 10:11:00,36,Steady Repeat
12577,France,1617.1,8,1191,202.14,8,2011-11-04 13:24:00,35,Steady Repeat
12578,Italy,4642.45,4,2380,1160.61,4,2011-11-18 13:30:00,21,High-Value Occasional
12579,France,440.42,1,285,440.42,1,2011-09-22 17:15:00,78,Occasional Active
12580,Germany,1052.9,2,569,526.45,2,2011-04-07 10:24:00,247,Dormant / Inactive
12581,Germany,197.71,1,161,197.71,1,2011-10-31 08:56:00,40,Occasional Active
12582,Finland,1980.4,4,985,495.1,4,2011-04-15 08:45:00,239,Dormant / Inactive
12583,France,13591.58,27,8535,503.39,27,2011-12-07 08:07:00,3,High-Value Frequent
12584,Italy,2338.15,9,416,259.79,9,2011-12-06 09:35:00,4,High-Value Frequent
12585,Germany,2040.1,2,1279,1020.05,2,2011-04-19 13:39:00,234,Dormant / Inactive
12586,Italy,2062.67,4,687,515.67,4,2011-11-22 16:24:00,17,Steady Repeat
12587,Finland,144.0,1,51,144.0,1,2011-12-02 12:47:00,8,Occasional Active
12588,Finland,958.78,4,438,239.7,4,2011-10-31 15:01:00,39,Steady Repeat
12589,France,4695.66,8,1764,586.96,8,2011-11-11 10:19:00,29,High-Value Frequent
12590,Germany,9864.26,2,4283,4932.13,2,2011-05-12 14:52:00,211,High-Value Lapsed
12591,Italy,1338.95,3,653,446.32,3,2011-01-26 14:35:00,317,Dormant / Inactive
12592,Germany,2582.66,5,1875,516.53,5,2011-09-08 15:04:00,92,High-Value Occasional
12593,France,418.1,3,206,139.37,3,2011-08-23 12:43:00,109,Steady Repeat
12594,Italy,5090.11,15,2768,339.34,15,2011-11-02 12:20:00,38,High-Value Frequent
12595,Germany,299.02,1,271,299.02,1,2010-07-23 09:10:00,505,Dormant / Inactive
12596,Spain,618.27,2,474,309.14,2,2011-10-19 13:02:00,51,Occasional Active
12597,Spain,3811.22,4,2236,952.8,4,2011-11-20 13:33:00,19,High-Value Occasional
12598,France,4534.09,11,2906,412.19,11,2011-11-30 12:18:00,10,High-Value Frequent
12599,France,2296.72,13,2189,176.67,13,2011-11-10 13:34:00,29,High-Value Frequent
12600,Germany,4967.42,21,1383,236.54,21,2011-11-11 10:29:00,29,High-Value Frequent
12601,Germany,681.26,6,290,113.54,6,2011-06-03 10:17:00,190,Dormant / Inactive
12602,France,153.12,1,162,153.12,1,2011-10-12 11:22:00,59,Occasional Active
12603,Germany,739.2,1,63,739.2,1,2011-11-18 10:42:00,22,Occasional Active
12604,France,254.18,2,201,127.09,2,2011-09-21 14:08:00,79,Occasional Active
12605,Germany,1232.95,4,929,308.24,4,2010-11-28 14:18:00,376,Dormant / Inactive
12606,Spain,21.0,1,1,21.0,1,2010-01-26 16:23:00,682,Dormant / Inactive
12607,USA,1579.51,1,1228,1579.51,1,2011-10-10 16:06:00,60,Occasional Active
12608,United Kingdom,415.79,1,323,415.79,1,2010-10-31 10:49:00,405,Dormant / Inactive
12609,Germany,3435.86,9,1553,381.76,9,2011-09-22 16:34:00,78,High-Value Frequent
12610,Italy,2099.54,5,1049,419.91,5,2011-11-17 09:34:00,23,Steady Repeat
12611,Italy,1193.32,1,846,1193.32,1,2011-10-18 13:12:00,52,Occasional Active
12612,Germany,704.04,1,262,704.04,1,2011-09-26 15:35:00,74,Occasional Active
12613,Germany,6817.37,10,4157,681.74,10,2011-10-13 14:59:00,57,High-Value Frequent
12614,Germany,315.6,1,76,315.6,1,2011-03-07 10:22:00,278,Dormant / Inactive
12615,France,5740.98,8,3317,717.62,8,2011-12-07 15:02:00,2,High-Value Frequent
12616,France,1131.1,3,498,377.03,3,2011-09-05 15:17:00,95,Steady Repeat
12617,France,352.98,1,210,352.98,1,2011-11-10 14:39:00,29,Occasional Active
12618,Italy,177.31,1,96,177.31,1,2011-11-18 11:10:00,22,Occasional Active
12619,Germany,3781.38,10,3518,378.14,10,2011-11-23 14:52:00,16,High-Value Frequent
12620,France,1339.41,3,1181,446.47,3,2011-11-25 10:20:00,15,Steady Repeat
12621,Germany,24311.2,35,13706,694.61,35,2011-12-08 11:25:00,2,High-Value Frequent
12622,Germany,180.1,1,69,180.1,1,2011-04-21 16:39:00,232,Dormant / Inactive
12623,Germany,3747.84,7,1971,535.41,7,2011-03-08 13:50:00,276,High-Value Lapsed
12624,France,641.13,2,355,320.56,2,2011-08-25 15:04:00,106,Occasional Active
12625,Germany,5164.88,4,3309,1291.22,4,2011-05-12 09:54:00,212,High-Value Lapsed
12626,Germany,6620.48,9,3453,735.61,9,2011-11-16 16:06:00,23,High-Value Frequent
12627,Germany,4478.53,7,2752,639.79,7,2011-11-29 12:07:00,11,High-Value Frequent
12628,Germany,786.46,3,448,262.15,3,2011-12-05 13:15:00,4,Steady Repeat
12629,Sweden,1558.22,2,722,779.11,2,2010-11-19 09:18:00,386,Dormant / Inactive
12630,Finland,1270.88,2,548,635.44,2,2011-11-30 10:48:00,10,Occasional Active
12631,Finland,3481.57,6,1607,580.26,6,2011-10-13 13:53:00,57,High-Value Frequent
12632,Germany,804.88,2,694,402.44,2,2010-07-07 09:39:00,521,Dormant / Inactive
12633,Germany,5678.16,7,3238,811.17,7,2011-10-12 11:40:00,59,High-Value Frequent
12634,USA,490.0,2,337,245.0,2,2010-06-22 10:05:00,536,Dormant / Inactive
12635,Germany,2930.41,4,1949,732.6,4,2011-09-11 11:04:00,90,High-Value Occasional
12636,USA,141.0,1,1,141.0,1,2009-12-01 09:55:00,739,Dormant / Inactive
12637,France,8283.81,12,4257,690.32,12,2011-10-03 13:46:00,67,High-Value Frequent
12638,Sweden,921.49,2,663,460.74,2,2011-11-06 13:11:00,33,Occasional Active
12639,Sweden,1312.37,3,631,437.46,3,2011-04-15 12:48:00,239,Dormant / Inactive
12640,France,1174.58,3,311,391.53,3,2011-11-16 11:52:00,24,Steady Repeat
12641,Sweden,185.9,1,72,185.9,1,2011-08-16 13:26:00,115,Occasional Active
12642,Germany,1013.26,3,552,337.75,3,2011-11-14 15:03:00,25,Steady Repeat
12643,France,8304.82,12,4665,692.07,12,2011-08-03 12:56:00,128,High-Value Frequent
12644,Germany,1918.49,4,1032,479.62,4,2011-08-02 10:33:00,130,Steady Repeat
12645,Germany,3539.3,8,2125,442.41,8,2011-11-06 12:38:00,34,High-Value Frequent
12646,USA,1346.97,2,897,673.48,2,2011-12-05 10:14:00,5,Occasional Active
12647,Germany,16955.55,36,6633,470.99,36,2011-11-17 12:56:00,22,High-Value Frequent
12648,Germany,1112.0,4,518,278.0,4,2011-07-08 11:55:00,155,Steady Repeat
12649,Germany,2294.65,8,1959,286.83,8,2011-08-24 14:41:00,107,High-Value Frequent
12650,France,314.44,1,254,314.44,1,2011-12-06 16:34:00,3,Occasional Active
12651,France,377.75,4,265,94.44,4,2011-01-09 12:46:00,335,Dormant / Inactive
12652,France,1017.03,2,536,508.52,2,2011-01-12 15:00:00,331,Dormant / Inactive
12653,Israel,4160.83,3,1681,1386.94,3,2011-07-14 10:41:00,149,High-Value Occasional
12654,Germany,601.98,5,264,120.4,5,2011-11-29 10:10:00,11,Steady Repeat
12655,France,261.35,1,80,261.35,1,2010-10-12 09:17:00,424,Dormant / Inactive
12656,France,6407.83,8,2860,800.98,8,2011-11-22 13:42:00,17,High-Value Frequent
12657,France,1643.18,4,1044,410.8,4,2011-11-28 15:47:00,11,Steady Repeat
12658,Germany,686.05,1,320,686.05,1,2011-11-21 10:22:00,19,Occasional Active
12659,France,91.68,1,105,91.68,1,2011-11-10 11:53:00,30,Occasional Active
12660,France,245.1,1,127,245.1,1,2011-11-28 13:26:00,11,Occasional Active
12661,Sweden,162.0,1,216,162.0,1,2010-09-29 16:46:00,436,Dormant / Inactive
12662,Germany,6726.54,20,3424,336.33,20,2011-12-09 11:59:00,1,High-Value Frequent
12663,Germany,239.4,2,181,119.7,2,2010-03-25 09:40:00,625,Dormant / Inactive
12664,Finland,6070.04,11,1495,551.82,11,2011-12-01 17:07:00,8,High-Value Frequent
12665,Germany,313.6,3,165,104.53,3,2011-01-19 08:34:00,325,Dormant / Inactive
12666,Israel,1248.42,1,370,1248.42,1,2010-11-10 16:40:00,394,Dormant / Inactive
12667,Finland,620.13,1,395,620.13,1,2011-10-12 17:00:00,58,Occasional Active
12668,Germany,11383.03,10,5049,1138.3,10,2011-11-28 10:56:00,12,High-Value Frequent
12669,France,2744.03,3,1115,914.68,3,2011-07-12 09:54:00,151,High-Value Occasional
12670,France,3760.29,7,1627,537.18,7,2011-11-29 15:23:00,10,High-Value Frequent
12671,Germany,2622.48,1,1460,2622.48,1,2010-04-12 16:30:00,606,High-Value Lapsed
12672,France,437.05,2,138,218.52,2,2011-01-14 09:20:00,330,Dormant / Inactive
12673,Germany,1230.02,3,700,410.01,3,2011-12-04 13:55:00,5,Steady Repeat
12674,France,1970.6,4,1133,492.65,4,2011-11-01 12:12:00,39,Steady Repeat
12675,Italy,957.25,2,336,478.62,2,2010-06-04 09:49:00,554,Dormant / Inactive
12676,Sweden,2843.09,11,1867,258.46,11,2011-11-15 12:25:00,25,High-Value Frequent
12677,France,395.1,2,176,197.55,2,2010-06-02 14:30:00,555,Dormant / Inactive
12678,France,34281.18,21,22372,1632.44,21,2011-10-28 13:04:00,42,High-Value Frequent
12679,France,1113.02,4,554,278.26,4,2011-10-12 12:30:00,59,Steady Repeat
12680,France,880.81,4,444,220.2,4,2011-12-09 12:50:00,1,Steady Repeat
12681,France,29834.76,45,17011,662.99,45,2011-11-25 11:33:00,15,High-Value Frequent
12682,France,22950.22,52,10522,441.35,52,2011-12-06 10:00:00,4,High-Value Frequent
12683,France,11633.7,21,7019,553.99,21,2011-12-05 16:31:00,4,High-Value Frequent
12684,France,2283.63,7,1985,326.23,7,2011-12-02 09:53:00,8,High-Value Frequent
12685,France,2863.08,6,1523,477.18,6,2011-11-11 13:46:00,28,High-Value Frequent
12686,France,89.14,1,107,89.14,1,2010-12-03 09:51:00,372,Dormant / Inactive
12687,Sweden,2138.91,2,1403,1069.46,2,2010-08-16 12:12:00,481,Dormant / Inactive
12688,Israel,4873.81,1,3028,4873.81,1,2011-08-18 08:49:00,114,High-Value Occasional
12689,France,1247.61,2,628,623.8,2,2011-11-14 08:31:00,26,Occasional Active
12690,France,389.01,1,106,389.01,1,2011-05-18 09:09:00,206,Dormant / Inactive
12691,France,1170.4,7,445,167.2,7,2011-11-11 16:49:00,28,Steady Repeat
12692,France,110.95,1,36,110.95,1,2010-03-12 14:02:00,637,Dormant / Inactive
12693,Germany,1703.02,7,536,243.29,7,2011-08-04 17:51:00,127,Steady Repeat
12694,France,1843.35,3,1355,614.45,3,2011-09-30 13:06:00,70,Steady Repeat
12695,France,1407.12,7,454,201.02,7,2011-12-02 13:22:00,7,Steady Repeat
12696,Finland,851.91,2,564,425.96,2,2010-10-01 10:43:00,435,Dormant / Inactive
12697,Sweden,957.59,3,508,319.2,3,2011-11-11 08:47:00,29,Steady Repeat
12698,Germany,339.75,1,111,339.75,1,2010-04-28 15:51:00,590,Dormant / Inactive
12699,Germany,638.11,1,373,638.11,1,2010-10-18 12:07:00,418,Dormant / Inactive
12700,France,4939.99,4,2967,1235.0,4,2011-12-02 10:47:00,8,High-Value Occasional
12701,Germany,2446.41,6,1727,407.73,6,2011-09-21 10:47:00,80,High-Value Frequent
12702,Germany,219.0,1,53,219.0,1,2011-11-20 10:36:00,20,Occasional Active
12703,Germany,1006.53,4,595,251.63,4,2011-09-29 17:52:00,71,Steady Repeat
12704,Finland,2340.84,8,1006,292.6,8,2011-12-02 13:15:00,7,High-Value Frequent
12705,Germany,11762.1,14,7188,840.15,14,2011-11-24 13:17:00,15,High-Value Frequent
12707,France,603.42,1,256,603.42,1,2011-02-21 08:38:00,292,Dormant / Inactive
12708,Germany,5117.66,18,2432,284.31,18,2011-11-10 09:52:00,30,High-Value Frequent
12709,Germany,30291.76,34,13772,890.93,34,2011-11-24 15:38:00,15,High-Value Frequent
12710,Germany,1149.02,3,851,383.01,3,2011-09-04 12:00:00,97,Steady Repeat
12711,Germany,1339.05,2,770,669.52,2,2010-04-07 11:59:00,612,Dormant / Inactive
12712,Germany,6723.03,21,2205,320.14,21,2011-11-11 08:19:00,29,High-Value Frequent
12713,Germany,848.55,1,508,848.55,1,2011-12-09 12:16:00,1,Occasional Active
12714,France,14093.71,12,8774,1174.48,12,2011-11-30 15:43:00,9,High-Value Frequent
12715,Sweden,343.36,1,192,343.36,1,2011-08-25 15:22:00,106,Occasional Active
12716,France,1053.49,2,708,526.74,2,2011-12-06 08:55:00,4,Occasional Active
12717,Greece,1308.91,3,600,436.3,3,2011-07-11 14:47:00,151,Steady Repeat
12718,France,238.25,1,203,238.25,1,2011-09-29 16:38:00,71,Occasional Active
12719,France,644.95,2,374,322.48,2,2011-12-04 13:45:00,5,Occasional Active
12720,Germany,7787.28,30,6018,259.58,30,2011-12-07 08:03:00,3,High-Value Frequent
12721,France,4013.08,8,2655,501.64,8,2011-11-08 12:13:00,32,High-Value Frequent
12722,France,997.63,4,566,249.41,4,2011-09-15 14:50:00,85,Steady Repeat
12723,France,725.07,5,434,145.01,5,2011-12-06 10:19:00,4,Steady Repeat
12724,France,2317.52,7,1379,331.07,7,2011-12-04 16:02:00,5,High-Value Frequent
12725,Italy,2266.76,4,1142,566.69,4,2010-12-03 15:45:00,371,High-Value Lapsed
12726,France,4014.6,11,4618,364.96,11,2011-11-11 13:35:00,28,High-Value Frequent
12727,France,5679.53,10,2832,567.95,10,2011-11-29 11:46:00,11,High-Value Frequent
12728,France,1070.17,5,543,214.03,5,2011-09-29 15:31:00,71,Steady Repeat
12729,France,453.01,1,233,453.01,1,2011-08-18 11:40:00,114,Occasional Active
12730,Germany,829.25,1,234,829.25,1,2010-07-06 12:19:00,522,Dormant / Inactive
12731,France,25775.71,17,11641,1516.22,17,2011-11-16 11:59:00,24,High-Value Frequent
12732,France,236.26,1,111,236.26,1,2011-06-13 11:33:00,180,Occasional Active
12733,USA,2424.87,4,896,606.22,4,2011-04-19 16:19:00,234,High-Value Lapsed
12734,France,639.65,3,265,213.22,3,2010-12-22 12:47:00,353,Dormant / Inactive
12735,France,779.57,2,368,389.78,2,2011-01-28 13:37:00,315,Dormant / Inactive
12736,France,234.0,1,173,234.0,1,2011-01-11 07:57:00,333,Dormant / Inactive
12737,France,3710.5,2,2,1855.25,2,2010-07-29 12:29:00,499,High-Value Lapsed
12738,Germany,155.35,1,148,155.35,1,2010-12-02 18:27:00,372,Dormant / Inactive
12739,United Arab Emirates,2726.73,4,951,681.68,4,2011-09-22 13:00:00,78,High-Value Occasional
12740,France,427.6,1,342,427.6,1,2011-10-07 10:44:00,64,Occasional Active
12741,USA,406.07,2,214,203.04,2,2010-06-28 14:36:00,529,Dormant / Inactive
12742,United Arab Emirates,1201.52,1,1359,1201.52,1,2010-03-24 12:43:00,626,Dormant / Inactive
12743,Unspecified,540.13,2,315,270.06,2,2011-07-28 16:21:00,134,Occasional Active
12744,Singapore,25317.06,11,6994,2301.55,11,2011-10-19 11:18:00,52,High-Value Frequent
12745,United Kingdom,925.41,3,468,308.47,3,2010-08-10 10:14:00,487,Dormant / Inactive
12746,United Kingdom,254.55,1,97,254.55,1,2010-06-17 10:41:00,541,Dormant / Inactive
12747,United Kingdom,8898.48,26,2640,342.25,26,2011-12-07 14:34:00,2,High-Value Frequent
12748,United Kingdom,53539.64,336,37109,159.34,336,2011-12-09 12:20:00,1,High-Value Frequent
12749,United Kingdom,6897.36,9,2360,766.37,9,2011-12-06 09:56:00,4,High-Value Frequent
12750,Poland,275.88,1,137,275.88,1,2011-08-03 09:13:00,129,Occasional Active
12751,Brazil,268.27,1,189,268.27,1,2010-09-21 12:49:00,445,Dormant / Inactive
12752,Norway,4366.78,1,2262,4366.78,1,2011-09-19 13:32:00,81,High-Value Occasional
12753,Japan,21429.39,6,11421,3571.56,6,2011-11-17 10:52:00,23,High-Value Frequent
12754,Japan,3010.74,3,6481,1003.58,3,2011-04-18 09:00:00,236,High-Value Lapsed
12755,Japan,5236.26,11,2293,476.02,11,2011-03-04 12:42:00,281,High-Value Lapsed
12756,Japan,112.08,1,144,112.08,1,2011-09-14 09:31:00,87,Occasional Active
12757,Portugal,7834.65,13,2395,602.67,13,2011-11-24 12:30:00,16,High-Value Frequent
12758,Portugal,9903.24,7,6155,1414.75,7,2011-08-15 10:22:00,117,High-Value Frequent
12759,Netherlands,5020.74,8,3202,627.59,8,2011-10-18 14:49:00,52,High-Value Frequent
12760,Netherlands,347.8,1,198,347.8,1,2010-09-10 08:50:00,456,Dormant / Inactive
12761,Netherlands,782.95,2,281,391.48,2,2010-09-08 12:17:00,458,Dormant / Inactive
12762,Portugal,1898.52,2,1227,949.26,2,2011-12-02 10:23:00,8,Occasional Active
12763,Japan,494.08,2,316,247.04,2,2011-07-24 14:12:00,138,Occasional Active
12764,Lebanon,1693.88,1,386,1693.88,1,2011-01-27 10:19:00,317,Dormant / Inactive
12765,Netherlands,1404.58,6,1009,234.1,6,2010-08-24 13:51:00,472,Dormant / Inactive
12766,Portugal,8918.99,9,5022,991.0,9,2011-12-06 08:46:00,4,High-Value Frequent
12767,Korea,949.82,1,598,949.82,1,2010-11-29 09:38:00,376,Dormant / Inactive
12768,Korea,168.69,1,102,168.69,1,2010-09-15 12:08:00,451,Dormant / Inactive
12769,Brazil,1143.6,1,356,1143.6,1,2011-04-15 10:25:00,239,Dormant / Inactive
12770,Japan,3246.45,2,1843,1623.22,2,2011-05-13 09:33:00,211,High-Value Lapsed
12771,Portugal,282.3,1,104,282.3,1,2010-08-11 11:51:00,486,Dormant / Inactive
12772,Portugal,892.47,1,556,892.47,1,2011-10-11 09:19:00,60,Occasional Active
12773,Portugal,124.25,1,109,124.25,1,2010-05-24 17:30:00,564,Dormant / Inactive
12774,Netherlands,98.7,1,53,98.7,1,2010-06-22 10:38:00,536,Dormant / Inactive
12775,Netherlands,1686.12,7,1083,240.87,7,2011-11-22 16:33:00,17,Steady Repeat
12776,Portugal,55.5,1,46,55.5,1,2010-02-10 12:11:00,668,Dormant / Inactive
12777,United Kingdom,519.45,1,458,519.45,1,2010-09-08 11:35:00,458,Dormant / Inactive
12778,Netherlands,1775.68,9,1735,197.3,9,2011-11-20 11:30:00,20,Steady Repeat
12779,Poland,6474.11,14,3501,462.44,14,2011-11-02 11:43:00,38,High-Value Frequent
12780,Netherlands,337.4,1,285,337.4,1,2010-04-20 09:40:00,599,Dormant / Inactive
12781,Czech Republic,826.74,2,671,413.37,2,2011-10-07 10:37:00,64,Occasional Active
12782,Portugal,4618.24,11,2017,419.84,11,2011-12-05 09:16:00,5,High-Value Frequent
12783,Portugal,2225.91,6,624,370.98,6,2011-12-07 15:56:00,2,Steady Repeat
12784,Portugal,1763.15,3,862,587.72,3,2011-11-30 15:38:00,9,Steady Repeat
12785,Portugal,1100.4,3,453,366.8,3,2010-12-10 13:48:00,364,Dormant / Inactive
12786,Netherlands,728.5,1,324,728.5,1,2010-04-09 12:12:00,610,Dormant / Inactive
12787,Netherlands,862.18,4,510,215.54,4,2011-11-30 08:44:00,10,Steady Repeat
12788,Netherlands,444.9,4,194,111.22,4,2010-09-02 14:21:00,463,Dormant / Inactive
12789,Netherlands,273.35,3,36,91.12,3,2011-10-05 13:34:00,65,Steady Repeat
12790,Netherlands,591.85,2,306,295.92,2,2011-05-31 14:14:00,192,Dormant / Inactive
12791,Netherlands,863.51,6,353,143.92,6,2010-12-01 11:27:00,374,Dormant / Inactive
12792,Portugal,827.01,2,394,413.5,2,2011-03-28 11:36:00,257,Dormant / Inactive
12793,Portugal,885.53,3,461,295.18,3,2011-01-09 12:12:00,335,Dormant / Inactive
12794,Portugal,860.41,2,592,430.2,2,2011-10-17 14:54:00,53,Occasional Active
12795,Portugal,430.48,1,68,430.48,1,2011-11-21 10:27:00,19,Occasional Active
12796,Netherlands,381.0,1,182,381.0,1,2010-03-21 15:49:00,628,Dormant / Inactive
12797,Portugal,552.08,2,215,276.04,2,2010-12-09 10:55:00,366,Dormant / Inactive
12798,Japan,8510.93,4,8455,2127.73,4,2011-11-29 15:52:00,10,High-Value Occasional
12799,Japan,219.35,1,137,219.35,1,2010-06-28 15:57:00,529,Dormant / Inactive
12800,Portugal,584.25,3,284,194.75,3,2010-08-26 14:11:00,470,Dormant / Inactive
12801,Sweden,1071.82,1,505,1071.82,1,2010-07-27 09:38:00,501,Dormant / Inactive
12802,Netherlands,2416.42,7,1972,345.2,7,2011-06-06 09:36:00,187,High-Value Lapsed
12803,Netherlands,1092.81,1,872,1092.81,1,2010-11-11 14:57:00,393,Dormant / Inactive
12804,Netherlands,325.37,2,270,162.68,2,2010-08-31 11:58:00,466,Dormant / Inactive
12805,Netherlands,1434.95,4,593,358.74,4,2010-11-23 12:27:00,382,Dormant / Inactive
12806,Netherlands,2878.96,4,2087,719.74,4,2010-09-30 13:34:00,435,High-Value Lapsed
12807,Sweden,330.35,1,145,330.35,1,2010-11-21 14:21:00,383,Dormant / Inactive
12808,Portugal,776.7,5,322,155.34,5,2011-11-03 10:05:00,37,Steady Repeat
12809,Portugal,1755.94,3,518,585.31,3,2011-06-15 10:51:00,178,Steady Repeat
12810,Japan,534.99,2,389,267.5,2,2010-06-23 10:53:00,535,Dormant / Inactive
12811,Portugal,1033.9,5,435,206.78,5,2011-03-24 09:42:00,261,Dormant / Inactive
12812,Japan,229.64,1,164,229.64,1,2011-10-26 09:54:00,45,Occasional Active
12813,Netherlands,1687.8,3,1141,562.6,3,2010-07-26 09:50:00,502,Dormant / Inactive
12814,Poland,125.92,1,49,125.92,1,2011-08-30 12:11:00,102,Occasional Active
12815,Poland,1063.46,2,379,531.73,2,2011-07-15 10:21:00,148,Occasional Active
12816,Poland,572.2,2,128,286.1,2,2011-09-05 12:41:00,96,Occasional Active
12817,Austria,690.98,3,219,230.33,3,2011-03-03 16:28:00,281,Dormant / Inactive
12818,Austria,1542.08,1,929,1542.08,1,2011-03-23 12:06:00,262,Dormant / Inactive
12819,United Kingdom,540.52,1,344,540.52,1,2010-09-07 15:20:00,458,Dormant / Inactive
12820,United Kingdom,2689.52,11,1964,244.5,11,2011-12-06 15:12:00,3,High-Value Frequent
12821,United Kingdom,220.8,2,162,110.4,2,2011-05-09 15:51:00,214,Dormant / Inactive
12822,United Kingdom,948.88,2,550,474.44,2,2011-09-30 10:04:00,71,Occasional Active
12823,United Kingdom,6501.5,18,930,361.19,18,2011-09-26 07:35:00,75,High-Value Frequent
12824,United Kingdom,397.12,1,232,397.12,1,2011-10-11 12:49:00,60,Occasional Active
12825,United Kingdom,518.63,2,139,259.32,2,2010-07-06 13:56:00,521,Dormant / Inactive
12826,United Kingdom,2800.75,12,1915,233.4,12,2011-12-07 10:25:00,3,High-Value Frequent
12827,United Kingdom,430.15,3,197,143.38,3,2011-12-04 12:17:00,6,Steady Repeat
12828,United Kingdom,1018.71,6,494,169.78,6,2011-12-07 08:45:00,3,Steady Repeat
12829,United Kingdom,385.3,3,550,128.43,3,2011-01-07 11:13:00,337,Dormant / Inactive
12830,United Kingdom,6814.64,6,9848,1135.77,6,2011-11-02 11:54:00,38,High-Value Frequent
12831,United Kingdom,451.11,3,303,150.37,3,2011-03-22 13:02:00,262,Dormant / Inactive
12832,United Kingdom,383.03,2,195,191.52,2,2011-11-07 13:30:00,32,Occasional Active
12833,United Kingdom,417.38,1,156,417.38,1,2011-07-17 13:46:00,145,Occasional Active
12834,United Kingdom,312.38,1,110,312.38,1,2011-03-02 09:49:00,283,Dormant / Inactive
12835,United Kingdom,5996.83,41,2349,146.26,41,2010-10-08 10:59:00,428,High-Value Lapsed
12836,United Kingdom,6559.73,15,2231,437.32,15,2011-10-11 15:10:00,59,High-Value Frequent
12837,United Kingdom,662.66,2,194,331.33,2,2011-06-19 16:07:00,173,Occasional Active
12838,United Kingdom,2975.91,10,1606,297.59,10,2011-11-06 12:20:00,34,High-Value Frequent
12839,United Kingdom,9669.12,26,6578,371.89,26,2011-12-07 12:33:00,3,High-Value Frequent
12840,United Kingdom,4041.97,7,2258,577.42,7,2011-07-19 09:29:00,144,High-Value Frequent
12841,United Kingdom,6958.2,40,5008,173.96,40,2011-12-05 11:13:00,5,High-Value Frequent
12842,United Kingdom,1917.99,4,887,479.5,4,2011-09-30 15:33:00,70,Steady Repeat
12843,United Kingdom,6583.36,30,3028,219.45,30,2011-10-05 12:09:00,66,High-Value Frequent
12844,United Kingdom,648.6,4,223,162.15,4,2011-11-10 13:31:00,29,Steady Repeat
12845,United Kingdom,354.09,4,204,88.52,4,2011-03-17 13:34:00,267,Dormant / Inactive
12846,United Kingdom,15.58,1,1,15.58,1,2010-01-26 16:29:00,682,Dormant / Inactive
12847,United Kingdom,1609.0,2,1497,804.5,2,2011-11-17 13:16:00,22,Occasional Active
12848,United Kingdom,208.0,1,58,208.0,1,2010-02-02 12:45:00,676,Dormant / Inactive
12849,United Kingdom,3042.47,6,1855,507.08,6,2011-11-08 13:41:00,31,High-Value Frequent
12850,United Kingdom,330.0,1,200,330.0,1,2010-09-20 12:26:00,446,Dormant / Inactive
12851,United Kingdom,280.76,2,157,140.38,2,2011-09-04 12:41:00,97,Occasional Active
12852,United Kingdom,311.55,1,149,311.55,1,2011-02-18 08:47:00,295,Dormant / Inactive
12853,United Kingdom,3907.5,11,1668,355.23,11,2011-07-28 11:29:00,135,High-Value Frequent
12854,United Kingdom,2970.97,7,1630,424.42,7,2011-09-22 12:15:00,79,High-Value Frequent
12855,United Kingdom,612.84,4,240,153.21,4,2010-12-02 09:37:00,373,Dormant / Inactive
12856,United Kingdom,2170.78,6,1076,361.8,6,2011-12-02 10:52:00,8,Steady Repeat
12857,United Kingdom,3688.0,6,1420,614.67,6,2011-05-13 10:20:00,211,High-Value Lapsed
12858,United Kingdom,147.27,1,51,147.27,1,2010-11-21 12:55:00,383,Dormant / Inactive
12859,United Kingdom,575.1,1,292,575.1,1,2010-09-07 12:20:00,459,Dormant / Inactive
12860,United Kingdom,54.22,1,26,54.22,1,2010-01-15 15:22:00,693,Dormant / Inactive
12861,United Kingdom,68.25,1,27,68.25,1,2010-03-30 11:39:00,620,Dormant / Inactive
12862,United Kingdom,984.62,2,611,492.31,2,2010-10-10 11:47:00,426,Dormant / Inactive
12863,United Kingdom,2792.55,6,895,465.42,6,2011-10-18 14:15:00,52,High-Value Frequent
12864,United Kingdom,299.57,2,447,149.78,2,2011-07-24 13:03:00,138,Occasional Active
12865,Austria,3323.47,4,1973,830.87,4,2011-11-13 14:31:00,26,High-Value Occasional
12866,Belgium,1227.35,3,553,409.12,3,2011-03-01 14:11:00,283,Dormant / Inactive
12867,United Kingdom,7829.26,13,7876,602.25,13,2011-11-13 15:30:00,26,High-Value Frequent
12868,United Kingdom,2043.76,8,1170,255.47,8,2011-06-07 10:42:00,186,Dormant / Inactive
12869,United Kingdom,337.67,1,144,337.67,1,2010-01-27 12:10:00,682,Dormant / Inactive
12870,United Kingdom,1676.95,3,906,558.98,3,2010-11-29 13:42:00,375,Dormant / Inactive
12871,United Kingdom,744.02,3,484,248.01,3,2011-09-16 15:07:00,84,Steady Repeat
12872,United Kingdom,3283.96,12,1642,273.66,12,2011-01-17 10:52:00,327,High-Value Lapsed
12873,United Kingdom,2027.3,3,786,675.77,3,2011-03-02 14:58:00,282,Dormant / Inactive
12874,Belgium,948.42,2,623,474.21,2,2010-11-19 15:23:00,385,Dormant / Inactive
12875,United Kingdom,1356.99,5,5187,271.4,5,2011-07-19 15:30:00,143,Steady Repeat
12876,Belgium,4081.79,4,3047,1020.45,4,2011-10-13 12:26:00,58,High-Value Occasional
12877,United Kingdom,2942.14,20,2237,147.11,20,2011-12-06 10:30:00,4,High-Value Frequent
12878,United Kingdom,854.99,2,547,427.5,2,2011-04-17 13:07:00,236,Dormant / Inactive
12879,United Kingdom,573.22,3,370,191.07,3,2011-10-26 12:24:00,45,Steady Repeat
12880,United Kingdom,640.13,2,279,320.06,2,2010-11-23 10:50:00,382,Dormant / Inactive
12881,United Kingdom,298.0,1,21,298.0,1,2011-03-09 11:44:00,276,Dormant / Inactive
12882,United Kingdom,1463.04,2,246,731.52,2,2011-11-30 16:18:00,9,Occasional Active
12883,United Kingdom,703.47,4,196,175.87,4,2011-11-15 09:32:00,25,Steady Repeat
12884,United Kingdom,309.05,1,43,309.05,1,2011-09-12 13:10:00,88,Occasional Active
12885,United Kingdom,1175.22,3,655,391.74,3,2011-10-07 13:40:00,63,Steady Repeat
12886,United Kingdom,1378.4,2,770,689.2,2,2011-10-03 10:09:00,68,Occasional Active
12887,United Kingdom,222.4,1,100,222.4,1,2010-11-21 11:18:00,384,Dormant / Inactive
12888,United Kingdom,354.12,2,76,177.06,2,2011-05-09 16:02:00,214,Dormant / Inactive
12889,United Kingdom,385.46,4,124,96.36,4,2010-11-23 16:08:00,381,Dormant / Inactive
12890,United Kingdom,706.02,2,457,353.01,2,2011-11-15 17:26:00,24,Occasional Active
12891,United Kingdom,840.5,11,2325,76.41,11,2011-06-07 12:31:00,186,Dormant / Inactive
12892,United Kingdom,263.38,1,140,263.38,1,2010-11-08 09:51:00,397,Dormant / Inactive
12893,United Kingdom,176.55,1,90,176.55,1,2011-11-09 12:34:00,31,Occasional Active
12894,United Kingdom,157.35,1,33,157.35,1,2010-05-13 14:47:00,575,Dormant / Inactive
12895,United Kingdom,372.8,2,210,186.4,2,2011-10-28 13:51:00,42,Occasional Active
12897,United Kingdom,514.25,4,249,128.56,4,2011-05-19 12:13:00,205,Dormant / Inactive
12898,United Kingdom,296.21,2,235,148.1,2,2010-09-02 08:08:00,464,Dormant / Inactive
12899,United Kingdom,366.4,1,108,366.4,1,2010-10-22 09:53:00,414,Dormant / Inactive
12900,United Kingdom,340.33,1,139,340.33,1,2010-10-13 15:17:00,422,Dormant / Inactive
12901,United Kingdom,17654.54,28,23075,630.52,28,2011-12-01 10:07:00,9,High-Value Frequent
12902,United Kingdom,138.68,1,66,138.68,1,2011-03-20 12:06:00,265,Dormant / Inactive
12903,United Kingdom,833.53,1,493,833.53,1,2010-10-07 12:39:00,429,Dormant / Inactive
12904,United Kingdom,496.06,2,294,248.03,2,2011-11-21 14:34:00,18,Occasional Active
12905,United Kingdom,1018.42,2,532,509.21,2,2010-05-12 10:05:00,577,Dormant / Inactive
12906,United Kingdom,2919.81,5,1749,583.96,5,2011-11-28 09:55:00,12,High-Value Occasional
12907,United Kingdom,508.91,2,177,254.46,2,2010-11-09 12:08:00,396,Dormant / Inactive
12908,United Kingdom,1776.0,5,3000,355.2,5,2011-06-16 15:39:00,176,Steady Repeat
12909,United Kingdom,3103.19,8,1948,387.9,8,2011-10-31 12:43:00,40,High-Value Frequent
12910,United Kingdom,5796.52,13,3632,445.89,13,2011-11-16 14:28:00,23,High-Value Frequent
12911,United Kingdom,1651.72,1,807,1651.72,1,2010-06-06 12:13:00,552,Dormant / Inactive
12912,United Kingdom,1662.3,5,670,332.46,5,2011-12-07 08:55:00,3,Steady Repeat
12913,United Kingdom,6283.24,13,3086,483.33,13,2011-12-05 12:11:00,5,High-Value Frequent
12914,United Kingdom,223.98,1,336,223.98,1,2010-11-04 12:28:00,401,Dormant / Inactive
12915,United Kingdom,975.1,4,411,243.78,4,2011-07-14 11:34:00,149,Steady Repeat
12916,United Kingdom,4479.73,7,1681,639.96,7,2011-07-24 10:35:00,139,High-Value Frequent
12917,United Kingdom,4359.2,6,1104,726.53,6,2011-08-03 16:42:00,128,High-Value Frequent
12918,United Kingdom,10953.5,1,1,10953.5,1,2010-03-23 15:22:00,626,High-Value Lapsed
12919,United Kingdom,1335.19,6,673,222.53,6,2011-12-01 13:47:00,8,Steady Repeat
12920,United Kingdom,486.64,4,420,121.66,4,2011-11-22 15:05:00,17,Steady Repeat
12921,United Kingdom,35233.24,74,21328,476.12,74,2011-11-30 16:22:00,9,High-Value Frequent
12922,United Kingdom,405.38,1,370,405.38,1,2011-07-01 15:35:00,161,Occasional Active
12923,United Kingdom,770.42,3,230,256.81,3,2011-10-06 16:20:00,64,Steady Repeat
12924,United Kingdom,2469.4,12,1423,205.78,12,2011-09-12 13:55:00,88,High-Value Frequent
12925,United Kingdom,729.33,3,649,243.11,3,2011-12-05 11:11:00,5,Steady Repeat
12926,United Kingdom,1523.97,4,754,380.99,4,2010-10-24 15:57:00,411,Dormant / Inactive
12927,United Kingdom,197.31,1,145,197.31,1,2010-11-10 10:02:00,395,Dormant / Inactive
12928,United Kingdom,4304.89,12,2899,358.74,12,2011-11-04 14:24:00,35,High-Value Frequent
12929,United Kingdom,117.85,1,37,117.85,1,2011-02-01 12:08:00,312,Dormant / Inactive
12930,United Kingdom,415.8,2,252,207.9,2,2011-09-22 15:18:00,78,Occasional Active
12931,United Kingdom,92347.34,57,62906,1620.13,57,2011-11-18 12:39:00,22,High-Value Frequent
12932,United Kingdom,1698.56,8,1609,212.32,8,2010-06-18 14:22:00,539,Dormant / Inactive
12933,United Kingdom,1636.63,8,949,204.58,8,2011-11-15 16:38:00,24,Steady Repeat
12934,United Kingdom,181.65,1,31,181.65,1,2009-12-03 10:51:00,737,Dormant / Inactive
12935,United Kingdom,4243.86,15,3201,282.92,15,2011-12-07 17:25:00,2,High-Value Frequent
12936,United Kingdom,1063.9,4,559,265.98,4,2011-11-22 17:32:00,17,Steady Repeat
12937,United Kingdom,3097.61,9,1983,344.18,9,2011-11-24 15:05:00,15,High-Value Frequent
12938,United Kingdom,114.14,1,140,114.14,1,2011-11-14 11:21:00,26,Occasional Active
12939,United Kingdom,25264.8,20,10328,1263.24,20,2011-10-06 14:33:00,64,High-Value Frequent
12940,United Kingdom,899.69,2,404,449.84,2,2011-10-16 12:09:00,55,Occasional Active
12941,United Kingdom,377.49,1,381,377.49,1,2009-12-15 13:12:00,724,Dormant / Inactive
12942,United Kingdom,675.6,3,198,225.2,3,2011-07-31 14:39:00,131,Steady Repeat
12943,United Kingdom,496.5,2,222,248.25,2,2010-05-30 13:52:00,558,Dormant / Inactive
12944,United Kingdom,604.51,2,289,302.26,2,2011-11-04 11:04:00,36,Occasional Active
12945,United Kingdom,900.11,2,446,450.06,2,2011-02-24 14:15:00,288,Dormant / Inactive
12946,United Kingdom,324.45,1,149,324.45,1,2010-09-29 10:14:00,437,Dormant / Inactive
12947,United Kingdom,1603.99,6,1165,267.33,6,2011-07-19 10:06:00,144,Steady Repeat
12948,United Kingdom,2317.43,9,1304,257.49,9,2011-11-23 17:10:00,16,High-Value Frequent
12949,United Kingdom,15526.7,22,8233,705.76,22,2011-11-09 11:25:00,31,High-Value Frequent
12950,United Kingdom,1843.0,3,1380,614.33,3,2011-12-07 13:17:00,2,Steady Repeat
12951,United Kingdom,3213.72,15,1662,214.25,15,2011-12-01 12:14:00,9,High-Value Frequent
12952,United Kingdom,1387.79,4,653,346.95,4,2011-12-04 10:35:00,6,Steady Repeat
12953,United Kingdom,828.81,2,364,414.4,2,2011-11-30 09:24:00,10,Occasional Active
12954,United Kingdom,162.45,1,83,162.45,1,2010-03-11 10:16:00,639,Dormant / Inactive
12955,United Kingdom,4757.16,11,3664,432.47,11,2011-12-08 16:29:00,1,High-Value Frequent
12956,United Kingdom,521.89,4,340,130.47,4,2011-02-06 16:08:00,306,Dormant / Inactive
12957,United Kingdom,8706.97,13,4686,669.77,13,2011-11-30 09:53:00,10,High-Value Frequent
12958,United Kingdom,467.34,2,118,233.67,2,2010-11-04 16:16:00,400,Dormant / Inactive
12959,United Kingdom,150.95,1,109,150.95,1,2010-08-12 17:20:00,484,Dormant / Inactive
12960,United Kingdom,1322.07,4,1379,330.52,4,2010-10-22 09:31:00,414,Dormant / Inactive
12961,United Kingdom,211.99,1,180,211.99,1,2010-11-25 16:44:00,379,Dormant / Inactive
12962,United Kingdom,266.39,2,129,133.2,2,2011-12-02 15:55:00,7,Occasional Active
12963,United Kingdom,3235.79,12,1637,269.65,12,2011-12-01 12:55:00,8,High-Value Frequent
12964,United Kingdom,132.24,1,56,132.24,1,2010-09-28 17:47:00,437,Dormant / Inactive
12965,United Kingdom,769.81,1,282,769.81,1,2011-09-11 15:31:00,89,Occasional Active
12966,United Kingdom,160.18,1,75,160.18,1,2011-11-30 12:38:00,10,Occasional Active
12967,United Kingdom,2938.52,3,912,979.51,3,2010-12-16 19:10:00,358,High-Value Lapsed
12968,United Kingdom,135.95,1,73,135.95,1,2011-08-19 15:44:00,112,Occasional Active
12969,United Kingdom,122.45,1,55,122.45,1,2010-04-16 10:50:00,603,Dormant / Inactive
12970,United Kingdom,1453.6,10,954,145.36,10,2011-12-02 14:30:00,7,Steady Repeat
12971,United Kingdom,15704.6,116,14306,135.38,116,2011-12-06 12:20:00,4,High-Value Frequent
12972,United Kingdom,1161.2,4,844,290.3,4,2010-10-22 08:41:00,414,Dormant / Inactive
12973,United Kingdom,385.55,1,31,385.55,1,2010-10-22 10:14:00,414,Dormant / Inactive
12974,United Kingdom,408.95,2,104,204.48,2,2011-05-26 09:33:00,198,Dormant / Inactive
12975,United Kingdom,2100.09,6,911,350.02,6,2010-09-29 09:46:00,437,Dormant / Inactive
12976,United Kingdom,3156.38,8,2684,394.55,8,2011-05-12 09:55:00,212,High-Value Lapsed
12977,United Kingdom,513.88,4,128,128.47,4,2011-07-06 16:40:00,156,Steady Repeat
12978,United Kingdom,2502.82,5,1394,500.56,5,2010-11-19 14:29:00,385,High-Value Lapsed
12979,United Arab Emirates,517.7,1,520,517.7,1,2009-12-10 15:45:00,729,Dormant / Inactive
12980,United Kingdom,16245.78,21,1910,773.61,21,2011-07-05 09:34:00,158,High-Value Frequent
12981,United Kingdom,372.22,2,242,186.11,2,2011-11-10 12:00:00,30,Occasional Active
12982,United Kingdom,2744.81,8,1729,343.1,8,2011-04-11 11:51:00,243,High-Value Lapsed
12983,United Kingdom,490.08,1,638,490.08,1,2010-04-20 12:58:00,598,Dormant / Inactive
12984,United Kingdom,97.5,1,26,97.5,1,2011-11-21 12:37:00,19,Occasional Active
12985,United Kingdom,1239.38,2,1533,619.69,2,2011-12-09 10:46:00,1,Occasional Active
12986,United Kingdom,2729.84,10,1164,272.98,10,2010-10-07 11:57:00,429,High-Value Lapsed
12987,United Kingdom,1312.21,5,585,262.44,5,2011-09-27 12:03:00,74,Steady Repeat
12988,United Kingdom,505.82,1,126,505.82,1,2011-02-20 14:31:00,292,Dormant / Inactive
12989,United Kingdom,13551.75,33,6935,410.66,33,2011-12-06 15:28:00,3,High-Value Frequent
12990,United Kingdom,955.5,7,480,136.5,7,2011-11-08 13:01:00,31,Steady Repeat
12991,United Kingdom,764.82,3,483,254.94,3,2011-11-16 15:34:00,23,Steady Repeat
12992,United Kingdom,93.35,1,21,93.35,1,2009-12-14 16:46:00,725,Dormant / Inactive
12993,United Kingdom,1259.63,8,751,157.45,8,2011-11-16 15:49:00,23,Steady Repeat
12994,United Kingdom,974.42,3,459,324.81,3,2011-12-05 15:43:00,4,Steady Repeat
12995,United Kingdom,211.32,1,108,211.32,1,2011-09-15 15:44:00,85,Occasional Active
12996,United Kingdom,355.5,1,122,355.5,1,2010-11-29 09:27:00,376,Dormant / Inactive
12997,United Kingdom,2110.91,8,1186,263.86,8,2011-11-17 15:47:00,22,Steady Repeat
12998,United Kingdom,920.08,3,1124,306.69,3,2010-08-04 08:05:00,493,Dormant / Inactive
12999,United Kingdom,455.88,3,342,151.96,3,2011-05-27 13:24:00,196,Dormant / Inactive
13000,United Kingdom,1032.5,4,548,258.12,4,2011-08-25 10:43:00,107,Steady Repeat
13001,United Kingdom,24042.65,33,13448,728.57,33,2011-12-05 14:51:00,4,High-Value Frequent
13002,United Kingdom,414.13,3,201,138.04,3,2011-01-25 15:18:00,318,Dormant / Inactive
13003,United Kingdom,149.05,3,103,49.68,3,2011-08-26 10:50:00,106,Steady Repeat
13004,United Kingdom,11650.85,36,8768,323.63,36,2011-11-28 11:27:00,12,High-Value Frequent
13005,United Kingdom,999.68,4,462,249.92,4,2011-06-19 10:53:00,174,Steady Repeat
13006,United Kingdom,81.57,1,55,81.57,1,2011-10-14 13:49:00,56,Occasional Active
13007,United Kingdom,175.25,1,59,175.25,1,2010-05-09 10:38:00,580,Dormant / Inactive
13008,United Kingdom,612.13,3,379,204.04,3,2011-01-20 14:24:00,323,Dormant / Inactive
13009,United Kingdom,234.0,1,120,234.0,1,2010-02-05 12:22:00,673,Dormant / Inactive
13010,United Kingdom,330.12,2,323,165.06,2,2010-11-30 15:09:00,374,Dormant / Inactive
13011,United Kingdom,50.55,1,13,50.55,1,2010-12-02 17:22:00,372,Dormant / Inactive
13012,United Kingdom,2957.83,11,1559,268.89,11,2011-11-30 13:05:00,9,High-Value Frequent
13013,United Kingdom,11097.43,29,5661,382.67,29,2011-12-08 15:01:00,1,High-Value Frequent
13014,United Kingdom,5381.08,11,1979,489.19,11,2011-11-29 12:27:00,11,High-Value Frequent
13015,United Kingdom,6579.78,11,3527,598.16,11,2011-10-17 13:19:00,53,High-Value Frequent
13016,United Kingdom,789.89,3,527,263.3,3,2011-09-27 14:08:00,73,Steady Repeat
13017,United Kingdom,204.0,1,48,204.0,1,2011-12-02 15:53:00,7,Occasional Active
13018,United Kingdom,9763.16,35,6746,278.95,35,2011-11-23 13:28:00,16,High-Value Frequent
13019,United Kingdom,1229.95,6,397,204.99,6,2010-11-25 14:56:00,379,Dormant / Inactive
13020,United Kingdom,618.96,2,278,309.48,2,2010-05-26 11:12:00,563,Dormant / Inactive
13021,United Kingdom,4887.24,17,2546,287.48,17,2011-12-05 16:37:00,4,High-Value Frequent
13022,Belgium,65.3,1,35,65.3,1,2010-10-06 10:50:00,430,Dormant / Inactive
13023,United Kingdom,1449.03,3,585,483.01,3,2011-10-06 16:27:00,64,Steady Repeat
13024,United Kingdom,555.87,2,181,277.94,2,2010-08-26 09:42:00,471,Dormant / Inactive
13025,United Kingdom,323.39,1,241,323.39,1,2009-12-08 10:02:00,732,Dormant / Inactive
13026,United Kingdom,1733.08,9,2466,192.56,9,2011-12-08 16:58:00,1,Steady Repeat
13027,United Kingdom,17239.2,19,42840,907.33,19,2011-08-18 09:39:00,114,High-Value Frequent
13028,United Kingdom,661.32,2,798,330.66,2,2011-11-17 11:10:00,23,Occasional Active
13029,United Kingdom,1927.3,5,194,385.46,5,2011-11-09 09:13:00,31,Steady Repeat
13030,United Kingdom,752.44,2,348,376.22,2,2011-11-28 14:30:00,11,Occasional Active
13031,United Kingdom,3292.84,5,2309,658.57,5,2010-10-28 15:34:00,407,High-Value Lapsed
13032,United Kingdom,2815.96,9,1274,312.88,9,2011-10-18 15:54:00,52,High-Value Frequent
13033,United Kingdom,220.55,2,98,110.28,2,2010-12-17 14:23:00,357,Dormant / Inactive
13034,United Kingdom,756.82,3,406,252.27,3,2011-10-16 12:21:00,55,Steady Repeat
13035,United Kingdom,1364.2,3,926,454.73,3,2011-09-27 08:57:00,74,Steady Repeat
13036,United Kingdom,307.1,1,38,307.1,1,2010-01-24 11:35:00,685,Dormant / Inactive
13037,United Kingdom,3914.95,12,2130,326.25,12,2011-07-24 15:46:00,138,High-Value Frequent
13038,United Kingdom,908.46,3,360,302.82,3,2011-09-20 14:37:00,80,Steady Repeat
13039,United Kingdom,1010.73,4,290,252.68,4,2010-05-04 16:45:00,584,Dormant / Inactive
13040,United Kingdom,676.99,2,355,338.5,2,2011-12-01 10:38:00,9,Occasional Active
13041,United Kingdom,799.13,4,335,199.78,4,2010-09-15 11:44:00,451,Dormant / Inactive
13042,United Kingdom,1488.59,3,812,496.2,3,2010-04-20 13:43:00,598,Dormant / Inactive
13043,United Kingdom,516.42,1,254,516.42,1,2011-03-11 14:52:00,273,Dormant / Inactive
13044,United Kingdom,4848.05,11,2548,440.73,11,2011-02-21 15:20:00,291,High-Value Lapsed
13045,United Kingdom,808.92,3,405,269.64,3,2011-09-01 15:04:00,99,Steady Repeat
13046,United Kingdom,949.25,3,505,316.42,3,2011-11-09 08:36:00,31,Steady Repeat
13047,United Kingdom,8428.53,24,3328,351.19,24,2011-11-08 12:06:00,32,High-Value Frequent
13048,United Kingdom,4049.13,9,2661,449.9,9,2011-11-25 13:23:00,14,High-Value Frequent
13049,United Kingdom,1408.24,4,620,352.06,4,2011-10-06 15:31:00,64,Steady Repeat
13050,United Kingdom,11986.52,35,7015,342.47,35,2011-11-25 09:18:00,15,High-Value Frequent
13051,United Kingdom,155.8,2,72,77.9,2,2010-05-10 09:14:00,579,Dormant / Inactive
13052,United Kingdom,3119.33,7,1424,445.62,7,2011-05-11 14:12:00,212,High-Value Lapsed
13053,United Kingdom,127.65,1,47,127.65,1,2010-03-28 11:28:00,622,Dormant / Inactive
13055,United Kingdom,2321.11,4,1821,580.28,4,2011-09-22 14:26:00,78,High-Value Occasional
13056,United Kingdom,209.48,1,158,209.48,1,2010-06-06 14:10:00,551,Dormant / Inactive
13057,United Kingdom,709.59,3,456,236.53,3,2010-06-27 15:44:00,530,Dormant / Inactive
13058,United Kingdom,271.4,3,52,90.47,3,2011-11-15 12:43:00,25,Steady Repeat
13059,United Kingdom,2291.77,10,860,229.18,10,2011-04-04 10:40:00,250,High-Value Lapsed
13060,United Kingdom,307.53,1,123,307.53,1,2011-03-31 11:37:00,254,Dormant / Inactive
13061,United Kingdom,248.61,1,107,248.61,1,2011-09-28 16:04:00,72,Occasional Active
13062,United Kingdom,346.98,1,343,346.98,1,2011-06-01 15:12:00,191,Dormant / Inactive
13063,United Kingdom,188.4,1,116,188.4,1,2010-08-16 12:27:00,481,Dormant / Inactive
13064,United Kingdom,1666.84,6,668,277.81,6,2011-11-27 12:31:00,13,Steady Repeat
13065,United Kingdom,1055.05,5,381,211.01,5,2010-12-01 16:52:00,373,Dormant / Inactive
13066,United Kingdom,470.8,2,322,235.4,2,2011-11-15 12:57:00,24,Occasional Active
13067,United Kingdom,508.51,3,131,169.5,3,2011-09-18 13:38:00,82,Steady Repeat
13068,United Kingdom,344.0,2,200,172.0,2,2011-11-29 15:00:00,10,Occasional Active
13069,United Kingdom,9284.45,38,15171,244.33,38,2011-12-09 08:39:00,1,High-Value Frequent
13070,United Kingdom,751.7,4,372,187.92,4,2011-05-31 13:45:00,192,Dormant / Inactive
13071,United Kingdom,129.22,1,30,129.22,1,2010-04-06 13:37:00,612,Dormant / Inactive
13072,United Kingdom,177.15,1,69,177.15,1,2011-03-18 08:12:00,267,Dormant / Inactive
13073,United Kingdom,418.08,2,261,209.04,2,2010-10-24 14:06:00,411,Dormant / Inactive
13074,United Kingdom,1378.74,4,826,344.68,4,2010-07-16 16:53:00,511,Dormant / Inactive
13075,United Kingdom,919.61,1,485,919.61,1,2011-08-02 10:19:00,130,Occasional Active
13076,United Kingdom,135.4,1,44,135.4,1,2010-09-08 10:27:00,458,Dormant / Inactive
13077,United Kingdom,2740.65,11,2468,249.15,11,2011-12-08 19:24:00,1,High-Value Frequent
13078,United Kingdom,29018.06,57,12032,509.09,57,2011-12-06 15:36:00,3,High-Value Frequent
13079,United Kingdom,419.18,6,158,69.86,6,2011-12-05 16:53:00,4,Steady Repeat
13080,United Kingdom,280.73,4,193,70.18,4,2011-06-13 14:59:00,179,Steady Repeat
13081,United Kingdom,56838.37,28,40077,2029.94,28,2011-11-28 10:54:00,12,High-Value Frequent
13082,United Kingdom,7335.75,21,8466,349.32,21,2011-08-05 16:16:00,126,High-Value Frequent
13083,United Kingdom,395.43,3,307,131.81,3,2011-12-05 15:01:00,4,Steady Repeat
13084,United Kingdom,122.4,1,144,122.4,1,2010-08-05 08:49:00,492,Dormant / Inactive
13085,United Kingdom,2433.28,8,944,304.16,8,2011-07-05 12:11:00,158,High-Value Frequent
13086,United Kingdom,439.33,1,155,439.33,1,2010-11-22 10:28:00,383,Dormant / Inactive
13087,United Kingdom,313.64,1,86,313.64,1,2009-12-13 15:16:00,726,Dormant / Inactive
13088,United Kingdom,236.11,1,76,236.11,1,2010-10-18 15:35:00,417,Dormant / Inactive
13089,United Kingdom,113416.91,203,58932,558.7,203,2011-12-07 09:02:00,3,High-Value Frequent
13090,United Kingdom,13091.74,24,3247,545.49,24,2011-12-01 12:39:00,9,High-Value Frequent
13091,United Kingdom,2321.82,3,1339,773.94,3,2011-11-11 15:54:00,28,High-Value Occasional
13092,United Kingdom,2140.28,12,664,178.36,12,2011-09-30 11:18:00,71,Steady Repeat
13093,United Kingdom,54144.25,55,25971,984.44,55,2011-03-09 12:14:00,276,High-Value Lapsed
13094,United Kingdom,2209.44,13,1896,169.96,13,2011-11-18 14:07:00,21,Steady Repeat
13095,United Kingdom,74.4,1,144,74.4,1,2011-09-30 12:03:00,71,Occasional Active
13096,United Kingdom,419.7,1,6,419.7,1,2010-11-10 14:08:00,394,Dormant / Inactive
13097,United Kingdom,13324.1,28,5345,475.86,28,2011-11-07 10:43:00,33,High-Value Frequent
13098,United Kingdom,28882.44,28,15968,1031.52,28,2011-12-08 14:14:00,1,High-Value Frequent
13099,United Kingdom,207.36,1,288,207.36,1,2011-09-01 17:40:00,99,Occasional Active
13101,United Kingdom,695.4,4,478,173.85,4,2011-04-19 14:37:00,234,Dormant / Inactive
13102,United Kingdom,11380.1,37,6366,307.57,37,2011-12-08 12:52:00,1,High-Value Frequent
13103,United Kingdom,709.64,3,426,236.55,3,2011-10-31 09:38:00,40,Steady Repeat
13104,United Kingdom,1709.1,9,834,189.9,9,2011-12-06 13:10:00,3,Steady Repeat
13105,United Kingdom,72.0,1,100,72.0,1,2010-09-29 13:41:00,436,Dormant / Inactive
13106,United Kingdom,603.46,2,231,301.73,2,2011-07-29 15:12:00,133,Occasional Active
13107,United Kingdom,5253.07,9,4316,583.67,9,2011-10-26 14:52:00,44,High-Value Frequent
13108,United Kingdom,748.46,2,745,374.23,2,2010-12-02 10:35:00,373,Dormant / Inactive
13109,United Kingdom,1134.03,3,757,378.01,3,2011-10-11 10:16:00,60,Steady Repeat
13110,United Kingdom,2957.47,12,763,246.46,12,2011-11-08 14:30:00,31,High-Value Frequent
13111,United Kingdom,321.88,1,180,321.88,1,2009-12-21 09:00:00,719,Dormant / Inactive
13112,United Kingdom,20.6,1,11,20.6,1,2010-06-16 17:03:00,541,Dormant / Inactive
13113,United Kingdom,18230.07,37,4435,492.7,37,2011-12-09 12:49:00,1,High-Value Frequent
13114,United Kingdom,234.38,1,74,234.38,1,2009-12-09 09:56:00,731,Dormant / Inactive
13115,United Kingdom,5494.7,10,3934,549.47,10,2011-11-28 12:38:00,12,High-Value Frequent
13116,United Kingdom,501.14,1,291,501.14,1,2011-07-24 14:33:00,138,Occasional Active
13117,United Kingdom,2255.66,18,1852,125.31,18,2011-11-18 12:02:00,22,High-Value Frequent
13118,United Kingdom,2415.41,9,834,268.38,9,2011-11-20 12:46:00,20,High-Value Frequent
13119,United Kingdom,134.9,1,110,134.9,1,2010-02-09 08:38:00,669,Dormant / Inactive
13120,United Kingdom,30.6,1,12,30.6,1,2011-04-15 10:19:00,239,Dormant / Inactive
13121,United Kingdom,283.73,1,252,283.73,1,2011-03-15 16:47:00,269,Dormant / Inactive
13122,United Kingdom,922.39,2,585,461.2,2,2011-09-06 15:53:00,94,Occasional Active
13123,United Kingdom,506.75,2,268,253.38,2,2010-08-24 10:18:00,473,Dormant / Inactive
13124,United Kingdom,4641.66,4,2738,1160.42,4,2011-09-11 12:45:00,90,High-Value Occasional
13125,United Kingdom,148.62,1,53,148.62,1,2010-07-04 11:58:00,524,Dormant / Inactive
13126,United Kingdom,3774.81,13,3289,290.37,13,2011-12-05 10:00:00,5,High-Value Frequent
13127,United Kingdom,259.17,1,127,259.17,1,2011-09-23 10:26:00,78,Occasional Active
13128,United Kingdom,263.5,1,31,263.5,1,2010-03-18 15:08:00,631,Dormant / Inactive
13129,United Kingdom,233.25,2,296,116.62,2,2010-09-13 13:47:00,452,Dormant / Inactive
13130,United Kingdom,64.0,1,32,64.0,1,2011-09-06 15:30:00,94,Occasional Active
13131,United Kingdom,3313.77,7,1523,473.4,7,2011-11-16 13:21:00,23,High-Value Frequent
13132,United Kingdom,77.3,1,20,77.3,1,2011-03-23 12:44:00,262,Dormant / Inactive
13133,United Kingdom,200.45,3,55,66.82,3,2011-03-11 10:31:00,274,Dormant / Inactive
13134,United Kingdom,2475.23,6,1364,412.54,6,2011-09-15 10:35:00,86,High-Value Frequent
13135,United Kingdom,3371.45,2,4423,1685.72,2,2011-05-27 10:52:00,197,High-Value Lapsed
13136,United Kingdom,6274.56,13,3109,482.66,13,2011-10-14 13:41:00,56,High-Value Frequent
13137,United Kingdom,7586.94,16,4238,474.18,16,2011-11-29 12:09:00,11,High-Value Frequent
13138,United Kingdom,1274.01,7,593,182.0,7,2011-11-17 16:51:00,22,Steady Repeat
13139,United Kingdom,8202.98,8,4614,1025.37,8,2011-11-23 13:54:00,16,High-Value Frequent
13140,United Kingdom,1054.92,5,572,210.98,5,2011-08-23 15:33:00,108,Steady Repeat
13141,United Kingdom,7656.08,17,5159,450.36,17,2011-09-16 09:54:00,85,High-Value Frequent
13142,United Kingdom,307.09,1,258,307.09,1,2011-11-20 16:07:00,19,Occasional Active
13143,United Kingdom,405.1,1,198,405.1,1,2010-05-04 12:22:00,585,Dormant / Inactive
13144,United Kingdom,135.35,2,29,67.68,2,2011-01-11 11:15:00,333,Dormant / Inactive
13145,United Kingdom,1128.52,7,265,161.22,7,2011-10-31 12:45:00,40,Steady Repeat
13146,United Kingdom,228.91,1,154,228.91,1,2011-11-13 15:29:00,26,Occasional Active
13147,United Kingdom,712.8,4,144,178.2,4,2011-11-29 13:59:00,10,Steady Repeat
13148,United Kingdom,8497.82,26,4487,326.84,26,2011-11-10 15:23:00,29,High-Value Frequent
13149,United Kingdom,1676.06,4,1280,419.02,4,2011-11-25 13:09:00,14,Steady Repeat
13150,United Kingdom,449.97,3,171,149.99,3,2010-08-12 12:59:00,484,Dormant / Inactive
13151,United Kingdom,2465.21,3,813,821.74,3,2011-02-17 12:29:00,296,High-Value Lapsed
13152,United Kingdom,2146.38,7,977,306.63,7,2010-10-18 13:44:00,417,Dormant / Inactive
13153,United Kingdom,486.22,1,418,486.22,1,2011-12-04 12:14:00,6,Occasional Active
13154,United Kingdom,1624.84,3,976,541.61,3,2010-11-05 16:00:00,399,Dormant / Inactive
13155,United Kingdom,1370.48,6,741,228.41,6,2011-11-06 15:41:00,33,Steady Repeat
13156,United Kingdom,1586.54,3,914,528.85,3,2010-11-19 13:09:00,385,Dormant / Inactive
13157,United Kingdom,5687.36,9,4762,631.93,9,2011-10-21 13:50:00,49,High-Value Frequent
13158,United Kingdom,1508.18,5,992,301.64,5,2011-09-06 11:58:00,95,Steady Repeat
13159,United Kingdom,1429.35,4,1058,357.34,4,2011-12-01 11:20:00,9,Steady Repeat
13160,United Kingdom,91.8,1,56,91.8,1,2011-11-17 13:07:00,22,Occasional Active
13161,United Kingdom,472.13,2,105,236.06,2,2011-01-30 14:03:00,313,Dormant / Inactive
13162,United Kingdom,9275.49,16,5755,579.72,16,2011-08-09 15:59:00,122,High-Value Frequent
13163,United Kingdom,17.65,1,3,17.65,1,2010-04-08 16:21:00,610,Dormant / Inactive
13164,United Kingdom,372.2,2,120,186.1,2,2010-05-19 13:52:00,569,Dormant / Inactive
13165,United Kingdom,1451.16,3,1736,483.72,3,2011-10-24 15:05:00,46,Steady Repeat
13166,United Kingdom,875.93,2,522,437.96,2,2011-03-01 15:16:00,283,Dormant / Inactive
13167,United Kingdom,1125.15,5,1007,225.03,5,2011-11-21 12:24:00,19,Steady Repeat
13168,United Kingdom,1840.73,5,898,368.15,5,2011-11-03 12:56:00,36,Steady Repeat
13169,United Kingdom,840.08,3,296,280.03,3,2011-10-07 12:11:00,64,Steady Repeat
13170,United Kingdom,108.81,1,141,108.81,1,2011-11-13 12:19:00,27,Occasional Active
13171,United Kingdom,468.41,3,229,156.14,3,2011-11-18 10:27:00,22,Steady Repeat
13172,United Kingdom,69.6,1,48,69.6,1,2010-11-04 15:10:00,400,Dormant / Inactive
13173,United Kingdom,2399.82,11,1481,218.17,11,2011-12-05 15:51:00,4,High-Value Frequent
13174,United Kingdom,7995.36,12,3794,666.28,12,2011-11-23 14:35:00,16,High-Value Frequent
13175,United Kingdom,831.45,2,423,415.72,2,2010-05-06 13:13:00,582,Dormant / Inactive
13176,United Kingdom,481.49,1,448,481.49,1,2011-10-24 15:43:00,46,Occasional Active
13177,United Kingdom,512.2,2,180,256.1,2,2011-10-06 09:56:00,65,Occasional Active
13178,United Kingdom,14059.19,21,8778,669.49,21,2011-11-13 16:14:00,26,High-Value Frequent
13179,United Kingdom,572.31,1,368,572.31,1,2010-03-31 11:40:00,619,Dormant / Inactive
13180,United Kingdom,86.1,1,42,86.1,1,2010-04-11 13:37:00,607,Dormant / Inactive
13181,United Kingdom,359.69,1,171,359.69,1,2010-11-23 15:05:00,381,Dormant / Inactive
13182,United Kingdom,121.18,1,201,121.18,1,2011-10-25 13:46:00,45,Occasional Active
13183,United Kingdom,7036.18,15,4027,469.08,15,2011-12-02 10:30:00,8,High-Value Frequent
13184,United Kingdom,1668.95,10,1662,166.9,10,2011-11-25 12:02:00,15,Steady Repeat
13185,United Kingdom,71.4,1,12,71.4,1,2011-03-17 11:56:00,268,Dormant / Inactive
13186,United Kingdom,1575.89,3,820,525.3,3,2011-10-31 11:40:00,40,Steady Repeat
13187,United Kingdom,341.36,4,296,85.34,4,2011-01-06 18:57:00,337,Dormant / Inactive
13188,United Kingdom,114.6,1,25,114.6,1,2011-11-28 15:28:00,11,Occasional Active
13189,United Kingdom,260.68,2,842,130.34,2,2011-11-21 10:39:00,19,Occasional Active
13190,United Kingdom,570.66,3,308,190.22,3,2010-06-13 15:47:00,544,Dormant / Inactive
13191,United Kingdom,164.69,1,115,164.69,1,2010-02-19 17:02:00,658,Dormant / Inactive
13192,United Kingdom,2558.58,6,1629,426.43,6,2011-09-05 14:13:00,95,High-Value Frequent
13193,United Kingdom,112.08,1,46,112.08,1,2011-10-09 14:30:00,61,Occasional Active
13194,United Kingdom,472.78,2,326,236.39,2,2011-07-27 09:01:00,136,Occasional Active
13195,United Kingdom,136.73,1,70,136.73,1,2010-10-21 13:07:00,414,Dormant / Inactive
13196,United Kingdom,3068.84,7,2006,438.41,7,2011-11-28 13:54:00,11,High-Value Frequent
13197,United Kingdom,373.01,1,204,373.01,1,2010-04-09 09:14:00,610,Dormant / Inactive
13198,United Kingdom,4974.23,8,3449,621.78,8,2011-11-29 15:17:00,10,High-Value Frequent
13199,United Kingdom,15964.21,67,11567,238.27,67,2011-12-06 12:30:00,4,High-Value Frequent
13200,United Kingdom,870.09,4,516,217.52,4,2011-11-20 15:35:00,19,Steady Repeat
13201,United Kingdom,1233.06,4,1036,308.26,4,2010-07-25 14:30:00,502,Dormant / Inactive
13202,United Kingdom,1580.3,7,572,225.76,7,2010-11-10 16:24:00,394,Dormant / Inactive
13203,United Kingdom,2648.25,10,2413,264.82,10,2011-11-30 10:45:00,10,High-Value Frequent
13204,United Kingdom,966.66,1,428,966.66,1,2009-12-08 14:56:00,731,Dormant / Inactive
13205,United Kingdom,2803.2,1,256,2803.2,1,2010-09-22 16:26:00,443,High-Value Lapsed
13206,United Kingdom,8308.19,13,7086,639.09,13,2010-11-04 16:50:00,400,High-Value Lapsed
13207,United Kingdom,535.86,4,178,133.96,4,2011-11-24 14:52:00,15,Steady Repeat
13208,United Kingdom,1976.3,9,1343,219.59,9,2011-10-12 09:54:00,59,Steady Repeat
13209,United Kingdom,8509.51,13,5781,654.58,13,2011-11-09 13:54:00,30,High-Value Frequent
13210,United Kingdom,353.48,1,316,353.48,1,2011-09-07 08:18:00,94,Occasional Active
13211,United Kingdom,2618.77,10,1845,261.88,10,2011-11-29 14:43:00,10,High-Value Frequent
13212,United Kingdom,786.83,3,309,262.28,3,2011-11-20 12:40:00,20,Steady Repeat
13213,United Kingdom,3851.52,11,2962,350.14,11,2011-10-14 11:42:00,57,High-Value Frequent
13214,United Kingdom,3264.23,7,2966,466.32,7,2010-10-18 10:00:00,418,High-Value Lapsed
13215,United Kingdom,81.6,1,96,81.6,1,2010-11-02 18:26:00,402,Dormant / Inactive
13216,United Kingdom,333.74,1,297,333.74,1,2011-03-17 12:18:00,268,Dormant / Inactive
13217,United Kingdom,666.48,4,512,166.62,4,2011-08-09 15:32:00,122,Steady Repeat
13218,United Kingdom,62.64,1,88,62.64,1,2011-08-04 16:59:00,127,Occasional Active
13219,United Kingdom,76.23,1,11,76.23,1,2010-03-31 14:18:00,618,Dormant / Inactive
13220,United Kingdom,1336.09,5,396,267.22,5,2011-09-22 13:38:00,78,Steady Repeat
13221,United Kingdom,847.41,2,244,423.7,2,2011-04-13 16:58:00,240,Dormant / Inactive
13222,United Kingdom,88.5,1,30,88.5,1,2010-05-11 13:54:00,577,Dormant / Inactive
13223,United Kingdom,969.12,6,568,161.52,6,2011-05-23 13:03:00,200,Dormant / Inactive
13224,United Kingdom,2155.95,2,1518,1077.97,2,2011-10-10 14:55:00,60,Occasional Active
13225,United Kingdom,16260.07,16,7401,1016.25,16,2011-12-06 13:29:00,3,High-Value Frequent
13226,United Kingdom,312.46,2,179,156.23,2,2011-03-11 14:35:00,273,Dormant / Inactive
13227,United Kingdom,257.7,1,99,257.7,1,2011-05-22 11:47:00,202,Dormant / Inactive
13228,United Kingdom,358.0,1,200,358.0,1,2011-09-19 14:28:00,81,Occasional Active
13229,United Kingdom,160.95,1,63,160.95,1,2011-04-28 12:07:00,226,Dormant / Inactive
13230,United Kingdom,6120.01,30,3520,204.0,30,2011-12-05 16:03:00,4,High-Value Frequent
13232,United Kingdom,1328.35,7,773,189.76,7,2011-11-27 10:39:00,13,Steady Repeat
13233,United Kingdom,1176.46,4,1604,294.12,4,2011-09-26 13:25:00,74,Steady Repeat
13234,United Kingdom,346.5,2,159,173.25,2,2010-02-05 11:41:00,673,Dormant / Inactive
13235,United Kingdom,1031.07,1,441,1031.07,1,2011-05-11 17:13:00,212,Dormant / Inactive
13236,United Kingdom,744.85,2,416,372.42,2,2011-11-15 12:50:00,25,Occasional Active
13237,United Kingdom,643.0,1,128,643.0,1,2010-11-17 10:07:00,388,Dormant / Inactive
13238,United Kingdom,1006.63,6,442,167.77,6,2011-11-22 15:37:00,17,Steady Repeat
13239,United Kingdom,1594.69,5,1151,318.94,5,2011-03-23 10:25:00,262,Dormant / Inactive
13240,United Kingdom,1475.79,8,709,184.47,8,2011-09-04 14:08:00,96,Steady Repeat
13241,United Kingdom,112.53,1,46,112.53,1,2010-10-24 11:17:00,412,Dormant / Inactive
13242,United Kingdom,699.4,7,350,99.91,7,2011-08-19 12:53:00,112,Steady Repeat
13243,United Kingdom,1220.38,5,554,244.08,5,2011-05-20 13:14:00,203,Dormant / Inactive
13244,United Kingdom,121.74,1,38,121.74,1,2011-09-08 11:46:00,93,Occasional Active
13245,United Kingdom,989.22,2,371,494.61,2,2011-10-20 11:40:00,51,Occasional Active
13246,United Kingdom,3351.75,11,2796,304.7,11,2011-11-21 16:50:00,18,High-Value Frequent
13247,United Kingdom,501.12,4,328,125.28,4,2011-11-22 10:59:00,18,Steady Repeat
13248,United Kingdom,465.68,2,305,232.84,2,2011-08-07 12:40:00,125,Occasional Active
13249,United Kingdom,1608.93,9,1246,178.77,9,2011-09-08 13:26:00,92,Steady Repeat
13250,United Kingdom,253.09,2,107,126.54,2,2010-09-05 11:33:00,461,Dormant / Inactive
13251,United Kingdom,252.68,1,215,252.68,1,2010-11-02 13:20:00,402,Dormant / Inactive
13252,United Kingdom,399.3,2,134,199.65,2,2010-11-10 16:00:00,394,Dormant / Inactive
13253,United Kingdom,2951.11,4,3015,737.78,4,2011-07-06 10:09:00,157,High-Value Occasional
13254,United Kingdom,51.41,1,43,51.41,1,2010-11-28 15:42:00,376,Dormant / Inactive
13255,United Kingdom,678.76,3,407,226.25,3,2011-11-30 13:14:00,9,Steady Repeat
13257,United Kingdom,149.75,1,33,149.75,1,2010-09-29 14:58:00,436,Dormant / Inactive
13258,United Kingdom,1009.43,5,446,201.89,5,2011-11-28 09:31:00,12,Steady Repeat
13259,United Kingdom,1402.54,9,503,155.84,9,2011-10-09 10:48:00,62,Steady Repeat
13260,United Kingdom,557.62,1,142,557.62,1,2011-10-09 13:21:00,61,Occasional Active
13261,United Kingdom,944.1,2,210,472.05,2,2011-03-16 12:22:00,269,Dormant / Inactive
13262,United Kingdom,573.45,3,247,191.15,3,2011-03-21 15:06:00,263,Dormant / Inactive
13263,United Kingdom,8676.2,39,5372,222.47,39,2011-12-08 13:59:00,1,High-Value Frequent
13264,United Kingdom,722.56,1,375,722.56,1,2010-09-23 12:42:00,443,Dormant / Inactive
13265,United Kingdom,2092.66,5,1740,418.53,5,2011-10-17 15:02:00,53,Steady Repeat
13266,United Kingdom,6135.04,19,6837,322.9,19,2011-11-28 14:39:00,11,High-Value Frequent
13267,United Kingdom,9429.81,36,3959,261.94,36,2011-12-07 11:12:00,3,High-Value Frequent
13268,United Kingdom,3174.75,11,3624,288.61,11,2011-11-22 11:51:00,18,High-Value Frequent
13269,United Kingdom,8537.32,28,6366,304.9,28,2011-12-08 14:53:00,1,High-Value Frequent
13270,United Kingdom,590.0,1,200,590.0,1,2010-12-08 14:53:00,366,Dormant / Inactive
13271,United Kingdom,211.49,1,240,211.49,1,2011-11-02 14:31:00,37,Occasional Active
13272,United Kingdom,276.56,2,96,138.28,2,2011-11-08 14:00:00,31,Occasional Active
13273,United Kingdom,138.98,1,153,138.98,1,2011-08-18 14:02:00,113,Occasional Active
13274,United Kingdom,360.85,1,199,360.85,1,2010-10-26 13:48:00,409,Dormant / Inactive
13275,United Kingdom,238.86,2,138,119.43,2,2010-11-21 12:09:00,384,Dormant / Inactive
13276,United Kingdom,1891.91,5,840,378.38,5,2011-10-07 12:44:00,64,Steady Repeat
13277,United Kingdom,523.3,7,382,74.76,7,2011-11-24 09:21:00,16,Steady Repeat
13278,United Kingdom,1435.85,4,1358,358.96,4,2011-10-30 11:49:00,41,Steady Repeat
13279,United Kingdom,137.75,1,73,137.75,1,2011-09-22 17:24:00,78,Occasional Active
13280,United Kingdom,2293.33,7,1489,327.62,7,2011-08-09 13:14:00,122,High-Value Frequent
13281,United Kingdom,350.85,1,201,350.85,1,2010-09-26 16:03:00,439,Dormant / Inactive
13282,United Kingdom,1313.19,4,410,328.3,4,2011-11-21 15:33:00,18,Steady Repeat
13283,United Kingdom,373.36,4,204,93.34,4,2011-10-11 09:50:00,60,Steady Repeat
13284,United Kingdom,201.19,1,91,201.19,1,2011-01-13 09:23:00,331,Dormant / Inactive
13285,United Kingdom,3364.59,6,2457,560.76,6,2011-11-16 13:19:00,23,High-Value Frequent
13286,United Kingdom,734.91,1,274,734.91,1,2010-04-18 15:35:00,600,Dormant / Inactive
13287,United Kingdom,781.59,3,429,260.53,3,2010-04-15 15:26:00,603,Dormant / Inactive
13288,United Kingdom,927.61,5,379,185.52,5,2010-09-22 16:32:00,443,Dormant / Inactive
13289,United Kingdom,307.95,1,119,307.95,1,2009-12-16 11:53:00,724,Dormant / Inactive
13290,United Kingdom,208.63,1,1,208.63,1,2010-09-27 16:29:00,438,Dormant / Inactive
13291,United Kingdom,3270.79,11,1600,297.34,11,2011-07-07 10:36:00,156,High-Value Frequent
13292,United Kingdom,994.51,5,530,198.9,5,2011-11-01 10:04:00,39,Steady Repeat
13293,United Kingdom,1192.94,6,555,198.82,6,2010-11-12 13:28:00,392,Dormant / Inactive
13294,United Kingdom,1689.53,3,996,563.18,3,2011-06-03 08:54:00,190,Dormant / Inactive
13295,United Kingdom,1101.97,4,733,275.49,4,2010-12-15 11:21:00,360,Dormant / Inactive
13296,United Kingdom,792.51,6,653,132.08,6,2011-07-25 13:46:00,137,Steady Repeat
13297,United Kingdom,4368.62,7,2694,624.09,7,2011-12-02 09:32:00,8,High-Value Frequent
13298,United Kingdom,360.0,1,96,360.0,1,2011-12-08 13:11:00,1,Occasional Active
13299,United Kingdom,1218.7,3,416,406.23,3,2011-03-16 12:55:00,268,Dormant / Inactive
13300,United Kingdom,1285.51,3,455,428.5,3,2011-06-23 13:09:00,169,Steady Repeat
13301,United Kingdom,618.09,4,345,154.52,4,2011-08-28 11:25:00,104,Steady Repeat
13302,United Kingdom,159.2,2,12,79.6,2,2011-07-07 17:56:00,155,Occasional Active
13303,United Kingdom,61.72,1,26,61.72,1,2010-11-04 14:55:00,400,Dormant / Inactive
13304,United Kingdom,1217.99,4,716,304.5,4,2010-12-23 14:35:00,351,Dormant / Inactive
13305,United Kingdom,3616.41,16,2228,226.03,16,2011-12-05 15:15:00,4,High-Value Frequent
13306,United Kingdom,53.65,1,74,53.65,1,2010-10-05 14:55:00,430,Dormant / Inactive
13307,United Kingdom,273.34,3,140,91.11,3,2011-08-11 17:14:00,120,Steady Repeat
13308,United Kingdom,1670.37,4,1073,417.59,4,2011-11-17 09:31:00,23,Steady Repeat
13309,United Kingdom,1706.37,6,1914,284.4,6,2011-12-02 16:34:00,7,Steady Repeat
13310,United Kingdom,1541.2,5,816,308.24,5,2011-11-11 17:23:00,28,Steady Repeat
13311,United Kingdom,598.57,2,305,299.29,2,2011-12-05 12:55:00,4,Occasional Active
13312,United Kingdom,124.75,1,41,124.75,1,2010-09-14 14:36:00,451,Dormant / Inactive
13313,United Kingdom,3445.32,12,2308,287.11,12,2011-11-17 16:48:00,22,High-Value Frequent
13314,United Kingdom,775.94,3,560,258.65,3,2011-12-08 12:29:00,2,Steady Repeat
13315,United Kingdom,310.26,1,232,310.26,1,2010-01-19 15:34:00,689,Dormant / Inactive
13316,United Kingdom,12940.82,10,19931,1294.08,10,2011-11-02 13:40:00,37,High-Value Frequent
13317,United Kingdom,6486.09,19,3149,341.37,19,2011-10-04 13:35:00,66,High-Value Frequent
13318,United Kingdom,640.76,3,304,213.59,3,2011-12-08 18:51:00,1,Steady Repeat
13319,United Kingdom,21323.22,58,8974,367.64,58,2011-12-04 13:34:00,5,High-Value Frequent
13320,United Kingdom,2211.6,6,1509,368.6,6,2011-09-22 18:07:00,78,Steady Repeat
13321,United Kingdom,567.36,2,372,283.68,2,2011-09-28 15:24:00,72,Occasional Active
13322,United Kingdom,199.48,1,117,199.48,1,2011-11-22 14:21:00,17,Occasional Active
13323,United Kingdom,787.85,5,175,157.57,5,2011-12-06 17:12:00,3,Steady Repeat
13324,United Kingdom,10513.47,18,8448,584.08,18,2011-11-03 16:28:00,36,High-Value Frequent
13325,United Kingdom,675.3,1,240,675.3,1,2011-09-19 10:36:00,82,Occasional Active
13326,United Kingdom,281.76,1,140,281.76,1,2010-10-03 16:00:00,432,Dormant / Inactive
13327,United Kingdom,9134.48,20,4203,456.72,20,2011-11-01 10:21:00,39,High-Value Frequent
13328,United Kingdom,1308.48,1,680,1308.48,1,2011-01-27 15:22:00,316,Dormant / Inactive
13329,United Kingdom,4808.77,8,3311,601.1,8,2011-11-08 10:29:00,32,High-Value Frequent
13330,United Kingdom,2796.1,6,1951,466.02,6,2011-09-08 12:27:00,93,High-Value Frequent
13331,United Kingdom,262.4,1,54,262.4,1,2010-11-03 08:04:00,402,Dormant / Inactive
13332,United Kingdom,350.9,1,179,350.9,1,2011-11-25 13:30:00,14,Occasional Active
13333,United Kingdom,1015.74,3,685,338.58,3,2010-10-24 13:24:00,411,Dormant / Inactive
13334,United Kingdom,6201.8,5,3198,1240.36,5,2011-09-18 15:21:00,82,High-Value Occasional
13336,United Kingdom,795.12,1,559,795.12,1,2011-09-23 14:05:00,77,Occasional Active
13337,United Kingdom,1575.26,1,980,1575.26,1,2010-06-11 13:27:00,546,Dormant / Inactive
13338,United Kingdom,2445.62,4,1151,611.4,4,2011-07-05 09:06:00,158,High-Value Occasional
13339,United Kingdom,860.12,1,326,860.12,1,2011-05-23 08:31:00,201,Dormant / Inactive
13340,United Kingdom,22100.56,12,9636,1841.71,12,2011-10-25 13:15:00,45,High-Value Frequent
13341,United Kingdom,775.85,1,301,775.85,1,2011-03-24 09:50:00,261,Dormant / Inactive
13343,United Kingdom,353.43,1,135,353.43,1,2011-06-15 12:24:00,178,Occasional Active
13344,United Kingdom,2511.69,3,952,837.23,3,2011-10-03 09:45:00,68,High-Value Occasional
13345,United Kingdom,389.5,1,141,389.5,1,2011-02-25 09:01:00,288,Dormant / Inactive
13346,United Kingdom,299.4,6,180,49.9,6,2010-09-03 11:41:00,463,Dormant / Inactive
13347,United Kingdom,341.36,1,205,341.36,1,2011-09-30 13:28:00,70,Occasional Active
13348,United Kingdom,233.76,1,136,233.76,1,2011-10-06 17:28:00,64,Occasional Active
13349,United Kingdom,247.32,1,225,247.32,1,2011-11-29 08:07:00,11,Occasional Active
13350,United Kingdom,979.12,2,287,489.56,2,2011-11-23 16:33:00,16,Occasional Active
13351,United Kingdom,373.94,1,117,373.94,1,2011-10-04 12:55:00,66,Occasional Active
13352,United Kingdom,397.98,1,321,397.98,1,2011-10-10 13:55:00,60,Occasional Active
13354,United Kingdom,743.53,1,604,743.53,1,2011-09-29 13:17:00,71,Occasional Active
13355,United Kingdom,674.7,1,314,674.7,1,2011-08-09 14:48:00,122,Occasional Active
13356,United Kingdom,768.24,1,325,768.24,1,2011-09-20 14:33:00,80,Occasional Active
13357,United Kingdom,3805.51,5,2112,761.1,5,2011-03-27 13:56:00,257,High-Value Lapsed
13358,United Kingdom,439.03,1,285,439.03,1,2011-03-16 11:52:00,269,Dormant / Inactive
13359,United Kingdom,1043.31,2,381,521.66,2,2011-10-07 09:30:00,64,Occasional Active
13360,United Kingdom,1553.65,4,942,388.41,4,2010-10-04 12:37:00,432,Dormant / Inactive
13361,United Kingdom,1450.5,2,324,725.25,2,2010-08-24 14:56:00,472,Dormant / Inactive
13362,United Kingdom,5394.07,7,2481,770.58,7,2011-11-30 14:41:00,9,High-Value Frequent
13363,United Kingdom,1723.86,3,1146,574.62,3,2011-11-22 12:40:00,18,Steady Repeat
13364,United Kingdom,134.96,1,71,134.96,1,2011-09-29 18:13:00,71,Occasional Active
13365,United Kingdom,2225.37,2,1247,1112.68,2,2011-11-06 12:36:00,34,Occasional Active
13366,United Kingdom,56.16,1,144,56.16,1,2011-10-20 13:37:00,50,Occasional Active
13367,United Kingdom,510.2,1,253,510.2,1,2010-10-04 10:00:00,432,Dormant / Inactive
13368,United Kingdom,1121.5,4,606,280.38,4,2011-03-28 09:59:00,257,Dormant / Inactive
13369,United Kingdom,308.28,1,149,308.28,1,2010-12-09 11:30:00,366,Dormant / Inactive
13370,United Kingdom,754.87,1,343,754.87,1,2010-12-03 10:26:00,372,Dormant / Inactive
13371,United Kingdom,2297.66,2,1019,1148.83,2,2010-07-22 17:33:00,505,High-Value Lapsed
13372,United Kingdom,378.64,1,159,378.64,1,2011-09-11 12:46:00,90,Occasional Active
13373,United Kingdom,7587.19,6,4263,1264.53,6,2011-10-10 10:51:00,61,High-Value Frequent
13374,United Kingdom,422.8,2,135,211.4,2,2010-10-21 10:04:00,415,Dormant / Inactive
13375,United Kingdom,1792.23,2,1124,896.12,2,2011-09-12 10:19:00,89,Occasional Active
13376,United Kingdom,1019.76,3,493,339.92,3,2011-09-01 16:16:00,99,Steady Repeat
13377,United Kingdom,1552.88,2,748,776.44,2,2010-11-08 12:20:00,397,Dormant / Inactive
13379,United Kingdom,572.56,3,601,190.85,3,2011-11-13 13:45:00,26,Steady Repeat
13380,United Kingdom,62.4,1,48,62.4,1,2010-10-03 10:18:00,433,Dormant / Inactive
13381,United Kingdom,8224.37,12,5125,685.36,12,2011-11-08 11:58:00,32,High-Value Frequent
13382,United Kingdom,1387.58,5,863,277.52,5,2011-03-04 10:03:00,281,Dormant / Inactive
13383,United Kingdom,305.28,1,288,305.28,1,2010-06-14 11:45:00,544,Dormant / Inactive
13384,United Kingdom,6680.83,11,4142,607.35,11,2011-11-09 11:04:00,31,High-Value Frequent
13385,United Kingdom,534.57,1,281,534.57,1,2011-01-14 09:52:00,330,Dormant / Inactive
13386,United Kingdom,835.46,2,514,417.73,2,2010-10-21 12:52:00,414,Dormant / Inactive
13387,United Kingdom,186.94,1,123,186.94,1,2010-10-18 14:07:00,417,Dormant / Inactive
13388,United Kingdom,1185.65,3,701,395.22,3,2011-07-31 12:52:00,131,Steady Repeat
13389,United Kingdom,797.96,3,429,265.99,3,2011-11-28 14:01:00,11,Steady Repeat
13390,United Kingdom,544.08,1,224,544.08,1,2011-09-26 08:38:00,75,Occasional Active
13391,United Kingdom,59.8,1,4,59.8,1,2011-05-20 10:50:00,204,Dormant / Inactive
13392,United Kingdom,91.14,1,82,91.14,1,2010-01-31 13:34:00,677,Dormant / Inactive
13393,United Kingdom,1131.45,4,662,282.86,4,2010-05-05 09:34:00,584,Dormant / Inactive
13394,United Kingdom,6621.7,19,5354,348.51,19,2011-12-08 11:36:00,2,High-Value Frequent
13395,United Kingdom,1180.23,3,1660,393.41,3,2011-06-07 15:04:00,185,Dormant / Inactive
13396,United Kingdom,1360.99,2,600,680.5,2,2011-11-10 16:59:00,29,Occasional Active
13397,United Kingdom,3191.87,10,1336,319.19,10,2011-09-28 10:56:00,73,High-Value Frequent
13398,United Kingdom,670.34,2,341,335.17,2,2011-05-31 13:17:00,192,Dormant / Inactive
13399,United Kingdom,275.4,3,120,91.8,3,2010-09-01 13:59:00,464,Dormant / Inactive
13400,United Kingdom,310.83,1,284,310.83,1,2010-05-06 09:00:00,583,Dormant / Inactive
13402,United Kingdom,1226.85,4,917,306.71,4,2011-08-04 15:51:00,127,Steady Repeat
13403,United Kingdom,229.5,3,114,76.5,3,2011-11-22 08:28:00,18,Steady Repeat
13404,United Kingdom,252.49,2,111,126.24,2,2011-12-08 15:37:00,1,Occasional Active
13405,United Kingdom,1213.81,6,855,202.3,6,2011-09-26 17:01:00,74,Steady Repeat
13406,United Kingdom,568.92,2,292,284.46,2,2010-10-08 14:44:00,427,Dormant / Inactive
13407,United Kingdom,2244.7,3,1690,748.23,3,2010-05-10 12:41:00,579,Dormant / Inactive
13408,United Kingdom,50174.78,106,28675,473.35,106,2011-12-08 09:05:00,2,High-Value Frequent
13410,United Kingdom,2201.96,9,1244,244.66,9,2011-11-15 15:33:00,24,Steady Repeat
13411,United Kingdom,213.55,1,72,213.55,1,2011-08-24 13:57:00,107,Occasional Active
13412,United Kingdom,487.35,1,176,487.35,1,2010-03-29 16:28:00,620,Dormant / Inactive
13413,United Kingdom,429.44,6,455,71.57,6,2010-03-10 12:17:00,640,Dormant / Inactive
13414,United Kingdom,2494.14,6,2702,415.69,6,2011-07-29 11:45:00,134,High-Value Frequent
13415,United Kingdom,784.17,4,496,196.04,4,2010-08-24 11:38:00,473,Dormant / Inactive
13416,United Kingdom,940.8,3,208,313.6,3,2011-10-27 08:56:00,44,Steady Repeat
13417,United Kingdom,1669.49,6,532,278.25,6,2011-12-05 08:49:00,5,Steady Repeat
13418,United Kingdom,11559.66,31,7354,372.89,31,2011-11-28 10:23:00,12,High-Value Frequent
13419,United Kingdom,221.06,1,275,221.06,1,2011-10-07 12:49:00,64,Occasional Active
13420,United Kingdom,159.85,2,101,79.92,2,2011-07-13 08:48:00,150,Occasional Active
13421,United Kingdom,4058.75,8,2351,507.34,8,2011-10-30 14:21:00,40,High-Value Frequent
13422,United Kingdom,2626.3,1,1326,2626.3,1,2011-10-06 13:42:00,64,High-Value Occasional
13423,United Kingdom,217.03,1,141,217.03,1,2010-10-07 09:02:00,429,Dormant / Inactive
13424,United Kingdom,572.77,1,529,572.77,1,2010-09-16 10:49:00,450,Dormant / Inactive
13425,United Kingdom,3390.43,5,2358,678.09,5,2011-08-23 17:13:00,108,High-Value Occasional
13426,United Kingdom,8167.38,22,4868,371.24,22,2011-12-09 08:59:00,1,High-Value Frequent
13427,United Kingdom,1006.53,6,880,167.76,6,2011-11-20 13:02:00,19,Steady Repeat
13428,United Kingdom,478.54,3,356,159.51,3,2011-11-29 14:20:00,10,Steady Repeat
13429,United Kingdom,1006.8,4,1390,251.7,4,2011-11-29 09:10:00,11,Steady Repeat
13430,United Kingdom,679.45,2,751,339.72,2,2011-11-21 08:19:00,19,Occasional Active
13431,United Kingdom,3316.24,8,1570,414.53,8,2011-10-03 13:49:00,67,High-Value Frequent
13432,United Kingdom,439.1,2,217,219.55,2,2010-05-17 13:18:00,571,Dormant / Inactive
13433,United Kingdom,658.32,4,190,164.58,4,2010-07-26 16:55:00,501,Dormant / Inactive
13434,United Kingdom,1666.86,5,864,333.37,5,2011-09-26 14:30:00,74,Steady Repeat
13435,United Kingdom,4447.33,9,2754,494.15,9,2011-12-04 14:45:00,5,High-Value Frequent
13436,United Kingdom,196.89,1,76,196.89,1,2011-12-08 10:33:00,2,Occasional Active
13437,United Kingdom,3408.06,7,1283,486.87,7,2011-11-25 14:00:00,14,High-Value Frequent
13438,United Kingdom,46.5,1,10,46.5,1,2010-06-10 18:46:00,547,Dormant / Inactive
13439,United Kingdom,986.61,3,952,328.87,3,2011-03-29 14:20:00,255,Dormant / Inactive
13440,United Kingdom,1295.25,7,573,185.04,7,2010-10-12 13:11:00,423,Dormant / Inactive
13441,United Kingdom,720.9,2,520,360.45,2,2011-09-09 09:38:00,92,Occasional Active
13442,United Kingdom,419.87,3,115,139.96,3,2010-02-10 14:03:00,667,Dormant / Inactive
13443,United Kingdom,1273.16,6,805,212.19,6,2010-09-17 12:31:00,449,Dormant / Inactive
13444,United Kingdom,619.08,2,331,309.54,2,2010-11-30 13:02:00,374,Dormant / Inactive
13445,United Kingdom,241.9,1,198,241.9,1,2010-03-23 15:34:00,626,Dormant / Inactive
13446,United Kingdom,3881.89,11,2403,352.9,11,2010-10-05 18:51:00,430,High-Value Lapsed
13447,United Kingdom,1129.14,3,584,376.38,3,2011-11-16 13:38:00,23,Steady Repeat
13448,United Kingdom,8745.93,13,4195,672.76,13,2011-11-23 12:33:00,17,High-Value Frequent
13449,United Kingdom,291.88,1,222,291.88,1,2011-11-16 08:28:00,24,Occasional Active
13450,United Kingdom,4120.04,13,4318,316.93,13,2011-11-13 11:54:00,27,High-Value Frequent
13451,United Kingdom,7090.06,11,5229,644.55,11,2011-11-13 15:58:00,26,High-Value Frequent
13452,United Kingdom,729.8,3,6,243.27,3,2011-03-25 14:19:00,259,Dormant / Inactive
13453,United Kingdom,781.69,3,341,260.56,3,2011-06-27 09:34:00,166,Steady Repeat
13454,United Kingdom,219.87,1,198,219.87,1,2010-03-08 14:40:00,641,Dormant / Inactive
13455,United Kingdom,2212.99,6,795,368.83,6,2011-11-15 11:21:00,25,Steady Repeat
13456,United Kingdom,1766.72,6,765,294.45,6,2011-11-22 09:18:00,18,Steady Repeat
13457,United Kingdom,148.22,2,96,74.11,2,2010-01-20 08:48:00,689,Dormant / Inactive
13458,United Kingdom,11959.27,16,6760,747.45,16,2011-12-02 15:29:00,7,High-Value Frequent
13459,United Kingdom,1160.41,2,986,580.21,2,2010-03-25 10:24:00,625,Dormant / Inactive
13460,United Kingdom,183.44,2,286,91.72,2,2011-11-10 17:17:00,29,Occasional Active
13461,United Kingdom,4160.0,6,3132,693.33,6,2011-11-01 09:01:00,39,High-Value Frequent
13462,United Kingdom,1153.85,5,697,230.77,5,2011-04-01 11:20:00,253,Dormant / Inactive
13464,United Kingdom,3097.64,6,1440,516.27,6,2011-10-12 15:01:00,58,High-Value Frequent
13465,United Kingdom,931.12,2,584,465.56,2,2010-09-19 15:13:00,446,Dormant / Inactive
13466,United Kingdom,1013.35,5,660,202.67,5,2011-06-08 16:39:00,184,Dormant / Inactive
13467,United Kingdom,1071.91,2,580,535.96,2,2011-11-29 10:01:00,11,Occasional Active
13468,United Kingdom,12793.28,72,5617,177.68,72,2011-12-08 10:39:00,2,High-Value Frequent
13469,United Kingdom,82.4,1,52,82.4,1,2010-02-24 15:03:00,653,Dormant / Inactive
13470,United Kingdom,165.0,2,100,82.5,2,2011-09-01 14:57:00,99,Occasional Active
13471,United Kingdom,2501.84,4,1583,625.46,4,2011-12-08 15:44:00,1,High-Value Occasional
13472,United Kingdom,592.24,2,310,296.12,2,2010-09-02 09:41:00,464,Dormant / Inactive
13473,United Kingdom,2657.76,8,1000,332.22,8,2011-10-10 11:20:00,61,High-Value Frequent
13474,United Kingdom,646.59,3,318,215.53,3,2011-04-17 13:53:00,236,Dormant / Inactive
13475,United Kingdom,1431.78,4,1012,357.94,4,2011-06-01 13:52:00,191,Dormant / Inactive
13476,United Kingdom,2061.47,5,713,412.29,5,2011-06-14 12:00:00,179,Steady Repeat
13477,United Kingdom,2819.17,11,2091,256.29,11,2011-11-02 12:04:00,38,High-Value Frequent
13478,United Kingdom,2215.78,5,1189,443.16,5,2010-08-27 13:23:00,469,Dormant / Inactive
13479,United Kingdom,851.37,4,716,212.84,4,2011-05-23 10:45:00,201,Dormant / Inactive
13480,United Kingdom,627.82,2,362,313.91,2,2010-10-19 11:53:00,417,Dormant / Inactive
13481,United Kingdom,3830.84,11,2055,348.26,11,2011-10-25 09:07:00,46,High-Value Frequent
13482,United Kingdom,336.09,2,187,168.04,2,2011-04-21 17:03:00,232,Dormant / Inactive
13483,United Kingdom,140.34,1,160,140.34,1,2011-10-05 11:53:00,66,Occasional Active
13484,United Kingdom,790.72,3,224,263.57,3,2011-04-12 16:30:00,241,Dormant / Inactive
13485,United Kingdom,3019.22,11,1798,274.47,11,2011-04-20 13:58:00,233,High-Value Lapsed
13486,United Kingdom,1122.41,3,669,374.14,3,2011-09-22 13:13:00,78,Steady Repeat
13487,United Kingdom,846.87,5,362,169.37,5,2011-10-13 12:07:00,58,Steady Repeat
13488,United Kingdom,14205.96,23,7375,617.65,23,2011-11-22 14:41:00,17,High-Value Frequent
13489,United Kingdom,449.52,4,560,112.38,4,2011-08-26 13:16:00,105,Steady Repeat
13490,United Kingdom,154.25,1,25,154.25,1,2010-02-23 14:48:00,654,Dormant / Inactive
13491,United Kingdom,4467.66,27,2349,165.47,27,2011-10-19 08:32:00,52,High-Value Frequent
13492,Switzerland,1269.84,3,408,423.28,3,2011-07-26 14:25:00,136,Steady Repeat
13493,Switzerland,618.63,2,380,309.32,2,2011-03-09 15:35:00,275,Dormant / Inactive
13494,United Kingdom,316.26,1,162,316.26,1,2011-02-01 11:58:00,312,Dormant / Inactive
13495,United Kingdom,4863.31,10,2465,486.33,10,2011-12-02 11:21:00,8,High-Value Frequent
13496,United Kingdom,653.33,2,341,326.67,2,2011-11-29 10:58:00,11,Occasional Active
13497,United Kingdom,1166.83,6,525,194.47,6,2011-03-02 09:04:00,283,Dormant / Inactive
13498,United Kingdom,327.38,1,362,327.38,1,2009-12-09 15:26:00,730,Dormant / Inactive
13499,United Kingdom,1159.11,5,1365,231.82,5,2011-11-22 11:21:00,18,Steady Repeat
13500,United Kingdom,1466.3,4,838,366.58,4,2011-11-16 15:35:00,23,Steady Repeat
13501,Switzerland,2885.11,3,1253,961.7,3,2011-02-24 18:59:00,288,High-Value Lapsed
13502,United Kingdom,780.5,5,490,156.1,5,2011-11-23 10:39:00,17,Steady Repeat
13503,United Kingdom,1859.24,6,1105,309.87,6,2011-09-29 13:23:00,71,Steady Repeat
13504,United Kingdom,295.93,1,178,295.93,1,2011-10-06 13:20:00,64,Occasional Active
13505,Switzerland,4393.63,4,2486,1098.41,4,2011-09-28 11:56:00,73,High-Value Occasional
13506,United Kingdom,1338.08,5,942,267.62,5,2011-01-27 13:53:00,316,Dormant / Inactive
13507,United Kingdom,2479.16,4,1597,619.79,4,2011-12-06 13:13:00,3,High-Value Occasional
13508,United Kingdom,287.05,2,180,143.52,2,2011-04-10 11:58:00,244,Dormant / Inactive
13509,United Kingdom,1114.72,8,1214,139.34,8,2011-12-01 10:10:00,9,Steady Repeat
13510,United Kingdom,4558.29,11,3044,414.39,11,2011-12-08 13:46:00,1,High-Value Frequent
13511,United Kingdom,282.76,1,60,282.76,1,2010-02-01 12:10:00,677,Dormant / Inactive
13512,United Kingdom,713.39,4,419,178.35,4,2011-03-24 10:03:00,261,Dormant / Inactive
13513,United Kingdom,824.59,3,364,274.86,3,2011-08-05 11:50:00,127,Steady Repeat
13514,United Kingdom,815.9,4,288,203.98,4,2011-09-27 09:39:00,74,Steady Repeat
13515,United Kingdom,1265.82,6,819,210.97,6,2011-09-28 11:26:00,73,Steady Repeat
13516,United Kingdom,1685.26,4,1114,421.32,4,2011-11-18 13:15:00,21,Steady Repeat
13517,United Kingdom,2128.42,3,1369,709.47,3,2011-10-11 11:43:00,60,Steady Repeat
13518,United Kingdom,627.16,1,382,627.16,1,2011-09-15 10:29:00,86,Occasional Active
13519,United Kingdom,343.21,2,133,171.6,2,2011-09-22 18:24:00,78,Occasional Active
13520,Switzerland,6606.0,11,3179,600.55,11,2011-10-12 10:20:00,59,High-Value Frequent
13521,United Kingdom,1071.73,3,718,357.24,3,2011-12-08 13:50:00,1,Steady Repeat
13522,United Kingdom,125.8,1,44,125.8,1,2011-11-09 15:11:00,30,Occasional Active
13523,United Kingdom,4534.57,6,1989,755.76,6,2011-11-06 15:11:00,33,High-Value Frequent
13524,United Kingdom,680.18,5,324,136.04,5,2011-10-30 12:34:00,41,Steady Repeat
13525,United Kingdom,628.78,2,394,314.39,2,2011-11-25 12:01:00,15,Occasional Active
13526,United Kingdom,1182.0,2,1911,591.0,2,2009-12-01 13:13:00,738,Dormant / Inactive
13527,United Kingdom,4541.29,12,2736,378.44,12,2011-11-06 12:04:00,34,High-Value Frequent
13529,United Kingdom,307.76,2,74,153.88,2,2011-09-22 09:15:00,79,Occasional Active
13530,United Kingdom,402.98,1,272,402.98,1,2010-03-15 14:10:00,634,Dormant / Inactive
13531,United Kingdom,1433.07,6,497,238.84,6,2011-05-18 16:56:00,205,Dormant / Inactive
13532,United Kingdom,210.31,1,129,210.31,1,2011-11-06 12:25:00,34,Occasional Active
13533,United Kingdom,269.09,3,202,89.7,3,2011-06-10 11:54:00,183,Dormant / Inactive
13534,United Kingdom,7720.9,35,3869,220.6,35,2011-12-07 14:52:00,2,High-Value Frequent
13535,United Kingdom,89.5,1,10,89.5,1,2010-11-02 11:49:00,403,Dormant / Inactive
13536,United Kingdom,3444.39,7,2126,492.06,7,2011-12-08 16:38:00,1,High-Value Frequent
13537,United Kingdom,717.85,2,337,358.92,2,2010-10-10 12:45:00,426,Dormant / Inactive
13538,United Kingdom,3103.13,12,959,258.59,12,2011-10-27 16:34:00,43,High-Value Frequent
13539,United Kingdom,1569.36,7,710,224.19,7,2011-09-15 10:18:00,86,Steady Repeat
13540,United Kingdom,632.39,3,189,210.8,3,2010-08-29 14:20:00,467,Dormant / Inactive
13541,United Kingdom,785.25,2,279,392.62,2,2010-10-08 16:37:00,427,Dormant / Inactive
13542,United Kingdom,3959.49,17,804,232.91,17,2010-11-28 11:24:00,377,High-Value Lapsed
13543,United Kingdom,1439.61,2,329,719.8,2,2010-03-15 13:34:00,634,Dormant / Inactive
13544,United Kingdom,790.2,6,331,131.7,6,2011-10-31 11:57:00,40,Steady Repeat
13545,United Kingdom,364.93,2,252,182.46,2,2010-11-14 11:27:00,391,Dormant / Inactive
13546,United Kingdom,1086.24,5,587,217.25,5,2011-11-27 14:50:00,12,Steady Repeat
13547,United Kingdom,167.08,1,79,167.08,1,2010-10-27 14:14:00,408,Dormant / Inactive
13548,United Kingdom,901.44,3,558,300.48,3,2011-09-04 14:50:00,96,Steady Repeat
13549,United Kingdom,1005.8,8,554,125.72,8,2011-11-14 09:20:00,26,Steady Repeat
13550,United Kingdom,342.55,1,430,342.55,1,2010-11-21 15:24:00,383,Dormant / Inactive
13551,United Kingdom,244.2,2,36,122.1,2,2011-01-24 14:46:00,319,Dormant / Inactive
13552,United Kingdom,6948.92,22,2630,315.86,22,2011-10-04 15:19:00,66,High-Value Frequent
13553,United Kingdom,499.6,1,201,499.6,1,2010-02-03 12:21:00,675,Dormant / Inactive
13554,United Kingdom,1629.35,7,578,232.76,7,2010-11-24 15:05:00,380,Dormant / Inactive
13555,United Kingdom,8891.84,13,4762,683.99,13,2011-09-27 12:36:00,74,High-Value Frequent
13556,United Kingdom,200.82,2,134,100.41,2,2010-10-06 16:44:00,429,Dormant / Inactive
13557,United Kingdom,3032.26,13,2398,233.25,13,2011-11-11 15:24:00,28,High-Value Frequent
13558,United Kingdom,594.52,4,338,148.63,4,2011-12-04 11:24:00,6,Steady Repeat
13559,United Kingdom,990.0,2,360,495.0,2,2010-07-15 09:52:00,513,Dormant / Inactive
13560,United Kingdom,171.42,1,63,171.42,1,2011-12-02 13:11:00,7,Occasional Active
13561,United Kingdom,1803.4,11,1125,163.95,11,2011-05-08 12:39:00,216,Dormant / Inactive
13562,United Kingdom,4838.18,8,1603,604.77,8,2011-09-19 10:51:00,82,High-Value Frequent
13563,United Kingdom,777.53,2,209,388.76,2,2011-09-16 14:45:00,84,Occasional Active
13564,United Kingdom,16498.97,37,8878,445.92,37,2011-07-18 14:33:00,144,High-Value Frequent
13565,United Kingdom,414.8,3,260,138.27,3,2011-11-20 14:33:00,19,Steady Repeat
13566,United Kingdom,1688.6,5,1257,337.72,5,2011-10-30 11:59:00,41,Steady Repeat
13567,United Kingdom,1079.29,4,643,269.82,4,2010-10-07 12:51:00,428,Dormant / Inactive
13568,United Kingdom,187.05,1,66,187.05,1,2011-06-19 14:42:00,173,Occasional Active
13569,United Kingdom,726.54,4,345,181.64,4,2011-11-22 13:07:00,17,Steady Repeat
13570,United Kingdom,239.49,1,161,239.49,1,2011-04-10 13:36:00,243,Dormant / Inactive
13571,United Kingdom,4537.26,26,3191,174.51,26,2011-11-27 10:47:00,13,High-Value Frequent
13572,United Kingdom,1384.25,1,534,1384.25,1,2011-05-18 11:59:00,206,Dormant / Inactive
13573,United Kingdom,904.52,6,647,150.75,6,2011-10-20 14:33:00,50,Steady Repeat
13574,United Kingdom,404.45,1,304,404.45,1,2010-10-24 13:28:00,411,Dormant / Inactive
13575,United Kingdom,732.07,5,449,146.41,5,2011-11-16 13:14:00,23,Steady Repeat
13576,United Kingdom,11202.59,28,4506,400.09,28,2011-11-29 15:34:00,10,High-Value Frequent
13577,United Kingdom,3489.28,11,1661,317.21,11,2011-11-14 15:19:00,25,High-Value Frequent
13578,United Kingdom,147.66,1,127,147.66,1,2010-10-26 13:44:00,409,Dormant / Inactive
13579,United Kingdom,1374.34,5,718,274.87,5,2011-11-25 08:41:00,15,Steady Repeat
13580,United Kingdom,107.75,1,45,107.75,1,2010-10-29 15:01:00,406,Dormant / Inactive
13581,United Kingdom,280.53,2,119,140.26,2,2011-02-03 14:41:00,309,Dormant / Inactive
13582,United Kingdom,241.68,2,106,120.84,2,2010-11-15 11:34:00,390,Dormant / Inactive
13583,United Kingdom,1445.03,2,1097,722.52,2,2011-07-07 10:40:00,156,Occasional Active
13584,United Kingdom,385.7,3,360,128.57,3,2011-02-06 12:49:00,307,Dormant / Inactive
13585,United Kingdom,684.54,3,1386,228.18,3,2010-06-27 12:33:00,531,Dormant / Inactive
13586,United Kingdom,127.28,1,38,127.28,1,2010-06-16 13:47:00,541,Dormant / Inactive
13587,United Kingdom,1673.5,4,664,418.38,4,2011-10-07 12:31:00,64,Steady Repeat
13588,United Kingdom,2478.95,9,2606,275.44,9,2011-11-24 10:42:00,16,High-Value Frequent
13589,United Kingdom,1120.74,6,293,186.79,6,2011-11-25 12:10:00,15,Steady Repeat
13590,United Kingdom,6336.04,18,5271,352.0,18,2011-11-28 12:54:00,11,High-Value Frequent
13591,United Kingdom,2093.94,7,850,299.13,7,2011-10-06 12:26:00,65,Steady Repeat
13592,United Kingdom,247.96,4,84,61.99,4,2011-11-04 09:49:00,36,Steady Repeat
13593,United Kingdom,5493.29,14,2170,392.38,14,2011-08-23 13:35:00,108,High-Value Frequent
13594,United Kingdom,533.32,2,396,266.66,2,2011-10-18 10:19:00,53,Occasional Active
13595,United Kingdom,784.48,3,341,261.49,3,2010-07-11 12:36:00,517,Dormant / Inactive
13596,United Kingdom,664.11,2,384,332.06,2,2011-12-04 12:01:00,6,Occasional Active
13597,United Kingdom,396.71,2,231,198.36,2,2010-11-04 14:54:00,400,Dormant / Inactive
13598,United Kingdom,761.96,5,393,152.39,5,2011-10-23 14:28:00,47,Steady Repeat
13599,United Kingdom,9811.04,33,6248,297.3,33,2011-12-08 16:10:00,1,High-Value Frequent
13600,United Kingdom,518.42,2,599,259.21,2,2011-01-31 15:27:00,312,Dormant / Inactive
13601,United Kingdom,1159.99,4,957,290.0,4,2011-10-25 17:31:00,45,Steady Repeat
13602,United Kingdom,1025.17,4,538,256.29,4,2011-10-06 11:47:00,65,Steady Repeat
13603,United Kingdom,164.34,1,164,164.34,1,2011-11-13 15:57:00,26,Occasional Active
13604,United Kingdom,717.62,1,242,717.62,1,2010-02-19 12:02:00,659,Dormant / Inactive
13605,United Kingdom,522.67,2,425,261.33,2,2010-11-17 17:16:00,387,Dormant / Inactive
13606,United Kingdom,276.75,3,276,92.25,3,2011-11-10 17:46:00,29,Steady Repeat
13607,United Kingdom,1075.81,2,466,537.9,2,2011-10-30 16:17:00,40,Occasional Active
13608,United Kingdom,232.05,1,110,232.05,1,2010-06-17 12:28:00,541,Dormant / Inactive
13609,United Kingdom,167.35,1,19,167.35,1,2010-04-25 13:26:00,593,Dormant / Inactive
13610,United Kingdom,2103.71,14,869,150.27,14,2011-11-27 15:38:00,12,Steady Repeat
13611,United Kingdom,3297.93,10,1988,329.79,10,2011-09-11 14:51:00,89,High-Value Frequent
13612,United Kingdom,818.29,1,444,818.29,1,2010-03-17 12:14:00,633,Dormant / Inactive
13613,United Kingdom,1039.85,5,445,207.97,5,2010-09-13 12:01:00,453,Dormant / Inactive
13614,United Kingdom,2332.74,6,821,388.79,6,2011-11-15 14:47:00,24,High-Value Frequent
13615,United Kingdom,6272.53,8,2910,784.07,8,2011-01-25 08:21:00,319,High-Value Lapsed
13616,United Kingdom,283.85,2,172,141.93,2,2010-05-20 12:59:00,568,Dormant / Inactive
13617,United Kingdom,1278.75,8,593,159.84,8,2011-10-30 13:50:00,40,Steady Repeat
13618,United Kingdom,177.34,1,246,177.34,1,2011-06-19 11:09:00,174,Occasional Active
13619,United Kingdom,224.94,2,79,112.47,2,2010-06-13 11:39:00,545,Dormant / Inactive
13620,United Kingdom,112.34,1,74,112.34,1,2010-06-29 15:02:00,528,Dormant / Inactive
13621,United Kingdom,213.85,1,343,213.85,1,2011-08-15 08:26:00,117,Occasional Active
13622,United Kingdom,658.95,1,379,658.95,1,2010-01-12 13:22:00,696,Dormant / Inactive
13623,United Kingdom,2533.06,10,1010,253.31,10,2011-11-09 12:00:00,31,High-Value Frequent
13624,United Kingdom,462.08,1,820,462.08,1,2010-11-16 13:43:00,388,Dormant / Inactive
13625,United Kingdom,301.26,1,144,301.26,1,2010-04-22 10:50:00,597,Dormant / Inactive
13626,United Kingdom,707.04,2,398,353.52,2,2011-04-01 10:05:00,253,Dormant / Inactive
13627,United Kingdom,2245.9,7,1632,320.84,7,2011-10-11 14:20:00,59,Steady Repeat
13628,United Kingdom,310.14,1,106,310.14,1,2010-02-01 14:44:00,676,Dormant / Inactive
13629,United Kingdom,13370.86,19,7722,703.73,19,2011-11-16 13:21:00,23,High-Value Frequent
13630,United Kingdom,2031.78,7,1391,290.25,7,2011-12-04 15:16:00,5,Steady Repeat
13631,United Kingdom,3070.42,11,467,279.13,11,2011-09-01 09:57:00,100,High-Value Frequent
13632,United Kingdom,3645.81,8,1633,455.73,8,2011-11-15 10:51:00,25,High-Value Frequent
13634,United Kingdom,5033.77,16,2090,314.61,16,2011-11-06 13:40:00,33,High-Value Frequent
13635,United Kingdom,2999.16,4,1884,749.79,4,2011-10-03 10:55:00,68,High-Value Occasional
13636,United Kingdom,949.12,5,592,189.82,5,2011-11-03 10:30:00,37,Steady Repeat
13637,United Kingdom,804.3,3,405,268.1,3,2011-10-18 13:32:00,52,Steady Repeat
13638,United Kingdom,122.64,1,93,122.64,1,2011-11-24 10:38:00,16,Occasional Active
13639,United Kingdom,1346.27,2,997,673.14,2,2011-09-26 13:36:00,74,Occasional Active
13640,United Kingdom,405.0,1,108,405.0,1,2010-04-07 15:33:00,611,Dormant / Inactive
13641,United Kingdom,1016.47,5,1098,203.29,5,2010-03-09 07:37:00,641,Dormant / Inactive
13642,United Kingdom,472.2,4,231,118.05,4,2011-05-08 12:34:00,216,Dormant / Inactive
13643,United Kingdom,2156.77,10,902,215.68,10,2011-11-08 15:37:00,31,Steady Repeat
13644,United Kingdom,2624.26,4,2067,656.06,4,2011-11-23 14:07:00,16,High-Value Occasional
13645,United Kingdom,252.1,1,158,252.1,1,2011-08-11 16:11:00,120,Occasional Active
13646,United Kingdom,326.25,2,79,163.12,2,2010-11-05 12:13:00,400,Dormant / Inactive
13647,United Kingdom,3041.68,8,1795,380.21,8,2011-11-30 12:00:00,10,High-Value Frequent
13648,United Kingdom,1764.02,8,960,220.5,8,2010-11-04 14:46:00,400,Dormant / Inactive
13649,United Kingdom,1453.68,6,782,242.28,6,2011-03-28 11:51:00,257,Dormant / Inactive
13650,United Kingdom,3288.0,10,1746,328.8,10,2011-11-23 12:22:00,17,High-Value Frequent
13651,United Kingdom,226.85,3,62,75.62,3,2011-11-04 14:59:00,35,Steady Repeat
13652,United Kingdom,2262.05,5,1458,452.41,5,2011-10-25 08:51:00,46,High-Value Occasional
13653,United Kingdom,152.2,1,72,152.2,1,2010-08-09 08:19:00,488,Dormant / Inactive
13654,United Kingdom,6308.0,11,4762,573.45,11,2011-10-27 16:24:00,43,High-Value Frequent
13655,United Kingdom,2280.51,6,1225,380.08,6,2011-08-17 14:25:00,114,High-Value Frequent
13656,United Kingdom,1078.85,4,862,269.71,4,2011-06-28 10:31:00,165,Steady Repeat
13657,United Kingdom,382.14,2,209,191.07,2,2011-11-29 12:32:00,11,Occasional Active
13658,United Kingdom,6025.5,9,2171,669.5,9,2011-11-30 10:13:00,10,High-Value Frequent
13659,United Kingdom,4884.68,12,2527,407.06,12,2011-05-18 12:37:00,206,High-Value Lapsed
13660,United Kingdom,306.64,1,136,306.64,1,2010-11-04 16:10:00,400,Dormant / Inactive
13661,United Kingdom,325.24,1,118,325.24,1,2010-04-15 14:58:00,603,Dormant / Inactive
13662,United Kingdom,2233.61,11,1169,203.06,11,2011-09-15 12:04:00,86,Steady Repeat
13663,United Kingdom,2047.51,5,893,409.5,5,2011-06-13 15:44:00,179,Steady Repeat
13665,United Kingdom,1711.66,3,1652,570.55,3,2010-11-18 13:06:00,386,Dormant / Inactive
13666,United Kingdom,127.9,5,54,25.58,5,2011-10-10 15:39:00,60,Steady Repeat
13667,United Kingdom,299.05,1,149,299.05,1,2011-07-13 15:42:00,149,Occasional Active
13668,United Kingdom,12948.48,35,6096,369.96,35,2011-12-07 12:11:00,3,High-Value Frequent
13669,United Kingdom,413.55,3,393,137.85,3,2011-10-20 09:32:00,51,Steady Repeat
13670,United Kingdom,349.7,1,282,349.7,1,2011-09-25 15:25:00,75,Occasional Active
13671,United Kingdom,172.6,1,95,172.6,1,2010-11-10 10:50:00,395,Dormant / Inactive
13672,United Kingdom,419.92,3,138,139.97,3,2011-02-11 13:53:00,301,Dormant / Inactive
13673,United Kingdom,387.44,2,114,193.72,2,2011-11-21 12:11:00,19,Occasional Active
13674,United Kingdom,240.68,1,102,240.68,1,2010-10-03 10:41:00,433,Dormant / Inactive
13675,United Kingdom,486.82,2,330,243.41,2,2011-07-11 12:57:00,151,Occasional Active
13676,United Kingdom,243.9,2,104,121.95,2,2010-06-18 17:30:00,539,Dormant / Inactive
13677,United Kingdom,551.24,2,217,275.62,2,2010-10-31 11:32:00,405,Dormant / Inactive
13678,United Kingdom,232.6,1,924,232.6,1,2011-07-11 10:14:00,152,Occasional Active
13679,United Kingdom,281.26,3,102,93.75,3,2010-08-03 12:13:00,494,Dormant / Inactive
13680,United Kingdom,11419.67,12,5244,951.64,12,2011-12-08 13:47:00,1,High-Value Frequent
13681,United Kingdom,827.83,4,360,206.96,4,2011-11-22 11:13:00,18,Steady Repeat
13682,United Kingdom,59.5,1,10,59.5,1,2011-06-05 14:06:00,187,Dormant / Inactive
13683,United Kingdom,258.6,1,180,258.6,1,2010-09-08 10:00:00,458,Dormant / Inactive
13684,United Kingdom,594.88,4,234,148.72,4,2011-02-27 10:13:00,286,Dormant / Inactive
13685,United Kingdom,3119.44,7,5056,445.63,7,2011-12-07 11:41:00,3,High-Value Frequent
13686,United Kingdom,409.04,3,378,136.35,3,2011-06-10 09:10:00,183,Dormant / Inactive
13687,United Kingdom,11880.84,1,87167,11880.84,1,2010-09-27 16:30:00,438,High-Value Lapsed
13688,United Kingdom,375.5,1,130,375.5,1,2010-03-14 14:11:00,635,Dormant / Inactive
13689,United Kingdom,1259.5,2,722,629.75,2,2011-10-07 13:21:00,63,Occasional Active
13690,United Kingdom,172.25,1,67,172.25,1,2011-10-11 15:03:00,59,Occasional Active
13691,United Kingdom,212.78,1,145,212.78,1,2010-11-08 17:34:00,396,Dormant / Inactive
13692,United Kingdom,3114.4,5,2101,622.88,5,2011-11-15 11:17:00,25,High-Value Occasional
13693,United Kingdom,2011.82,9,880,223.54,9,2010-11-30 18:21:00,374,Dormant / Inactive
13694,United Kingdom,195640.69,143,188201,1368.12,143,2011-12-06 09:32:00,4,High-Value Frequent
13695,United Kingdom,2770.73,16,1791,173.17,16,2011-11-08 14:26:00,31,High-Value Frequent
13696,United Kingdom,2020.4,3,552,673.47,3,2010-10-14 09:44:00,422,Dormant / Inactive
13697,United Kingdom,151.3,1,177,151.3,1,2011-11-01 09:14:00,39,Occasional Active
13698,United Kingdom,451.73,2,227,225.86,2,2010-04-22 11:52:00,597,Dormant / Inactive
13699,United Kingdom,764.15,2,219,382.08,2,2011-07-07 16:51:00,155,Occasional Active
13700,United Kingdom,2596.97,13,2786,199.77,13,2011-11-13 13:00:00,26,High-Value Frequent
13701,United Kingdom,161.0,1,80,161.0,1,2010-09-19 12:39:00,447,Dormant / Inactive
13702,United Kingdom,135.18,1,74,135.18,1,2010-09-20 11:40:00,446,Dormant / Inactive
13703,United Kingdom,425.56,2,128,212.78,2,2011-01-25 13:10:00,318,Dormant / Inactive
13704,United Kingdom,2308.06,9,1531,256.45,9,2011-12-04 15:13:00,5,High-Value Frequent
13705,United Kingdom,1717.19,7,906,245.31,7,2011-12-02 12:32:00,8,Steady Repeat
13706,United Kingdom,631.17,2,301,315.58,2,2011-02-10 09:21:00,303,Dormant / Inactive
13707,United Kingdom,3365.86,5,2210,673.17,5,2011-03-17 18:03:00,267,High-Value Lapsed
13708,United Kingdom,285.33,1,301,285.33,1,2011-03-13 13:46:00,271,Dormant / Inactive
13709,United Kingdom,7571.35,18,4122,420.63,18,2011-12-06 10:28:00,4,High-Value Frequent
13710,United Kingdom,509.52,3,336,169.84,3,2011-11-08 08:16:00,32,Steady Repeat
13711,United Kingdom,1792.26,9,819,199.14,9,2011-05-05 10:31:00,219,Dormant / Inactive
13712,United Kingdom,766.42,2,1128,383.21,2,2011-04-07 12:33:00,247,Dormant / Inactive
13713,United Kingdom,740.76,3,284,246.92,3,2010-10-27 16:18:00,408,Dormant / Inactive
13714,United Kingdom,161.35,1,50,161.35,1,2010-08-31 13:57:00,465,Dormant / Inactive
13715,United Kingdom,8153.04,17,4800,479.59,17,2011-03-03 19:21:00,281,High-Value Lapsed
13716,United Kingdom,138.28,1,138,138.28,1,2011-03-15 13:49:00,269,Dormant / Inactive
13717,United Kingdom,1763.3,8,2144,220.41,8,2011-11-07 14:13:00,32,Steady Repeat
13718,United Kingdom,306.55,2,173,153.28,2,2011-04-07 13:24:00,246,Dormant / Inactive
13719,United Kingdom,2783.08,11,1588,253.01,11,2011-11-24 15:26:00,15,High-Value Frequent
13720,United Kingdom,799.9,4,501,199.98,4,2011-08-15 12:46:00,117,Steady Repeat
13721,United Kingdom,741.54,2,512,370.77,2,2011-11-03 14:05:00,36,Occasional Active
13722,United Kingdom,5635.41,10,3059,563.54,10,2011-07-31 12:44:00,132,High-Value Frequent
13723,United Kingdom,1194.08,6,593,199.01,6,2011-05-06 17:04:00,217,Dormant / Inactive
13724,United Kingdom,213.01,1,130,213.01,1,2010-03-12 15:28:00,637,Dormant / Inactive
13725,United Kingdom,1980.56,8,806,247.57,8,2011-10-21 10:03:00,50,Steady Repeat
13726,United Kingdom,1079.66,2,1054,539.83,2,2011-11-01 10:49:00,39,Occasional Active
13727,United Kingdom,1074.15,8,368,134.27,8,2011-11-11 09:46:00,29,Steady Repeat
13728,United Kingdom,2855.17,16,1269,178.45,16,2011-11-03 10:49:00,37,High-Value Frequent
13729,United Kingdom,724.73,3,419,241.58,3,2010-09-30 10:44:00,436,Dormant / Inactive
13730,United Kingdom,752.6,2,488,376.3,2,2011-07-27 08:35:00,136,Occasional Active
13731,United Kingdom,610.59,2,278,305.3,2,2011-05-04 14:33:00,219,Dormant / Inactive
13732,United Kingdom,491.86,1,498,491.86,1,2011-11-11 15:49:00,28,Occasional Active
13733,United Kingdom,487.03,2,335,243.52,2,2010-10-25 12:18:00,411,Dormant / Inactive
13734,United Kingdom,6695.69,4,302,1673.92,4,2010-07-19 12:04:00,509,High-Value Lapsed
13735,United Kingdom,9762.77,13,4135,750.98,13,2011-11-15 11:14:00,25,High-Value Frequent
13736,United Kingdom,2752.47,7,1549,393.21,7,2011-12-04 15:19:00,5,High-Value Frequent
13737,United Kingdom,339.6,1,125,339.6,1,2011-05-23 16:32:00,200,Dormant / Inactive
13738,United Kingdom,434.78,1,237,434.78,1,2010-11-08 15:23:00,396,Dormant / Inactive
13739,United Kingdom,292.2,2,76,146.1,2,2011-11-21 13:35:00,18,Occasional Active
13740,United Kingdom,1582.77,5,987,316.55,5,2011-04-13 10:32:00,241,Dormant / Inactive
13741,United Kingdom,668.43,3,218,222.81,3,2011-09-29 09:19:00,72,Steady Repeat
13742,United Kingdom,3107.87,12,1115,258.99,12,2011-11-23 11:07:00,17,High-Value Frequent
13743,United Kingdom,1341.6,7,1776,191.66,7,2011-12-07 10:09:00,3,Steady Repeat
13744,United Kingdom,1080.52,2,1153,540.26,2,2011-09-05 15:19:00,95,Occasional Active
13745,United Kingdom,777.36,2,1146,388.68,2,2011-06-30 16:43:00,162,Occasional Active
13746,United Kingdom,176.69,1,83,176.69,1,2010-10-22 11:55:00,414,Dormant / Inactive
13747,United Kingdom,169.8,2,60,84.9,2,2010-12-01 10:37:00,374,Dormant / Inactive
13748,United Kingdom,2064.35,9,1028,229.37,9,2011-09-05 09:45:00,96,Steady Repeat
13750,United Kingdom,3602.18,11,1370,327.47,11,2011-10-17 12:16:00,54,High-Value Frequent
13751,United Kingdom,296.25,1,152,296.25,1,2011-02-24 15:56:00,288,Dormant / Inactive
13752,United Kingdom,1579.83,7,1005,225.69,7,2011-08-07 14:16:00,124,Steady Repeat
13753,United Kingdom,2094.57,4,1450,523.64,4,2011-02-25 12:48:00,288,Dormant / Inactive
13754,United Kingdom,447.05,3,315,149.02,3,2011-07-11 11:51:00,152,Steady Repeat
13755,United Kingdom,2108.06,9,1242,234.23,9,2011-12-06 12:26:00,4,Steady Repeat
13756,United Kingdom,8655.95,23,5138,376.35,23,2011-12-07 16:44:00,2,High-Value Frequent
13757,United Kingdom,195.55,1,54,195.55,1,2010-02-03 12:37:00,675,Dormant / Inactive
13758,United Kingdom,8698.13,15,4667,579.88,15,2011-11-28 11:11:00,12,High-Value Frequent
13759,United Kingdom,659.41,2,287,329.7,2,2011-11-06 14:47:00,33,Occasional Active
13760,United Kingdom,1363.64,5,623,272.73,5,2011-10-16 16:13:00,54,Steady Repeat
13761,United Kingdom,1952.17,6,1079,325.36,6,2011-10-20 14:01:00,50,Steady Repeat
13762,United Kingdom,2472.48,5,2608,494.5,5,2011-05-05 09:15:00,219,High-Value Lapsed
13763,United Kingdom,5217.44,3,3224,1739.15,3,2011-10-07 15:13:00,63,High-Value Occasional
13764,United Kingdom,2919.62,6,2084,486.6,6,2011-09-30 12:03:00,71,High-Value Frequent
13765,United Kingdom,352.82,1,297,352.82,1,2010-02-24 13:46:00,653,Dormant / Inactive
13766,United Kingdom,190.35,1,137,190.35,1,2010-08-01 14:25:00,495,Dormant / Inactive
13767,United Kingdom,33903.57,73,14595,464.43,73,2011-12-07 15:00:00,2,High-Value Frequent
13768,United Kingdom,875.97,2,373,437.98,2,2009-12-13 10:41:00,727,Dormant / Inactive
13769,United Kingdom,5478.12,20,2452,273.91,20,2011-12-07 15:08:00,2,High-Value Frequent
13770,United Kingdom,785.37,4,468,196.34,4,2010-10-13 15:10:00,422,Dormant / Inactive
13771,United Kingdom,5728.82,9,3140,636.54,9,2011-10-06 14:18:00,64,High-Value Frequent
13772,United Kingdom,3100.02,8,1446,387.5,8,2011-11-06 11:43:00,34,High-Value Frequent
13773,United Kingdom,301.54,2,174,150.77,2,2010-11-08 11:49:00,397,Dormant / Inactive
13774,United Kingdom,345.0,1,192,345.0,1,2011-09-19 12:06:00,82,Occasional Active
13775,United Kingdom,1049.66,1,455,1049.66,1,2010-04-28 12:15:00,591,Dormant / Inactive
13776,United Kingdom,623.98,2,2,311.99,2,2010-10-07 16:11:00,428,Dormant / Inactive
13777,United Kingdom,49638.26,61,23190,813.74,61,2011-12-09 12:25:00,1,High-Value Frequent
13778,United Kingdom,1124.49,4,511,281.12,4,2011-08-28 15:25:00,103,Steady Repeat
13779,United Kingdom,161.13,1,53,161.13,1,2010-07-12 11:24:00,516,Dormant / Inactive
13780,United Kingdom,732.07,3,479,244.02,3,2011-12-02 13:49:00,7,Steady Repeat
13781,United Kingdom,778.83,3,300,259.61,3,2011-04-03 12:08:00,251,Dormant / Inactive
13782,United Kingdom,1786.08,13,643,137.39,13,2011-11-27 11:54:00,13,Steady Repeat
13783,United Kingdom,1542.09,4,3437,385.52,4,2010-08-09 09:23:00,488,Dormant / Inactive
13784,United Kingdom,2910.23,14,2827,207.87,14,2011-11-30 09:33:00,10,High-Value Frequent
13785,United Kingdom,542.49,4,151,135.62,4,2010-10-07 09:25:00,429,Dormant / Inactive
13786,United Kingdom,3127.99,6,1515,521.33,6,2010-12-07 13:53:00,367,High-Value Lapsed
13787,United Kingdom,1222.5,6,998,203.75,6,2011-09-25 12:06:00,76,Steady Repeat
13788,United Kingdom,3.75,1,1,3.75,1,2010-07-22 15:50:00,505,Dormant / Inactive
13789,United Kingdom,239.46,1,258,239.46,1,2010-11-16 15:31:00,388,Dormant / Inactive
13790,United Kingdom,348.8,1,748,348.8,1,2011-12-05 15:48:00,4,Occasional Active
13791,United Kingdom,1516.0,2,1200,758.0,2,2011-08-04 11:44:00,128,Occasional Active
13792,United Kingdom,383.95,3,156,127.98,3,2011-10-04 14:31:00,66,Steady Repeat
13793,United Kingdom,96.0,1,52,96.0,1,2010-03-03 08:25:00,647,Dormant / Inactive
13794,United Kingdom,126.03,1,63,126.03,1,2010-06-11 12:30:00,547,Dormant / Inactive
13795,United Kingdom,836.3,4,1250,209.08,4,2010-11-16 17:25:00,388,Dormant / Inactive
13796,United Kingdom,289.7,1,218,289.7,1,2010-07-28 14:45:00,499,Dormant / Inactive
13797,United Kingdom,1179.45,3,573,393.15,3,2010-09-29 10:34:00,437,Dormant / Inactive
13798,United Kingdom,75428.87,110,48187,685.72,110,2011-12-08 15:51:00,1,High-Value Frequent
13799,United Kingdom,2803.57,9,1539,311.51,9,2011-08-15 12:07:00,117,High-Value Frequent
13800,United Kingdom,1679.56,3,891,559.85,3,2011-02-03 12:27:00,310,Dormant / Inactive
13801,United Kingdom,324.8,1,168,324.8,1,2011-10-04 10:15:00,67,Occasional Active
13802,United Kingdom,26259.11,19,14129,1382.06,19,2011-07-24 10:54:00,139,High-Value Frequent
13803,United Kingdom,1338.91,3,831,446.3,3,2011-03-29 12:57:00,255,Dormant / Inactive
13804,United Kingdom,3161.12,9,1797,351.24,9,2011-11-09 12:32:00,31,High-Value Frequent
13805,United Kingdom,924.6,2,1900,462.3,2,2011-10-18 14:50:00,52,Occasional Active
13806,United Kingdom,256.38,1,56,256.38,1,2011-10-07 11:43:00,64,Occasional Active
13807,United Kingdom,422.2,3,116,140.73,3,2010-12-07 15:48:00,367,Dormant / Inactive
13808,United Kingdom,1747.66,5,782,349.53,5,2011-12-04 12:18:00,6,Steady Repeat
13809,Cyprus,679.7,3,281,226.57,3,2011-02-07 13:15:00,305,Dormant / Inactive
13810,Germany,1499.01,3,312,499.67,3,2011-11-11 08:33:00,29,Steady Repeat
13811,Germany,814.5,3,68,271.5,3,2011-06-09 09:54:00,184,Dormant / Inactive
13812,Germany,539.0,3,333,179.67,3,2011-10-28 14:27:00,42,Steady Repeat
13813,Germany,2765.47,8,1292,345.68,8,2011-10-31 10:38:00,40,High-Value Frequent
13814,Germany,2257.32,3,1214,752.44,3,2011-09-08 13:48:00,92,High-Value Occasional
13815,Germany,7475.74,8,5381,934.47,8,2011-11-17 14:19:00,22,High-Value Frequent
13816,Germany,571.67,2,269,285.83,2,2011-11-16 08:38:00,24,Occasional Active
13817,Germany,382.98,2,211,191.49,2,2011-11-10 17:49:00,29,Occasional Active
13818,United Kingdom,61.28,1,60,61.28,1,2010-10-06 12:35:00,430,Dormant / Inactive
13819,United Kingdom,2642.35,6,2309,440.39,6,2011-02-11 10:38:00,302,High-Value Lapsed
13820,United Kingdom,652.75,3,285,217.58,3,2010-10-17 13:46:00,418,Dormant / Inactive
13821,United Kingdom,1379.08,6,477,229.85,6,2011-07-18 09:49:00,145,Steady Repeat
13822,United Kingdom,632.0,2,611,316.0,2,2011-12-04 12:13:00,6,Occasional Active
13823,United Kingdom,3403.45,7,1564,486.21,7,2011-11-21 10:22:00,19,High-Value Frequent
13824,United Kingdom,3314.76,12,1442,276.23,12,2011-11-07 12:41:00,33,High-Value Frequent
13825,United Kingdom,255.59,2,182,127.8,2,2010-03-28 11:02:00,622,Dormant / Inactive
13826,United Kingdom,189.5,1,82,189.5,1,2011-06-16 13:48:00,176,Occasional Active
13827,United Kingdom,409.8,3,138,136.6,3,2011-10-13 12:38:00,58,Steady Repeat
13828,United Kingdom,209.49,1,311,209.49,1,2011-11-17 16:02:00,22,Occasional Active
13829,United Kingdom,102.0,1,12,102.0,1,2010-10-14 18:19:00,421,Dormant / Inactive
13830,United Kingdom,156.85,1,47,156.85,1,2010-05-07 12:24:00,582,Dormant / Inactive
13831,United Kingdom,6585.54,18,2393,365.86,18,2011-11-23 15:41:00,16,High-Value Frequent
13832,United Kingdom,609.89,2,420,304.94,2,2011-11-20 15:36:00,19,Occasional Active
13833,United Kingdom,700.41,2,243,350.2,2,2011-07-03 13:27:00,159,Occasional Active
13834,United Kingdom,324.19,2,221,162.1,2,2010-05-12 10:27:00,577,Dormant / Inactive
13835,United Kingdom,1095.27,7,520,156.47,7,2011-11-14 15:37:00,25,Steady Repeat
13836,United Kingdom,620.37,2,273,310.18,2,2010-11-05 13:31:00,399,Dormant / Inactive
13837,United Kingdom,266.59,2,182,133.29,2,2011-05-12 12:10:00,212,Dormant / Inactive
13838,United Kingdom,1690.07,10,694,169.01,10,2011-12-04 11:00:00,6,Steady Repeat
13839,United Kingdom,139.95,1,25,139.95,1,2010-08-10 13:52:00,486,Dormant / Inactive
13840,United Kingdom,651.4,1,358,651.4,1,2010-10-19 13:34:00,416,Dormant / Inactive
13841,United Kingdom,85.0,1,100,85.0,1,2011-04-01 12:10:00,253,Dormant / Inactive
13842,United Kingdom,5319.34,18,2716,295.52,18,2011-10-12 10:51:00,59,High-Value Frequent
13843,United Kingdom,319.75,1,145,319.75,1,2010-11-23 17:48:00,381,Dormant / Inactive
13844,United Kingdom,361.62,1,196,361.62,1,2011-11-28 13:21:00,11,Occasional Active
13845,United Kingdom,312.98,1,182,312.98,1,2011-10-06 08:25:00,65,Occasional Active
13846,United Kingdom,1307.79,4,705,326.95,4,2011-11-15 12:07:00,25,Steady Repeat
13847,United Kingdom,310.72,1,96,310.72,1,2009-12-20 10:41:00,720,Dormant / Inactive
13848,United Kingdom,3015.0,8,9200,376.88,8,2011-09-08 12:58:00,92,High-Value Frequent
13849,United Kingdom,3469.3,5,1883,693.86,5,2011-10-19 10:59:00,52,High-Value Occasional
13850,United Kingdom,1595.48,1,944,1595.48,1,2011-08-02 14:04:00,129,Occasional Active
13851,United Kingdom,4606.46,8,2525,575.81,8,2011-09-05 12:36:00,96,High-Value Frequent
13852,United Kingdom,187.35,1,85,187.35,1,2010-04-08 09:06:00,611,Dormant / Inactive
13853,United Kingdom,1090.14,1,312,1090.14,1,2011-10-13 14:18:00,57,Occasional Active
13854,United Kingdom,11944.56,39,3642,306.27,39,2011-12-01 09:06:00,9,High-Value Frequent
13855,United Kingdom,1310.34,4,575,327.58,4,2010-07-27 09:53:00,501,Dormant / Inactive
13856,United Kingdom,1142.03,11,1105,103.82,11,2011-06-24 10:03:00,169,Steady Repeat
13857,United Kingdom,1001.01,6,782,166.84,6,2010-11-11 12:54:00,393,Dormant / Inactive
13858,United Kingdom,216.17,1,75,216.17,1,2011-10-13 16:17:00,57,Occasional Active
13859,United Kingdom,515.86,2,167,257.93,2,2011-01-17 16:14:00,326,Dormant / Inactive
13860,United Kingdom,1245.9,5,591,249.18,5,2011-12-08 12:57:00,1,Steady Repeat
13861,United Kingdom,273.26,2,225,136.63,2,2010-10-06 14:20:00,429,Dormant / Inactive
13862,United Kingdom,2556.09,9,1927,284.01,9,2011-11-21 16:24:00,18,High-Value Frequent
13863,United Kingdom,1239.55,4,553,309.89,4,2011-04-06 10:20:00,248,Dormant / Inactive
13864,United Kingdom,662.4,1,192,662.4,1,2010-11-18 12:50:00,387,Dormant / Inactive
13865,United Kingdom,501.56,4,204,125.39,4,2011-10-12 13:31:00,58,Steady Repeat
13866,United Kingdom,145.67,1,57,145.67,1,2011-09-26 14:54:00,74,Occasional Active
13867,United Kingdom,1005.09,3,501,335.03,3,2011-11-08 15:48:00,31,Steady Repeat
13868,United Kingdom,3192.54,2,1964,1596.27,2,2011-12-02 16:32:00,7,High-Value Occasional
13869,United Kingdom,7996.87,10,4302,799.69,10,2011-08-08 13:53:00,123,High-Value Frequent
13870,United Kingdom,5712.08,15,3449,380.81,15,2011-12-07 13:23:00,2,High-Value Frequent
13871,United Kingdom,7885.85,17,3502,463.87,17,2011-11-17 10:49:00,23,High-Value Frequent
13872,United Kingdom,919.57,3,339,306.52,3,2010-06-30 15:35:00,527,Dormant / Inactive
13873,United Kingdom,1038.92,8,472,129.86,8,2011-08-12 10:08:00,120,Steady Repeat
13874,United Kingdom,2049.15,7,864,292.74,7,2010-12-16 18:20:00,358,Dormant / Inactive
13875,United Kingdom,4814.37,14,3072,343.88,14,2011-10-17 09:36:00,54,High-Value Frequent
13876,United Kingdom,122.7,1,36,122.7,1,2011-10-07 10:22:00,64,Occasional Active
13877,United Kingdom,449.68,3,478,149.89,3,2011-09-14 15:49:00,86,Steady Repeat
13878,United Kingdom,2416.9,4,927,604.22,4,2011-10-16 12:19:00,55,High-Value Occasional
13879,United Kingdom,395.5,1,204,395.5,1,2010-03-04 10:49:00,646,Dormant / Inactive
13880,United Kingdom,4293.86,17,2535,252.58,17,2011-11-18 13:44:00,21,High-Value Frequent
13881,United Kingdom,45179.1,43,29760,1050.68,43,2011-12-06 12:50:00,4,High-Value Frequent
13882,United Kingdom,1191.13,5,953,238.23,5,2011-12-07 11:16:00,3,Steady Repeat
13883,United Kingdom,6560.02,15,3584,437.33,15,2011-11-29 10:45:00,11,High-Value Frequent
13884,United Kingdom,1825.03,10,752,182.5,10,2011-12-02 16:30:00,7,Steady Repeat
13885,United Kingdom,506.8,2,182,253.4,2,2011-06-03 15:07:00,189,Dormant / Inactive
13886,United Kingdom,243.56,1,126,243.56,1,2011-09-29 13:17:00,71,Occasional Active
13887,United Kingdom,349.55,1,147,349.55,1,2011-05-19 17:22:00,204,Dormant / Inactive
13888,United Kingdom,2001.59,7,795,285.94,7,2011-08-12 10:13:00,120,Steady Repeat
13889,United Kingdom,1991.23,6,979,331.87,6,2011-09-08 09:13:00,93,Steady Repeat
13890,United Kingdom,2927.38,14,1392,209.1,14,2011-12-08 15:36:00,1,High-Value Frequent
13891,United Kingdom,859.21,3,476,286.4,3,2010-11-26 15:57:00,378,Dormant / Inactive
13892,United Kingdom,1267.65,6,3125,211.28,6,2011-11-13 11:50:00,27,Steady Repeat
13893,United Kingdom,821.1,1,190,821.1,1,2011-02-15 11:30:00,298,Dormant / Inactive
13894,United Kingdom,564.62,3,354,188.21,3,2011-11-16 09:44:00,24,Steady Repeat
13895,United Kingdom,4008.52,6,2060,668.09,6,2011-11-11 16:57:00,28,High-Value Frequent
13896,United Kingdom,388.55,1,149,388.55,1,2010-03-24 08:55:00,626,Dormant / Inactive
13897,United Kingdom,1160.72,3,820,386.91,3,2011-10-20 14:30:00,50,Steady Repeat
13898,United Kingdom,686.4,2,544,343.2,2,2011-01-18 10:28:00,326,Dormant / Inactive
13899,United Kingdom,388.52,2,156,194.26,2,2011-11-23 13:40:00,16,Occasional Active
13900,United Kingdom,1610.59,6,938,268.43,6,2011-06-09 19:26:00,183,Dormant / Inactive
13901,United Kingdom,5676.34,15,3344,378.42,15,2011-09-28 14:48:00,72,High-Value Frequent
13902,Denmark,34095.26,5,220600,6819.05,5,2010-03-17 13:09:00,632,High-Value Lapsed
13903,United Kingdom,165.45,1,103,165.45,1,2010-11-04 17:44:00,400,Dormant / Inactive
13904,United Kingdom,332.64,2,332,166.32,2,2011-11-02 13:41:00,37,Occasional Active
13905,United Kingdom,312.65,1,135,312.65,1,2009-12-07 11:41:00,733,Dormant / Inactive
13906,United Kingdom,42.0,1,100,42.0,1,2010-10-26 15:00:00,409,Dormant / Inactive
13907,United Kingdom,136.8,1,68,136.8,1,2010-01-17 12:22:00,692,Dormant / Inactive
13908,United Kingdom,2369.55,4,1478,592.39,4,2011-09-21 11:49:00,80,High-Value Occasional
13909,United Kingdom,282.85,2,301,141.43,2,2010-10-12 17:22:00,423,Dormant / Inactive
13911,United Kingdom,4234.99,20,4487,211.75,20,2011-10-13 15:43:00,57,High-Value Frequent
13912,United Kingdom,124.95,1,29,124.95,1,2010-10-12 08:43:00,424,Dormant / Inactive
13913,United Kingdom,42.22,1,10,42.22,1,2010-07-21 10:11:00,507,Dormant / Inactive
13914,United Kingdom,626.45,2,380,313.23,2,2011-11-28 10:35:00,12,Occasional Active
13915,United Kingdom,70.8,1,24,70.8,1,2010-11-10 15:17:00,394,Dormant / Inactive
13916,United Kingdom,1275.81,4,673,318.95,4,2010-09-02 10:04:00,464,Dormant / Inactive
13917,United Kingdom,272.04,2,228,136.02,2,2011-10-21 09:56:00,50,Occasional Active
13918,United Kingdom,1212.84,2,1140,606.42,2,2011-10-21 12:25:00,50,Occasional Active
13919,Denmark,1360.68,4,1133,340.17,4,2011-10-11 14:24:00,59,Steady Repeat
13920,United Kingdom,1774.68,4,1772,443.67,4,2010-10-04 12:37:00,432,Dormant / Inactive
13921,United Kingdom,730.7,4,210,182.68,4,2010-11-02 16:32:00,402,Dormant / Inactive
13922,United Kingdom,865.2,3,467,288.4,3,2010-12-23 10:38:00,352,Dormant / Inactive
13923,United Kingdom,351.13,1,185,351.13,1,2011-10-17 12:33:00,54,Occasional Active
13924,United Kingdom,1838.85,6,1575,306.47,6,2011-12-08 09:39:00,2,Steady Repeat
13925,United Kingdom,678.25,4,331,169.56,4,2011-09-08 12:47:00,93,Steady Repeat
13926,United Kingdom,223.85,1,104,223.85,1,2011-11-16 13:16:00,23,Occasional Active
13927,United Kingdom,708.26,2,463,354.13,2,2011-09-26 12:00:00,75,Occasional Active
13928,United Kingdom,464.57,4,129,116.14,4,2011-11-29 10:33:00,11,Steady Repeat
13929,United Kingdom,3494.1,11,1566,317.65,11,2011-06-23 15:26:00,169,High-Value Frequent
13930,United Kingdom,337.34,2,274,168.67,2,2011-10-13 09:45:00,58,Occasional Active
13931,United Kingdom,5257.38,11,3488,477.94,11,2011-09-05 10:12:00,96,High-Value Frequent
13932,United Kingdom,307.4,1,72,307.4,1,2011-02-18 12:02:00,295,Dormant / Inactive
13933,United Kingdom,608.79,2,205,304.4,2,2011-08-22 14:03:00,109,Occasional Active
13934,United Kingdom,922.1,1,390,922.1,1,2011-03-21 08:39:00,264,Dormant / Inactive
13935,United Kingdom,6116.92,3,2252,2038.97,3,2010-04-22 11:21:00,597,High-Value Lapsed
13936,United Kingdom,939.66,3,661,313.22,3,2011-06-13 08:47:00,180,Steady Repeat
13937,United Kingdom,880.13,2,587,440.06,2,2011-06-23 16:35:00,169,Occasional Active
13938,United Kingdom,71.66,1,70,71.66,1,2011-11-04 14:37:00,35,Occasional Active
13939,United Kingdom,1560.96,7,1608,222.99,7,2011-11-16 13:33:00,23,Steady Repeat
13940,United Kingdom,839.14,4,516,209.78,4,2011-11-22 15:15:00,17,Steady Repeat
13941,United Kingdom,10027.18,15,4782,668.48,15,2011-11-18 09:43:00,22,High-Value Frequent
13942,United Kingdom,320.0,1,1000,320.0,1,2010-06-23 12:35:00,535,Dormant / Inactive
13943,United Kingdom,246.54,1,94,246.54,1,2010-05-11 11:30:00,578,Dormant / Inactive
13944,United Kingdom,200.43,1,153,200.43,1,2010-02-24 15:02:00,653,Dormant / Inactive
13945,United Kingdom,854.15,2,413,427.08,2,2010-11-10 10:00:00,395,Dormant / Inactive
13946,United Kingdom,1876.23,6,2847,312.7,6,2011-09-21 13:33:00,79,Steady Repeat
13947,United Kingdom,90.6,1,44,90.6,1,2011-10-05 14:42:00,65,Occasional Active
13948,United Kingdom,548.76,4,248,137.19,4,2010-12-14 10:18:00,361,Dormant / Inactive
13949,United Kingdom,2427.32,6,2474,404.55,6,2011-12-07 09:35:00,3,High-Value Frequent
13950,United Kingdom,745.06,4,323,186.26,4,2011-11-28 14:44:00,11,Steady Repeat
13951,United Kingdom,674.45,3,459,224.82,3,2011-06-16 16:43:00,176,Steady Repeat
13952,United Kingdom,12823.52,14,5947,915.97,14,2011-05-06 09:00:00,218,High-Value Lapsed
13953,United Kingdom,6640.68,12,5224,553.39,12,2011-12-02 16:04:00,7,High-Value Frequent
13954,United Kingdom,439.92,2,150,219.96,2,2011-12-08 12:50:00,2,Occasional Active
13955,United Kingdom,544.07,3,272,181.36,3,2011-07-08 17:19:00,154,Steady Repeat
13956,United Kingdom,1019.27,5,486,203.85,5,2011-12-04 13:20:00,5,Steady Repeat
13957,United Kingdom,458.25,3,157,152.75,3,2010-10-18 10:02:00,418,Dormant / Inactive
13958,United Kingdom,4709.23,8,2264,588.65,8,2010-11-25 10:11:00,380,High-Value Lapsed
13959,United Kingdom,1064.77,6,694,177.46,6,2011-09-21 15:06:00,79,Steady Repeat
13960,United Kingdom,230.22,2,142,115.11,2,2011-11-18 15:27:00,21,Occasional Active
13961,United Kingdom,538.4,1,226,538.4,1,2010-11-12 14:40:00,392,Dormant / Inactive
13962,United Kingdom,362.8,3,160,120.93,3,2011-11-18 08:47:00,22,Steady Repeat
13963,United Kingdom,2860.57,17,2007,168.27,17,2011-02-04 14:43:00,308,High-Value Lapsed
13964,United Kingdom,438.9,2,228,219.45,2,2010-11-17 13:53:00,387,Dormant / Inactive
13965,United Kingdom,996.61,3,425,332.2,3,2010-08-20 10:40:00,477,Dormant / Inactive
13966,United Kingdom,384.26,1,760,384.26,1,2010-09-30 13:08:00,435,Dormant / Inactive
13967,United Kingdom,166.3,2,66,83.15,2,2011-07-17 12:02:00,146,Occasional Active
13968,United Kingdom,123.66,1,174,123.66,1,2010-10-12 13:22:00,423,Dormant / Inactive
13969,United Kingdom,12973.46,35,6640,370.67,35,2011-12-02 15:11:00,7,High-Value Frequent
13970,United Kingdom,846.55,2,469,423.28,2,2010-11-18 13:21:00,386,Dormant / Inactive
13971,United Kingdom,4667.57,14,3084,333.4,14,2011-11-21 12:06:00,19,High-Value Frequent
13972,United Kingdom,190.25,2,187,95.12,2,2011-09-30 11:54:00,71,Occasional Active
13973,United Kingdom,264.7,1,109,264.7,1,2011-02-25 15:21:00,287,Dormant / Inactive
13974,United Kingdom,677.72,2,356,338.86,2,2011-10-21 14:41:00,49,Occasional Active
13975,United Kingdom,5256.4,12,3884,438.03,12,2011-11-08 13:19:00,31,High-Value Frequent
13976,United Kingdom,1192.36,4,452,298.09,4,2011-05-17 09:13:00,207,Dormant / Inactive
13977,United Kingdom,519.81,1,303,519.81,1,2010-10-24 14:08:00,411,Dormant / Inactive
13978,United Kingdom,196.79,2,315,98.4,2,2011-11-25 11:36:00,15,Occasional Active
13979,United Kingdom,3379.93,7,2270,482.85,7,2011-09-27 13:32:00,73,High-Value Frequent
13980,United Kingdom,768.82,5,463,153.76,5,2011-10-10 13:34:00,60,Steady Repeat
13981,United Kingdom,331.14,1,234,331.14,1,2010-10-20 10:03:00,416,Dormant / Inactive
13982,United Kingdom,3954.29,9,2478,439.37,9,2011-10-31 16:24:00,39,High-Value Frequent
13983,United Kingdom,6753.89,21,3925,321.61,21,2011-11-10 11:06:00,30,High-Value Frequent
13984,United Kingdom,1893.8,12,1301,157.82,12,2011-11-13 12:38:00,27,Steady Repeat
13985,United Kingdom,10020.86,22,4936,455.49,22,2011-12-05 17:06:00,4,High-Value Frequent
13986,United Kingdom,320.46,1,430,320.46,1,2011-11-22 15:00:00,17,Occasional Active
13987,United Kingdom,682.54,2,492,341.27,2,2010-11-25 10:20:00,380,Dormant / Inactive
13988,United Kingdom,4757.8,8,3385,594.72,8,2011-11-20 10:15:00,20,High-Value Frequent
13989,United Kingdom,2026.06,5,2207,405.21,5,2011-10-05 09:47:00,66,Steady Repeat
13990,United Kingdom,311.3,1,190,311.3,1,2011-05-10 15:19:00,213,Dormant / Inactive
13991,United Kingdom,852.88,6,995,142.15,6,2011-11-27 16:18:00,12,Steady Repeat
13992,United Kingdom,219.5,3,154,73.17,3,2011-11-09 15:23:00,30,Steady Repeat
13993,United Kingdom,6775.71,19,2135,356.62,19,2011-10-28 09:06:00,43,High-Value Frequent
13994,United Kingdom,2274.14,6,932,379.02,6,2011-12-06 11:05:00,4,High-Value Frequent
13995,United Kingdom,3902.01,14,2359,278.72,14,2011-11-24 14:22:00,15,High-Value Frequent
13996,United Kingdom,895.76,2,613,447.88,2,2010-11-18 16:27:00,386,Dormant / Inactive
13997,United Kingdom,376.46,3,143,125.49,3,2010-07-08 18:06:00,519,Dormant / Inactive
13998,United Kingdom,566.7,3,204,188.9,3,2010-09-19 10:20:00,447,Dormant / Inactive
13999,United Kingdom,9502.26,29,5043,327.66,29,2011-11-29 13:40:00,10,High-Value Frequent
14000,United Kingdom,2046.34,5,1838,409.27,5,2011-05-12 16:50:00,211,Dormant / Inactive
14001,United Kingdom,4228.85,9,1779,469.87,9,2011-10-25 10:31:00,46,High-Value Frequent
14002,United Kingdom,529.73,2,877,264.86,2,2011-07-28 15:55:00,134,Occasional Active
14003,United Kingdom,209.41,1,149,209.41,1,2009-12-07 08:53:00,733,Dormant / Inactive
14004,United Kingdom,6258.45,11,3425,568.95,11,2011-10-27 14:40:00,43,High-Value Frequent
14005,United Kingdom,2874.72,5,2478,574.94,5,2011-11-30 12:41:00,10,High-Value Occasional
14006,United Kingdom,2196.67,7,2181,313.81,7,2011-08-16 09:39:00,116,Steady Repeat
14007,United Kingdom,79.48,1,16,79.48,1,2010-07-15 09:06:00,513,Dormant / Inactive
14008,United Kingdom,509.04,1,326,509.04,1,2010-10-03 13:09:00,432,Dormant / Inactive
14009,United Kingdom,1099.91,3,951,366.64,3,2011-05-25 15:47:00,198,Dormant / Inactive
14010,United Kingdom,445.15,2,177,222.58,2,2010-05-23 13:00:00,565,Dormant / Inactive
14011,United Kingdom,457.82,2,644,228.91,2,2010-08-16 15:31:00,480,Dormant / Inactive
14012,United Kingdom,328.8,1,160,328.8,1,2011-03-07 12:26:00,278,Dormant / Inactive
14013,United Kingdom,1084.57,5,775,216.91,5,2011-08-21 15:01:00,110,Steady Repeat
14014,United Kingdom,1948.21,3,2004,649.4,3,2011-09-23 13:18:00,77,Steady Repeat
14015,United Kingdom,917.34,1,378,917.34,1,2011-10-18 10:02:00,53,Occasional Active
14016,EIRE,11403.41,11,5722,1036.67,11,2011-07-01 11:29:00,162,High-Value Frequent
14017,United Kingdom,229.75,1,73,229.75,1,2010-05-17 14:52:00,571,Dormant / Inactive
14018,United Kingdom,367.15,1,224,367.15,1,2010-03-04 14:23:00,645,Dormant / Inactive
14019,United Kingdom,1421.61,3,1037,473.87,3,2011-10-24 10:13:00,47,Steady Repeat
14020,United Kingdom,1249.01,4,648,312.25,4,2011-11-23 09:22:00,17,Steady Repeat
14021,United Kingdom,1716.58,7,878,245.23,7,2011-07-07 15:46:00,155,Steady Repeat
14022,United Kingdom,792.15,2,681,396.08,2,2011-04-28 14:39:00,225,Dormant / Inactive
14023,United Kingdom,584.07,2,345,292.04,2,2011-12-02 13:58:00,7,Occasional Active
14024,United Kingdom,645.74,3,238,215.25,3,2011-08-10 11:30:00,122,Steady Repeat
14025,United Kingdom,4057.9,8,1914,507.24,8,2010-09-01 10:11:00,465,High-Value Lapsed
14026,United Kingdom,713.11,2,427,356.56,2,2010-08-26 10:31:00,471,Dormant / Inactive
14027,United Kingdom,104.82,1,62,104.82,1,2011-10-10 09:01:00,61,Occasional Active
14028,United Kingdom,10396.5,3,7170,3465.5,3,2010-06-07 13:33:00,550,High-Value Lapsed
14029,United Kingdom,467.66,2,198,233.83,2,2011-10-07 14:46:00,63,Occasional Active
14030,United Kingdom,7521.8,20,4215,376.09,20,2011-11-21 16:48:00,18,High-Value Frequent
14031,United Kingdom,39019.51,44,13783,886.81,44,2011-12-02 17:13:00,7,High-Value Frequent
14032,United Kingdom,4546.41,16,3740,284.15,16,2011-12-07 15:23:00,2,High-Value Frequent
14033,United Kingdom,109.44,1,576,109.44,1,2010-06-02 15:10:00,555,Dormant / Inactive
14034,United Kingdom,648.89,3,420,216.3,3,2011-11-17 14:02:00,22,Steady Repeat
14035,United Kingdom,2794.75,9,1405,310.53,9,2011-11-11 10:03:00,29,High-Value Frequent
14036,United Kingdom,626.65,1,268,626.65,1,2011-02-28 09:26:00,285,Dormant / Inactive
14037,United Kingdom,836.95,6,590,139.49,6,2011-06-16 13:57:00,176,Steady Repeat
14038,United Kingdom,3069.88,5,1708,613.98,5,2011-09-22 13:37:00,78,High-Value Occasional
14039,United Kingdom,267.28,2,192,133.64,2,2011-11-06 13:48:00,33,Occasional Active
14040,United Kingdom,12523.81,35,4972,357.82,35,2011-10-30 12:42:00,41,High-Value Frequent
14041,United Kingdom,141.41,1,94,141.41,1,2011-03-18 13:25:00,266,Dormant / Inactive
14042,United Kingdom,431.98,1,180,431.98,1,2009-12-14 15:07:00,725,Dormant / Inactive
14043,United Kingdom,302.6,2,152,151.3,2,2010-08-05 18:18:00,491,Dormant / Inactive
14044,United Kingdom,3077.7,10,2100,307.77,10,2011-11-13 12:05:00,27,High-Value Frequent
14045,United Kingdom,10986.63,16,4459,686.66,16,2011-08-22 15:27:00,109,High-Value Frequent
14046,United Kingdom,154.99,1,460,154.99,1,2011-02-28 14:48:00,284,Dormant / Inactive
14047,United Kingdom,3968.11,14,1541,283.44,14,2011-12-01 11:43:00,9,High-Value Frequent
14048,United Kingdom,748.69,3,467,249.56,3,2011-02-07 14:53:00,305,Dormant / Inactive
14049,United Kingdom,13023.4,13,8480,1001.8,13,2011-11-23 12:20:00,17,High-Value Frequent
14050,United Kingdom,746.36,2,689,373.18,2,2011-11-08 10:00:00,32,Occasional Active
14051,United Kingdom,21770.98,37,5709,588.4,37,2011-12-09 10:20:00,1,High-Value Frequent
14052,United Kingdom,466.66,2,174,233.33,2,2011-11-20 12:30:00,20,Occasional Active
14053,United Kingdom,572.3,4,490,143.07,4,2011-08-07 14:27:00,124,Steady Repeat
14054,United Kingdom,92.46,1,62,92.46,1,2011-10-05 15:49:00,65,Occasional Active
14055,United Kingdom,1520.96,3,720,506.99,3,2011-08-25 15:04:00,106,Steady Repeat
14056,United Kingdom,8152.71,23,4252,354.47,23,2011-12-08 13:36:00,1,High-Value Frequent
14057,United Kingdom,8346.66,22,6438,379.39,22,2011-11-16 10:32:00,24,High-Value Frequent
14058,United Kingdom,469.19,2,211,234.6,2,2010-09-03 09:31:00,463,Dormant / Inactive
14059,United Kingdom,183.6,1,128,183.6,1,2011-03-18 10:06:00,267,Dormant / Inactive
14060,United Kingdom,8898.24,30,7419,296.61,30,2011-12-05 12:29:00,5,High-Value Frequent
14061,United Kingdom,917.43,3,133,305.81,3,2010-07-20 17:22:00,507,Dormant / Inactive
14062,United Kingdom,25585.65,24,12794,1066.07,24,2011-11-30 10:04:00,10,High-Value Frequent
14063,United Kingdom,22710.2,9,3850,2523.36,9,2010-09-27 16:18:00,438,High-Value Lapsed
14064,United Kingdom,3260.24,15,3911,217.35,15,2011-11-10 13:14:00,29,High-Value Frequent
14065,United Kingdom,891.02,3,582,297.01,3,2010-11-15 16:13:00,389,Dormant / Inactive
14066,United Kingdom,152.55,1,45,152.55,1,2011-03-18 12:21:00,267,Dormant / Inactive
14067,United Kingdom,374.7,2,361,187.35,2,2011-10-07 10:21:00,64,Occasional Active
14068,United Kingdom,1516.72,4,510,379.18,4,2011-01-23 16:02:00,320,Dormant / Inactive
14069,United Kingdom,225.81,2,58,112.9,2,2010-07-13 12:12:00,515,Dormant / Inactive
14070,United Kingdom,321.6,1,85,321.6,1,2010-01-24 12:27:00,685,Dormant / Inactive
14071,United Kingdom,1437.57,8,994,179.7,8,2011-12-06 12:27:00,4,Steady Repeat
14072,United Kingdom,390.85,1,65,390.85,1,2010-02-11 12:31:00,667,Dormant / Inactive
14073,United Kingdom,151.04,1,130,151.04,1,2011-11-07 15:49:00,32,Occasional Active
14074,United Kingdom,219.4,1,228,219.4,1,2010-03-26 13:55:00,623,Dormant / Inactive
14075,United Kingdom,1734.87,6,1494,289.14,6,2011-12-05 08:38:00,5,Steady Repeat
14076,United Kingdom,118.67,1,79,118.67,1,2011-08-02 15:19:00,129,Occasional Active
14077,United Kingdom,615.08,6,376,102.51,6,2011-10-30 12:35:00,41,Steady Repeat
14078,United Kingdom,1553.47,9,586,172.61,9,2011-08-30 12:16:00,102,Steady Repeat
14079,United Kingdom,618.73,2,302,309.36,2,2011-08-07 12:10:00,125,Occasional Active
14080,United Kingdom,1115.68,5,268,223.14,5,2011-11-07 11:09:00,33,Steady Repeat
14081,United Kingdom,4867.57,10,3381,486.76,10,2011-02-10 16:17:00,302,High-Value Lapsed
14082,United Kingdom,413.36,2,246,206.68,2,2010-12-10 11:02:00,365,Dormant / Inactive
14083,United Kingdom,1082.19,11,760,98.38,11,2011-12-05 13:14:00,4,Steady Repeat
14084,United Kingdom,150.5,1,306,150.5,1,2010-07-15 14:36:00,512,Dormant / Inactive
14085,United Kingdom,9720.67,33,6434,294.57,33,2011-12-07 13:46:00,2,High-Value Frequent
14086,United Kingdom,39.95,1,1,39.95,1,2010-09-03 10:52:00,463,Dormant / Inactive
14087,United Kingdom,829.47,3,718,276.49,3,2011-12-07 12:41:00,3,Steady Repeat
14088,United Kingdom,64036.8,16,15276,4002.3,16,2011-11-29 16:16:00,10,High-Value Frequent
14089,United Kingdom,158.75,1,133,158.75,1,2011-10-14 10:38:00,57,Occasional Active
14090,United Kingdom,76.32,1,72,76.32,1,2011-01-19 10:51:00,325,Dormant / Inactive
14091,United Kingdom,9530.08,2,3316,4765.04,2,2010-02-23 15:17:00,654,High-Value Lapsed
14092,United Kingdom,7229.45,24,3606,301.23,24,2011-12-02 12:13:00,8,High-Value Frequent
14093,United Kingdom,433.86,1,391,433.86,1,2011-11-27 16:27:00,12,Occasional Active
14094,United Kingdom,311.77,1,158,311.77,1,2010-09-26 11:58:00,440,Dormant / Inactive
14095,United Kingdom,2.95,1,1,2.95,1,2009-12-17 12:49:00,723,Dormant / Inactive
14096,United Kingdom,65164.79,17,16352,3833.22,17,2011-12-05 17:17:00,4,High-Value Frequent
14097,United Kingdom,422.86,2,352,211.43,2,2010-08-15 14:20:00,481,Dormant / Inactive
14098,United Kingdom,147.35,1,104,147.35,1,2011-11-03 10:13:00,37,Occasional Active
14099,United Kingdom,5750.91,20,3666,287.55,20,2011-11-23 13:53:00,16,High-Value Frequent
14100,United Kingdom,191.95,1,63,191.95,1,2011-07-25 11:01:00,138,Occasional Active
14101,United Kingdom,9961.93,13,10542,766.3,13,2011-09-27 12:28:00,74,High-Value Frequent
14102,United Kingdom,1105.88,5,769,221.18,5,2011-12-04 15:38:00,5,Steady Repeat
14104,United Kingdom,743.53,5,496,148.71,5,2011-07-08 12:50:00,155,Steady Repeat
14105,United Kingdom,5988.83,5,3534,1197.77,5,2011-04-14 17:58:00,239,High-Value Lapsed
14106,United Kingdom,214.8,1,24,214.8,1,2009-12-02 14:09:00,737,Dormant / Inactive
14107,United Kingdom,4877.3,11,3489,443.39,11,2011-10-19 12:12:00,52,High-Value Frequent
14108,United Kingdom,1044.96,4,660,261.24,4,2011-11-09 10:41:00,31,Steady Repeat
14109,United Kingdom,144.2,1,88,144.2,1,2011-09-28 10:18:00,73,Occasional Active
14110,United Kingdom,12987.95,33,5825,393.57,33,2011-12-06 12:26:00,4,High-Value Frequent
14111,United Kingdom,692.85,4,458,173.21,4,2011-11-25 13:44:00,14,Steady Repeat
14112,United Kingdom,5834.59,13,3539,448.81,13,2011-11-17 12:30:00,23,High-Value Frequent
14113,United Kingdom,7092.61,16,3439,443.29,16,2011-12-06 12:18:00,4,High-Value Frequent
14114,United Kingdom,1364.09,7,650,194.87,7,2011-03-11 09:42:00,274,Dormant / Inactive
14115,United Kingdom,622.67,2,509,311.33,2,2010-07-26 12:36:00,502,Dormant / Inactive
14116,United Kingdom,1382.74,5,707,276.55,5,2011-11-20 10:29:00,20,Steady Repeat
14117,United Kingdom,90.0,1,72,90.0,1,2011-07-19 09:49:00,144,Occasional Active
14118,United Kingdom,458.45,1,97,458.45,1,2010-10-07 11:59:00,429,Dormant / Inactive
14119,United Kingdom,183.37,2,177,91.68,2,2010-11-29 10:33:00,376,Dormant / Inactive
14121,United Kingdom,2780.15,4,2082,695.04,4,2011-12-06 12:19:00,4,High-Value Occasional
14122,United Kingdom,362.42,3,114,120.81,3,2010-10-29 15:11:00,406,Dormant / Inactive
14123,United Kingdom,436.18,1,234,436.18,1,2009-12-06 15:35:00,733,Dormant / Inactive
14124,United Kingdom,419.58,1,1618,419.58,1,2011-09-16 13:32:00,84,Occasional Active
14125,United Kingdom,2720.63,3,1628,906.88,3,2011-11-29 12:47:00,11,High-Value Occasional
14126,United Kingdom,1172.46,4,887,293.12,4,2011-12-02 11:45:00,8,Steady Repeat
14127,United Kingdom,1900.08,6,828,316.68,6,2011-08-09 10:49:00,123,Steady Repeat
14128,United Kingdom,924.21,3,814,308.07,3,2011-10-10 12:00:00,61,Steady Repeat
14129,United Kingdom,2591.34,9,1414,287.93,9,2011-12-08 11:02:00,2,High-Value Frequent
14130,United Kingdom,1858.77,4,1215,464.69,4,2011-01-24 16:05:00,319,Dormant / Inactive
14131,United Kingdom,168.22,1,105,168.22,1,2010-03-01 11:59:00,649,Dormant / Inactive
14132,United Kingdom,3586.03,11,3368,326.0,11,2011-12-07 13:35:00,2,High-Value Frequent
14133,United Kingdom,911.14,4,398,227.78,4,2011-08-02 11:34:00,130,Steady Repeat
14134,United Kingdom,11123.35,15,5814,741.56,15,2010-11-22 12:26:00,383,High-Value Lapsed
14135,United Kingdom,8839.67,24,8534,368.32,24,2011-12-08 11:38:00,2,High-Value Frequent
14136,United Kingdom,1570.81,5,1148,314.16,5,2010-11-04 11:53:00,401,Dormant / Inactive
14137,United Kingdom,332.7,1,462,332.7,1,2010-01-13 12:30:00,696,Dormant / Inactive
14138,United Kingdom,965.88,2,600,482.94,2,2011-12-08 12:44:00,2,Occasional Active
14139,United Kingdom,1086.8,4,1049,271.7,4,2011-10-24 13:34:00,46,Steady Repeat
14140,United Kingdom,935.05,2,811,467.52,2,2011-12-06 09:05:00,4,Occasional Active
14141,United Kingdom,915.13,4,355,228.78,4,2011-12-07 09:53:00,3,Steady Repeat
14142,United Kingdom,671.34,2,518,335.67,2,2010-12-01 16:33:00,373,Dormant / Inactive
14143,United Kingdom,115.8,1,30,115.8,1,2011-07-29 09:48:00,134,Occasional Active
14144,United Kingdom,30.6,1,12,30.6,1,2010-08-10 15:17:00,486,Dormant / Inactive
14145,United Kingdom,7600.05,7,1655,1085.72,7,2011-10-24 12:10:00,47,High-Value Frequent
14146,United Kingdom,9450.3,12,5780,787.52,12,2011-12-01 10:18:00,9,High-Value Frequent
14147,United Kingdom,2590.2,9,995,287.8,9,2011-09-22 18:10:00,78,High-Value Frequent
14148,United Kingdom,466.29,2,223,233.14,2,2011-04-20 12:02:00,234,Dormant / Inactive
14149,United Kingdom,446.62,1,218,446.62,1,2011-05-03 09:44:00,221,Dormant / Inactive
14150,United Kingdom,658.64,2,496,329.32,2,2011-11-04 10:05:00,36,Occasional Active
14151,United Kingdom,679.45,2,405,339.72,2,2010-02-04 15:35:00,673,Dormant / Inactive
14152,United Kingdom,1997.34,7,1844,285.33,7,2011-09-25 12:54:00,75,Steady Repeat
14153,United Kingdom,233.4,1,312,233.4,1,2010-08-13 14:35:00,483,Dormant / Inactive
14154,United Kingdom,6460.7,8,3222,807.59,8,2011-04-14 16:26:00,239,High-Value Lapsed
14155,United Kingdom,118.75,1,25,118.75,1,2011-03-18 14:13:00,266,Dormant / Inactive
14156,EIRE,313437.62,156,164325,2009.22,156,2011-11-30 10:54:00,10,High-Value Frequent
14157,United Kingdom,978.69,5,521,195.74,5,2011-11-20 11:32:00,20,Steady Repeat
14158,United Kingdom,507.66,1,781,507.66,1,2011-10-30 15:08:00,40,Occasional Active
14159,United Kingdom,7860.8,20,6520,393.04,20,2011-11-20 12:36:00,20,High-Value Frequent
14160,United Kingdom,8421.47,7,4661,1203.07,7,2010-04-08 14:30:00,610,High-Value Lapsed
14161,United Kingdom,2996.93,7,1480,428.13,7,2011-05-08 11:41:00,216,High-Value Lapsed
14162,United Kingdom,289.36,2,142,144.68,2,2011-06-19 11:36:00,174,Occasional Active
14163,United Kingdom,2594.62,5,950,518.92,5,2011-09-13 15:18:00,87,High-Value Occasional
14164,United Kingdom,1631.77,2,1033,815.88,2,2011-09-30 12:24:00,71,Occasional Active
14165,United Kingdom,120.44,1,53,120.44,1,2011-03-09 12:39:00,276,Dormant / Inactive
14166,United Kingdom,251.15,2,82,125.58,2,2010-07-22 19:42:00,505,Dormant / Inactive
14167,United Kingdom,1274.29,8,340,159.29,8,2011-10-31 14:29:00,39,Steady Repeat
14168,United Kingdom,370.45,2,147,185.22,2,2010-10-15 10:49:00,421,Dormant / Inactive
14169,United Kingdom,621.51,2,205,310.76,2,2010-10-05 08:45:00,431,Dormant / Inactive
14170,United Kingdom,570.18,3,270,190.06,3,2010-11-29 13:10:00,375,Dormant / Inactive
14171,United Kingdom,498.79,2,211,249.4,2,2011-09-02 16:43:00,98,Occasional Active
14172,United Kingdom,369.02,3,78,123.01,3,2010-04-13 13:26:00,605,Dormant / Inactive
14173,United Kingdom,586.0,6,194,97.67,6,2011-11-29 11:54:00,11,Steady Repeat
14174,United Kingdom,134.46,1,94,134.46,1,2011-11-06 13:17:00,33,Occasional Active
14175,United Kingdom,7678.88,8,3009,959.86,8,2011-10-11 11:55:00,60,High-Value Frequent
14176,United Kingdom,756.46,5,265,151.29,5,2011-02-15 13:12:00,297,Dormant / Inactive
14177,United Kingdom,2209.69,13,1043,169.98,13,2011-09-14 15:11:00,86,Steady Repeat
14178,United Kingdom,1600.26,7,1494,228.61,7,2011-12-01 12:01:00,9,Steady Repeat
14179,United Kingdom,701.57,2,319,350.78,2,2011-10-30 12:07:00,41,Occasional Active
14180,United Kingdom,6117.5,33,847,185.38,33,2011-11-29 10:56:00,11,High-Value Frequent
14181,United Kingdom,308.35,2,120,154.18,2,2010-10-25 08:27:00,411,Dormant / Inactive
14182,United Kingdom,678.77,4,174,169.69,4,2010-09-22 11:45:00,444,Dormant / Inactive
14183,United Kingdom,278.34,2,60,139.17,2,2010-10-24 14:45:00,411,Dormant / Inactive
14184,United Kingdom,452.89,1,127,452.89,1,2011-10-04 12:43:00,67,Occasional Active
14185,United Kingdom,197.65,1,6,197.65,1,2011-01-12 13:52:00,331,Dormant / Inactive
14186,United Kingdom,1550.63,5,1550,310.13,5,2010-10-08 13:30:00,427,Dormant / Inactive
14187,United Kingdom,123.5,1,50,123.5,1,2010-08-23 12:06:00,474,Dormant / Inactive
14188,United Kingdom,2054.36,6,1162,342.39,6,2011-11-09 12:45:00,31,Steady Repeat
14189,United Kingdom,5503.15,16,4392,343.95,16,2011-12-07 15:55:00,2,High-Value Frequent
14190,United Kingdom,79.9,1,2,79.9,1,2010-02-11 14:27:00,666,Dormant / Inactive
14191,United Kingdom,4817.66,15,3724,321.18,15,2011-12-08 09:23:00,2,High-Value Frequent
14192,United Kingdom,293.74,1,218,293.74,1,2010-11-16 17:44:00,388,Dormant / Inactive
14193,United Kingdom,1210.19,3,653,403.4,3,2011-10-03 09:34:00,68,Steady Repeat
14194,United Kingdom,18670.59,36,10037,518.63,36,2011-12-05 10:38:00,5,High-Value Frequent
14195,United Kingdom,2615.6,6,2144,435.93,6,2011-05-22 10:29:00,202,High-Value Lapsed
14196,United Kingdom,335.52,1,142,335.52,1,2011-08-25 10:25:00,107,Occasional Active
14197,United Kingdom,390.05,1,143,390.05,1,2010-10-25 10:01:00,411,Dormant / Inactive
14198,United Kingdom,1569.73,9,623,174.41,9,2011-11-21 16:35:00,18,Steady Repeat
14199,United Kingdom,1091.7,4,254,272.92,4,2011-05-05 13:44:00,218,Dormant / Inactive
14200,United Kingdom,379.2,1,140,379.2,1,2010-04-01 13:01:00,617,Dormant / Inactive
14201,United Kingdom,1193.54,10,806,119.35,10,2011-10-10 13:27:00,60,Steady Repeat
14202,United Kingdom,847.76,3,166,282.59,3,2010-11-23 17:13:00,381,Dormant / Inactive
14203,United Kingdom,339.34,1,80,339.34,1,2010-11-07 13:35:00,397,Dormant / Inactive
14204,United Kingdom,1024.83,4,469,256.21,4,2011-12-07 13:38:00,2,Steady Repeat
14205,United Kingdom,2414.2,9,1342,268.24,9,2011-11-23 10:55:00,17,High-Value Frequent
14206,United Kingdom,1185.01,3,930,395.0,3,2011-04-14 16:38:00,239,Dormant / Inactive
14207,United Kingdom,157.8,1,36,157.8,1,2010-01-21 09:33:00,688,Dormant / Inactive
14208,United Kingdom,567.05,2,529,283.52,2,2011-09-06 12:48:00,95,Occasional Active
14209,United Kingdom,4993.27,15,1739,332.88,15,2011-11-29 10:18:00,11,High-Value Frequent
14210,United Kingdom,5556.57,16,2511,347.29,16,2011-08-26 12:36:00,106,High-Value Frequent
14211,United Kingdom,4402.29,18,2575,244.57,18,2011-10-17 13:23:00,53,High-Value Frequent
14212,United Kingdom,2190.14,2,2046,1095.07,2,2011-09-11 12:45:00,90,Occasional Active
14213,United Kingdom,1192.2,1,244,1192.2,1,2010-10-31 10:37:00,405,Dormant / Inactive
14214,United Kingdom,1004.38,5,751,200.88,5,2011-11-09 10:31:00,31,Steady Repeat
14215,United Kingdom,3250.33,9,2181,361.15,9,2011-11-28 12:19:00,12,High-Value Frequent
14216,United Kingdom,2150.04,5,712,430.01,5,2011-12-06 14:56:00,3,Steady Repeat
14217,United Kingdom,3298.59,23,1230,143.42,23,2011-12-08 11:53:00,2,High-Value Frequent
14218,United Kingdom,169.48,1,160,169.48,1,2011-10-28 10:00:00,43,Occasional Active
14219,United Kingdom,633.83,3,363,211.28,3,2011-12-05 16:23:00,4,Steady Repeat
14220,United Kingdom,1515.0,4,468,378.75,4,2011-04-06 13:23:00,247,Dormant / Inactive
14221,United Kingdom,6517.49,17,3808,383.38,17,2011-10-28 13:42:00,42,High-Value Frequent
14222,United Kingdom,683.17,1,607,683.17,1,2011-06-15 16:42:00,177,Occasional Active
14223,United Kingdom,991.13,3,585,330.38,3,2011-09-08 13:38:00,92,Steady Repeat
14224,United Kingdom,1841.71,9,826,204.63,9,2011-08-21 13:24:00,110,Steady Repeat
14225,United Kingdom,2031.07,4,1167,507.77,4,2010-10-01 10:32:00,435,Dormant / Inactive
14226,United Kingdom,2985.13,6,1714,497.52,6,2011-11-11 11:34:00,29,High-Value Frequent
14227,United Kingdom,6368.71,15,4048,424.58,15,2011-11-13 15:48:00,26,High-Value Frequent
14228,United Kingdom,745.5,3,260,248.5,3,2010-09-28 09:45:00,438,Dormant / Inactive
14229,United Kingdom,2594.04,7,934,370.58,7,2011-10-19 10:04:00,52,High-Value Frequent
14230,United Kingdom,979.8,3,246,326.6,3,2010-09-30 09:07:00,436,Dormant / Inactive
14231,United Kingdom,1235.62,4,610,308.9,4,2011-06-09 11:05:00,184,Dormant / Inactive
14232,United Kingdom,2048.07,5,1941,409.61,5,2011-10-28 11:09:00,43,Steady Repeat
14233,United Kingdom,2904.27,7,1261,414.9,7,2011-10-21 15:54:00,49,High-Value Frequent
14234,United Kingdom,754.12,4,951,188.53,4,2011-11-17 17:53:00,22,Steady Repeat
14235,United Kingdom,4717.99,9,3014,524.22,9,2011-09-25 14:37:00,75,High-Value Frequent
14236,United Kingdom,1555.34,5,774,311.07,5,2011-09-20 09:13:00,81,Steady Repeat
14237,United Kingdom,471.14,2,238,235.57,2,2010-12-01 13:20:00,373,Dormant / Inactive
14238,United Kingdom,434.23,3,189,144.74,3,2011-01-17 14:40:00,326,Dormant / Inactive
14239,United Kingdom,4263.17,21,1729,203.01,21,2011-10-27 14:40:00,43,High-Value Frequent
14240,United Kingdom,1247.49,3,655,415.83,3,2011-11-09 13:45:00,30,Steady Repeat
14241,United Kingdom,333.7,2,242,166.85,2,2011-06-09 11:46:00,184,Dormant / Inactive
14242,United Kingdom,280.55,2,123,140.28,2,2011-04-19 11:46:00,235,Dormant / Inactive
14243,United Kingdom,7217.75,17,3631,424.57,17,2011-12-01 11:12:00,9,High-Value Frequent
14244,United Kingdom,366.42,1,814,366.42,1,2010-02-17 11:40:00,661,Dormant / Inactive
14245,United Kingdom,1693.45,2,976,846.72,2,2011-05-04 08:40:00,220,Dormant / Inactive
14246,United Kingdom,1474.06,3,804,491.35,3,2011-08-21 11:50:00,111,Steady Repeat
14247,United Kingdom,753.56,5,378,150.71,5,2011-03-06 15:21:00,278,Dormant / Inactive
14248,United Kingdom,1032.95,3,692,344.32,3,2011-01-25 14:45:00,318,Dormant / Inactive
14249,United Kingdom,5400.46,12,2383,450.04,12,2010-10-25 12:34:00,411,High-Value Lapsed
14250,United Kingdom,1904.05,3,1200,634.68,3,2011-12-02 14:30:00,7,Steady Repeat
14251,United Kingdom,2879.7,5,1674,575.94,5,2011-12-08 08:32:00,2,High-Value Occasional
14252,United Kingdom,350.99,1,111,350.99,1,2010-11-23 13:36:00,381,Dormant / Inactive
14253,United Kingdom,363.4,2,88,181.7,2,2010-08-03 14:55:00,493,Dormant / Inactive
14254,United Kingdom,601.03,1,263,601.03,1,2010-10-03 11:52:00,433,Dormant / Inactive
14255,United Kingdom,1000.63,1,1,1000.63,1,2010-06-11 15:54:00,546,Dormant / Inactive
14256,United Kingdom,2460.79,5,1147,492.16,5,2011-03-24 13:17:00,260,High-Value Lapsed
14257,United Kingdom,5954.45,9,3332,661.61,9,2011-10-06 16:54:00,64,High-Value Frequent
14258,United Kingdom,32051.34,25,17488,1282.05,25,2011-11-30 15:27:00,9,High-Value Frequent
14259,United Kingdom,120.0,1,68,120.0,1,2011-07-21 10:44:00,142,Occasional Active
14260,United Kingdom,824.28,3,544,274.76,3,2010-08-25 14:55:00,471,Dormant / Inactive
14261,United Kingdom,1163.45,2,406,581.72,2,2011-10-20 10:04:00,51,Occasional Active
14262,United Kingdom,2618.23,8,1645,327.28,8,2011-12-01 14:17:00,8,High-Value Frequent
14263,United Kingdom,322.93,1,171,322.93,1,2010-10-12 14:09:00,423,Dormant / Inactive
14264,United Kingdom,1517.36,6,553,252.89,6,2011-07-08 10:20:00,155,Steady Repeat
14265,Unspecified,1373.35,4,715,343.34,4,2011-08-22 13:32:00,109,Steady Repeat
14266,United Kingdom,40.56,1,24,40.56,1,2010-10-07 13:32:00,428,Dormant / Inactive
14267,United Kingdom,1516.24,3,530,505.41,3,2011-06-30 10:09:00,163,Steady Repeat
14268,United Kingdom,354.85,1,147,354.85,1,2010-08-26 10:45:00,471,Dormant / Inactive
14269,United Kingdom,295.73,1,123,295.73,1,2010-09-26 12:53:00,439,Dormant / Inactive
14270,United Kingdom,492.65,1,197,492.65,1,2011-01-12 09:33:00,332,Dormant / Inactive
14271,United Kingdom,214.18,2,148,107.09,2,2011-04-28 12:47:00,226,Dormant / Inactive
14272,United Kingdom,920.81,4,1097,230.2,4,2011-09-27 10:08:00,74,Steady Repeat
14273,United Kingdom,559.97,4,264,139.99,4,2011-10-19 13:20:00,51,Steady Repeat
14274,United Kingdom,256.6,1,178,256.6,1,2010-01-22 12:51:00,686,Dormant / Inactive
14275,United Kingdom,1189.38,6,538,198.23,6,2010-11-09 09:06:00,396,Dormant / Inactive
14276,United Kingdom,2102.68,7,1406,300.38,7,2011-09-02 09:45:00,99,Steady Repeat
14277,France,17197.61,9,89806,1910.85,9,2011-11-24 15:01:00,15,High-Value Frequent
14278,United Kingdom,205.83,1,131,205.83,1,2010-10-26 12:07:00,410,Dormant / Inactive
14279,United Kingdom,191.86,2,46,95.93,2,2010-07-07 08:42:00,521,Dormant / Inactive
14280,United Kingdom,134.04,1,52,134.04,1,2011-05-27 10:37:00,197,Dormant / Inactive
14281,United Kingdom,245.15,1,45,245.15,1,2010-10-27 14:45:00,408,Dormant / Inactive
14282,United Kingdom,7250.76,25,5166,290.03,25,2011-12-06 17:04:00,3,High-Value Frequent
14283,United Kingdom,628.44,4,550,157.11,4,2010-09-02 14:46:00,463,Dormant / Inactive
14284,United Kingdom,1299.65,3,510,433.22,3,2011-11-09 08:11:00,31,Steady Repeat
14285,United Kingdom,3284.42,8,954,410.55,8,2011-11-18 14:50:00,21,High-Value Frequent
14286,United Kingdom,8479.76,7,8795,1211.39,7,2011-11-16 10:34:00,24,High-Value Frequent
14287,United Kingdom,176.63,3,261,58.88,3,2011-12-01 13:25:00,8,Steady Repeat
14288,United Kingdom,426.6,1,188,426.6,1,2011-05-10 13:22:00,213,Dormant / Inactive
14289,United Kingdom,911.26,6,292,151.88,6,2011-12-01 11:44:00,9,Steady Repeat
14290,United Kingdom,4516.56,8,1600,564.57,8,2011-11-28 14:02:00,11,High-Value Frequent
14291,United Kingdom,7904.1,23,6146,343.66,23,2011-12-08 10:26:00,2,High-Value Frequent
14292,United Kingdom,9226.25,16,3429,576.64,16,2011-12-02 11:50:00,8,High-Value Frequent
14293,United Kingdom,2903.01,9,1558,322.56,9,2011-12-06 15:17:00,3,High-Value Frequent
14294,United Kingdom,375.34,1,190,375.34,1,2010-10-28 16:25:00,407,Dormant / Inactive
14295,United Kingdom,2362.91,5,1029,472.58,5,2011-10-30 15:50:00,40,High-Value Occasional
14296,United Kingdom,456.4,2,314,228.2,2,2010-10-14 14:14:00,421,Dormant / Inactive
14297,United Kingdom,1305.33,4,865,326.33,4,2011-11-22 09:06:00,18,Steady Repeat
14298,United Kingdom,91194.49,82,100272,1112.13,82,2011-12-01 13:12:00,8,High-Value Frequent
14299,United Kingdom,14070.25,27,8136,521.12,27,2011-12-01 16:05:00,8,High-Value Frequent
14300,United Kingdom,43.2,1,32,43.2,1,2011-11-21 08:57:00,19,Occasional Active
14301,United Kingdom,1992.18,4,1686,498.04,4,2011-08-14 15:33:00,117,Steady Repeat
14302,United Kingdom,742.9,3,298,247.63,3,2010-10-05 08:10:00,431,Dormant / Inactive
14303,United Kingdom,277.94,2,218,138.97,2,2010-10-28 15:37:00,407,Dormant / Inactive
14304,United Kingdom,1725.01,3,775,575.0,3,2011-05-01 11:50:00,223,Dormant / Inactive
14305,United Kingdom,1858.96,3,1089,619.65,3,2011-09-29 15:29:00,71,Steady Repeat
14306,United Kingdom,3151.4,6,2065,525.23,6,2011-10-19 13:23:00,51,High-Value Frequent
14307,United Kingdom,4287.92,10,2816,428.79,10,2011-09-12 09:38:00,89,High-Value Frequent
14308,United Kingdom,1147.02,2,2,573.51,2,2010-06-08 16:48:00,549,Dormant / Inactive
14309,United Kingdom,3780.81,11,2583,343.71,11,2011-12-01 13:33:00,8,High-Value Frequent
14310,United Kingdom,492.1,1,230,492.1,1,2010-10-03 12:34:00,433,Dormant / Inactive
14311,United Kingdom,516.45,2,235,258.23,2,2011-04-11 10:14:00,243,Dormant / Inactive
14312,United Kingdom,3090.29,11,1904,280.94,11,2011-10-24 09:46:00,47,High-Value Frequent
14314,United Kingdom,229.8,2,332,114.9,2,2011-08-25 10:39:00,107,Occasional Active
14315,United Kingdom,3197.82,8,1344,399.73,8,2011-10-26 12:06:00,45,High-Value Frequent
14316,United Kingdom,1370.34,5,4494,274.07,5,2010-10-13 16:31:00,422,Dormant / Inactive
14317,United Kingdom,508.58,1,255,508.58,1,2011-10-06 10:44:00,65,Occasional Active
14318,United Kingdom,158.02,1,152,158.02,1,2010-09-05 15:32:00,460,Dormant / Inactive
14319,United Kingdom,494.85,1,329,494.85,1,2010-10-11 13:38:00,424,Dormant / Inactive
14320,United Kingdom,1346.75,5,713,269.35,5,2011-05-17 09:24:00,207,Dormant / Inactive
14321,United Kingdom,2218.06,7,3275,316.87,7,2011-11-29 09:47:00,11,Steady Repeat
14322,United Kingdom,474.1,4,158,118.52,4,2010-10-06 15:17:00,429,Dormant / Inactive
14323,United Kingdom,605.06,2,350,302.53,2,2011-08-17 11:37:00,115,Occasional Active
14324,United Kingdom,701.61,2,402,350.8,2,2010-10-26 11:44:00,410,Dormant / Inactive
14325,United Kingdom,245.48,1,320,245.48,1,2010-05-19 09:20:00,570,Dormant / Inactive
14326,United Kingdom,940.98,3,572,313.66,3,2011-04-11 15:04:00,242,Dormant / Inactive
14327,United Kingdom,1894.93,6,1296,315.82,6,2011-06-29 13:58:00,163,Steady Repeat
14328,United Kingdom,445.05,1,1,445.05,1,2010-09-27 16:01:00,438,Dormant / Inactive
14329,United Kingdom,9887.62,15,5913,659.17,15,2011-11-22 15:50:00,17,High-Value Frequent
14330,United Kingdom,200.63,1,103,200.63,1,2010-03-26 09:10:00,624,Dormant / Inactive
14331,United Kingdom,462.66,2,252,231.33,2,2011-08-07 13:17:00,124,Occasional Active
14332,United Kingdom,1917.41,5,875,383.48,5,2011-11-17 11:54:00,23,Steady Repeat
14333,United Kingdom,415.2,1,58,415.2,1,2011-10-03 10:38:00,68,Occasional Active
14334,United Kingdom,4318.48,12,2986,359.87,12,2011-11-23 10:01:00,17,High-Value Frequent
14335,Germany,454.86,2,375,227.43,2,2011-11-23 13:41:00,16,Occasional Active
14336,United Kingdom,1614.91,4,1759,403.73,4,2011-11-23 11:40:00,17,Steady Repeat
14338,United Kingdom,928.1,3,622,309.37,3,2011-07-01 14:08:00,161,Steady Repeat
14339,United Kingdom,620.27,2,456,310.14,2,2011-04-11 11:06:00,243,Dormant / Inactive
14340,United Kingdom,134.7,1,58,134.7,1,2011-05-05 09:44:00,219,Dormant / Inactive
14341,United Kingdom,4452.02,18,2813,247.33,18,2011-10-25 15:48:00,45,High-Value Frequent
14342,United Kingdom,918.44,6,521,153.07,6,2011-11-18 13:21:00,21,Steady Repeat
14343,United Kingdom,1079.66,4,626,269.92,4,2010-10-14 13:05:00,421,Dormant / Inactive
14344,United Kingdom,2993.05,20,1546,149.65,20,2011-08-04 13:51:00,127,High-Value Frequent
14345,United Kingdom,108.98,1,50,108.98,1,2011-11-01 09:51:00,39,Occasional Active
14346,United Kingdom,2315.75,5,1878,463.15,5,2011-08-11 09:47:00,121,High-Value Occasional
14347,United Kingdom,82.6,1,48,82.6,1,2009-12-03 10:49:00,737,Dormant / Inactive
14348,United Kingdom,409.57,1,183,409.57,1,2011-03-24 16:23:00,260,Dormant / Inactive
14349,United Kingdom,133.5,1,86,133.5,1,2011-11-29 15:39:00,10,Occasional Active
14350,United Kingdom,972.03,3,543,324.01,3,2011-03-10 14:14:00,274,Dormant / Inactive
14351,United Kingdom,51.0,1,12,51.0,1,2011-06-28 11:56:00,165,Occasional Active
14352,United Kingdom,1078.96,4,538,269.74,4,2011-07-05 15:41:00,157,Steady Repeat
14353,United Kingdom,376.5,3,344,125.5,3,2011-05-08 16:06:00,215,Dormant / Inactive
14354,United Kingdom,163.62,2,210,81.81,2,2011-12-04 11:32:00,6,Occasional Active
14355,United Kingdom,840.05,3,617,280.02,3,2010-12-09 12:16:00,366,Dormant / Inactive
14356,United Kingdom,701.23,2,277,350.62,2,2011-09-21 09:18:00,80,Occasional Active
14357,United Kingdom,225.12,1,147,225.12,1,2011-10-27 16:23:00,43,Occasional Active
14358,United Kingdom,400.06,2,338,200.03,2,2010-11-15 15:51:00,389,Dormant / Inactive
14359,United Kingdom,912.18,3,371,304.06,3,2011-11-20 13:17:00,19,Steady Repeat
14360,United Kingdom,2118.03,4,1139,529.51,4,2011-11-08 09:12:00,32,Steady Repeat
14361,United Kingdom,214.71,1,251,214.71,1,2010-05-10 12:29:00,579,Dormant / Inactive
14362,United Kingdom,151.5,1,96,151.5,1,2011-11-17 15:08:00,22,Occasional Active
14363,United Kingdom,227.47,2,105,113.74,2,2010-11-02 17:01:00,402,Dormant / Inactive
14364,United Kingdom,3717.35,8,1967,464.67,8,2011-08-23 11:01:00,109,High-Value Frequent
14365,United Kingdom,634.68,2,557,317.34,2,2010-11-10 09:52:00,395,Dormant / Inactive
14366,United Kingdom,136.0,1,16,136.0,1,2010-07-02 17:23:00,525,Dormant / Inactive
14367,United Kingdom,9227.82,16,4426,576.74,16,2011-12-01 13:19:00,8,High-Value Frequent
14368,United Kingdom,155.0,1,36,155.0,1,2011-01-24 09:52:00,320,Dormant / Inactive
14369,United Kingdom,469.13,2,255,234.56,2,2010-03-07 15:47:00,642,Dormant / Inactive
14370,United Kingdom,1175.78,6,266,195.96,6,2010-09-15 10:53:00,451,Dormant / Inactive
14371,United Kingdom,100.5,1,34,100.5,1,2011-02-17 16:35:00,295,Dormant / Inactive
14372,United Kingdom,860.08,2,378,430.04,2,2010-09-22 16:17:00,443,Dormant / Inactive
14373,United Kingdom,76.55,1,17,76.55,1,2010-12-16 15:40:00,358,Dormant / Inactive
14374,United Kingdom,108.0,1,20,108.0,1,2010-06-16 14:25:00,541,Dormant / Inactive
14375,United Kingdom,1106.82,3,647,368.94,3,2011-06-07 13:44:00,185,Dormant / Inactive
14376,United Kingdom,215.46,1,50,215.46,1,2010-01-25 15:36:00,683,Dormant / Inactive
14377,United Kingdom,617.05,2,219,308.52,2,2011-06-01 13:32:00,191,Dormant / Inactive
14378,United Kingdom,131.25,1,57,131.25,1,2010-03-28 12:22:00,622,Dormant / Inactive
14379,United Kingdom,1265.16,4,712,316.29,4,2011-10-26 16:43:00,44,Steady Repeat
14380,United Kingdom,48.96,1,1,48.96,1,2010-01-26 17:11:00,682,Dormant / Inactive
14381,United Kingdom,625.94,2,449,312.97,2,2011-10-18 17:10:00,52,Occasional Active
14382,United Kingdom,1193.63,2,1667,596.82,2,2011-11-13 16:18:00,26,Occasional Active
14383,United Kingdom,1247.69,3,817,415.9,3,2011-11-01 15:53:00,38,Steady Repeat
14384,United Kingdom,58.5,1,30,58.5,1,2010-07-27 09:53:00,501,Dormant / Inactive
14385,United Kingdom,202.11,3,159,67.37,3,2011-11-30 15:36:00,9,Steady Repeat
14386,United Kingdom,142.4,1,54,142.4,1,2011-02-16 09:45:00,297,Dormant / Inactive
14387,United Kingdom,1727.6,3,795,575.87,3,2011-11-07 12:29:00,33,Steady Repeat
14388,United Kingdom,6388.2,16,4190,399.26,16,2011-11-29 13:32:00,10,High-Value Frequent
14389,United Kingdom,1898.01,5,1388,379.6,5,2011-10-05 15:17:00,65,Steady Repeat
14390,United Kingdom,6150.03,13,2830,473.08,13,2011-11-29 13:49:00,10,High-Value Frequent
14391,United Kingdom,135.6,1,168,135.6,1,2010-05-12 09:42:00,577,Dormant / Inactive
14392,United Kingdom,266.4,1,114,266.4,1,2010-10-03 12:56:00,432,Dormant / Inactive
14393,United Kingdom,67.95,1,13,67.95,1,2011-05-05 18:16:00,218,Dormant / Inactive
14394,United Kingdom,93.8,1,58,93.8,1,2010-05-24 10:43:00,565,Dormant / Inactive
14395,United Kingdom,7801.93,20,3872,390.1,20,2011-12-07 14:34:00,2,High-Value Frequent
14396,United Kingdom,1969.38,7,959,281.34,7,2011-10-05 16:09:00,65,Steady Repeat
14397,United Kingdom,2612.96,19,1890,137.52,19,2011-12-07 09:22:00,3,High-Value Frequent
14398,United Kingdom,707.79,2,267,353.9,2,2010-11-03 13:46:00,401,Dormant / Inactive
14399,United Kingdom,2108.21,8,965,263.53,8,2010-11-10 13:23:00,394,Dormant / Inactive
14400,United Kingdom,1732.47,3,1706,577.49,3,2011-07-13 15:50:00,149,Steady Repeat
14401,United Kingdom,6795.9,22,6401,308.9,22,2011-12-05 13:30:00,4,High-Value Frequent
14402,United Kingdom,285.6,1,240,285.6,1,2010-02-25 13:20:00,652,Dormant / Inactive
14403,United Kingdom,1880.51,6,737,313.42,6,2011-08-01 12:57:00,130,Steady Repeat
14404,United Kingdom,2724.13,13,1577,209.55,13,2011-11-06 12:30:00,34,High-Value Frequent
14405,United Kingdom,195.0,1,100,195.0,1,2010-11-18 11:40:00,387,Dormant / Inactive
14406,United Kingdom,156.75,1,77,156.75,1,2011-08-12 16:54:00,119,Occasional Active
14407,United Kingdom,2157.73,6,1415,359.62,6,2011-08-24 14:02:00,107,Steady Repeat
14408,United Kingdom,4102.27,11,2438,372.93,11,2011-11-29 11:41:00,11,High-Value Frequent
14409,United Kingdom,3427.29,9,2233,380.81,9,2011-09-29 18:18:00,71,High-Value Frequent
14410,United Kingdom,2631.9,11,1369,239.26,11,2011-09-08 15:08:00,92,High-Value Frequent
14411,United Kingdom,1063.0,1,196,1063.0,1,2011-02-02 10:56:00,311,Dormant / Inactive
14412,United Kingdom,1426.19,3,1428,475.4,3,2011-10-28 10:45:00,43,Steady Repeat
14413,United Kingdom,764.52,4,277,191.13,4,2010-12-12 13:37:00,362,Dormant / Inactive
14414,United Kingdom,2399.33,8,2877,299.92,8,2011-09-09 12:09:00,92,High-Value Frequent
14415,United Kingdom,11980.09,23,6263,520.87,23,2011-12-08 14:38:00,1,High-Value Frequent
14416,United Kingdom,490.22,2,326,245.11,2,2011-11-17 15:22:00,22,Occasional Active
14417,United Kingdom,524.65,1,543,524.65,1,2010-11-17 10:55:00,388,Dormant / Inactive
14418,United Kingdom,1937.25,3,1711,645.75,3,2011-12-06 11:39:00,4,Steady Repeat
14419,United Kingdom,1254.64,7,552,179.23,7,2011-11-29 11:22:00,11,Steady Repeat
14420,United Kingdom,1639.17,4,1120,409.79,4,2011-09-01 18:07:00,99,Steady Repeat
14421,United Kingdom,2469.37,6,1342,411.56,6,2011-10-13 13:24:00,57,High-Value Frequent
14422,United Kingdom,10271.52,19,6067,540.61,19,2011-12-09 11:26:00,1,High-Value Frequent
14423,United Kingdom,916.61,3,419,305.54,3,2011-05-05 15:12:00,218,Dormant / Inactive
14424,United Kingdom,322.08,1,48,322.08,1,2011-11-22 11:48:00,18,Occasional Active
14425,United Kingdom,661.39,3,325,220.46,3,2010-10-01 10:24:00,435,Dormant / Inactive
14426,United Kingdom,11727.94,17,7023,689.88,17,2011-11-16 12:25:00,24,High-Value Frequent
14427,United Kingdom,1263.52,4,538,315.88,4,2011-10-20 14:23:00,50,Steady Repeat
14428,United Kingdom,1224.06,5,428,244.81,5,2011-12-02 13:17:00,7,Steady Repeat
14429,United Kingdom,516.28,1,286,516.28,1,2010-11-01 10:08:00,404,Dormant / Inactive
14430,United Kingdom,1220.9,3,446,406.97,3,2010-07-16 11:35:00,512,Dormant / Inactive
14431,United Kingdom,2614.2,4,1202,653.55,4,2011-02-10 10:40:00,303,High-Value Lapsed
14432,United Kingdom,2248.5,6,2013,374.75,6,2011-11-30 08:04:00,10,High-Value Frequent
14433,United Kingdom,280.7,1,131,280.7,1,2010-08-31 12:35:00,466,Dormant / Inactive
14434,United Kingdom,1372.8,6,368,228.8,6,2011-11-18 08:56:00,22,Steady Repeat
14435,United Kingdom,90.42,1,282,90.42,1,2010-07-26 12:33:00,502,Dormant / Inactive
14436,United Kingdom,271.7,2,297,135.85,2,2011-09-02 10:13:00,99,Occasional Active
14437,United Kingdom,873.34,5,420,174.67,5,2010-12-09 09:27:00,366,Dormant / Inactive
14438,United Kingdom,131.9,1,82,131.9,1,2011-02-06 14:56:00,306,Dormant / Inactive
14439,Greece,9443.04,5,2244,1888.61,5,2011-01-24 11:39:00,320,High-Value Lapsed
14440,United Kingdom,5982.03,13,1605,460.16,13,2011-12-01 15:42:00,8,High-Value Frequent
14441,United Kingdom,4611.69,11,1260,419.24,11,2011-12-09 09:07:00,1,High-Value Frequent
14442,Channel Islands,5367.02,7,1431,766.72,7,2011-05-19 11:36:00,205,High-Value Lapsed
14443,United Kingdom,2082.97,5,1357,416.59,5,2011-10-17 10:10:00,54,Steady Repeat
14444,United Kingdom,120.44,1,172,120.44,1,2010-09-09 18:56:00,456,Dormant / Inactive
14445,United Kingdom,221.65,1,83,221.65,1,2010-09-10 11:09:00,456,Dormant / Inactive
14446,United Kingdom,1200.28,5,1091,240.06,5,2011-12-09 11:34:00,1,Steady Repeat
14447,United Kingdom,1711.73,6,913,285.29,6,2011-11-21 08:28:00,19,Steady Repeat
14448,United Kingdom,375.35,2,104,187.68,2,2011-11-30 13:50:00,9,Occasional Active
14449,United Kingdom,2230.96,8,1604,278.87,8,2011-11-21 12:06:00,19,Steady Repeat
14450,United Kingdom,1128.44,7,522,161.21,7,2011-06-12 10:46:00,181,Dormant / Inactive
14451,United Kingdom,3258.68,12,1737,271.56,12,2011-10-10 13:38:00,60,High-Value Frequent
14452,United Kingdom,658.95,4,285,164.74,4,2011-11-29 12:06:00,11,Steady Repeat
14453,United Kingdom,119.93,1,49,119.93,1,2011-06-02 14:15:00,190,Dormant / Inactive
14454,United Kingdom,977.3,5,400,195.46,5,2010-11-28 13:26:00,376,Dormant / Inactive
14455,United Kingdom,617.72,4,706,154.43,4,2010-10-03 15:48:00,432,Dormant / Inactive
14456,United Kingdom,3017.28,9,2885,335.25,9,2011-12-04 13:59:00,5,High-Value Frequent
14457,United Kingdom,113.64,1,88,113.64,1,2011-02-02 09:39:00,311,Dormant / Inactive
14458,United Kingdom,228.07,1,317,228.07,1,2010-11-24 12:43:00,381,Dormant / Inactive
14459,United Kingdom,5375.74,2,2303,2687.87,2,2011-07-07 13:35:00,155,High-Value Occasional
14460,United Kingdom,1093.5,9,1879,121.5,9,2011-08-21 14:19:00,110,Steady Repeat
14461,United Kingdom,6676.91,13,3005,513.61,13,2011-07-14 17:11:00,148,High-Value Frequent
14462,United Kingdom,2242.81,12,1063,186.9,12,2011-10-04 15:55:00,66,Steady Repeat
14463,United Kingdom,786.57,4,210,196.64,4,2011-09-02 15:20:00,98,Steady Repeat
14464,United Kingdom,111.0,2,62,55.5,2,2010-05-20 18:00:00,568,Dormant / Inactive
14465,United Kingdom,3925.85,11,2539,356.9,11,2011-04-07 12:38:00,247,High-Value Lapsed
14466,United Kingdom,4267.15,13,2507,328.24,13,2011-11-10 14:07:00,29,High-Value Frequent
14467,United Kingdom,2203.24,12,1187,183.6,12,2011-11-22 12:48:00,18,Steady Repeat
14468,United Kingdom,204.24,1,164,204.24,1,2009-12-06 12:21:00,734,Dormant / Inactive
14469,United Kingdom,2093.46,4,973,523.36,4,2010-10-19 14:30:00,416,Dormant / Inactive
14470,United Kingdom,712.04,3,282,237.35,3,2011-11-28 10:31:00,12,Steady Repeat
14471,United Kingdom,400.95,2,187,200.48,2,2010-04-27 17:12:00,591,Dormant / Inactive
14472,United Kingdom,2118.72,9,1271,235.41,9,2011-08-28 11:01:00,104,Steady Repeat
14473,United Kingdom,234.34,2,88,117.17,2,2011-09-26 15:10:00,74,Occasional Active
14474,United Kingdom,1258.89,2,448,629.45,2,2011-10-24 13:26:00,46,Occasional Active
14475,United Kingdom,1151.15,4,541,287.79,4,2011-09-29 10:46:00,72,Steady Repeat
14476,United Kingdom,193.0,1,110,193.0,1,2011-03-27 15:39:00,257,Dormant / Inactive
14477,United Kingdom,1969.6,7,1120,281.37,7,2011-11-20 11:11:00,20,Steady Repeat
14478,United Kingdom,1276.66,4,1226,319.17,4,2010-11-22 15:29:00,382,Dormant / Inactive
14479,United Kingdom,1124.71,4,562,281.18,4,2011-03-31 09:07:00,254,Dormant / Inactive
14480,United Kingdom,1299.52,4,670,324.88,4,2011-11-28 16:35:00,11,Steady Repeat
14481,United Kingdom,2284.69,5,1568,456.94,5,2011-06-28 10:38:00,165,High-Value Occasional
14482,United Kingdom,4306.72,12,2869,358.89,12,2011-11-21 13:14:00,18,High-Value Frequent
14483,United Kingdom,257.1,2,193,128.55,2,2011-03-03 10:26:00,282,Dormant / Inactive
14484,United Kingdom,1070.98,4,744,267.74,4,2011-10-20 14:11:00,50,Steady Repeat
14485,United Kingdom,162.8,1,70,162.8,1,2011-11-01 12:25:00,39,Occasional Active
14486,United Kingdom,175.5,2,90,87.75,2,2010-07-16 09:42:00,512,Dormant / Inactive
14487,United Kingdom,1266.27,7,761,180.9,7,2011-11-13 12:17:00,27,Steady Repeat
14488,United Kingdom,1064.28,1,799,1064.28,1,2011-10-03 09:30:00,68,Occasional Active
14489,United Kingdom,1574.93,4,1011,393.73,4,2011-05-16 14:51:00,207,Dormant / Inactive
14490,United Kingdom,1273.47,2,933,636.74,2,2010-10-29 15:04:00,406,Dormant / Inactive
14491,United Kingdom,340.93,2,139,170.46,2,2011-06-17 15:22:00,175,Occasional Active
14492,United Kingdom,1921.91,7,751,274.56,7,2010-10-05 13:21:00,430,Dormant / Inactive
14493,United Kingdom,5087.86,10,3148,508.79,10,2011-12-02 16:14:00,7,High-Value Frequent
14494,United Kingdom,401.46,3,210,133.82,3,2011-11-14 09:21:00,26,Steady Repeat
14495,United Kingdom,174.8,3,68,58.27,3,2011-10-20 12:28:00,51,Steady Repeat
14496,United Kingdom,2363.89,7,905,337.7,7,2011-02-01 09:01:00,312,High-Value Lapsed
14497,United Kingdom,697.06,2,332,348.53,2,2011-02-03 17:01:00,309,Dormant / Inactive
14498,United Kingdom,3900.83,10,2120,390.08,10,2011-10-28 12:09:00,43,High-Value Frequent
14499,United Kingdom,2101.79,7,1231,300.26,7,2011-11-13 13:01:00,26,Steady Repeat
14500,United Kingdom,356.85,3,117,118.95,3,2011-09-12 16:45:00,88,Steady Repeat
14501,United Kingdom,251.21,2,161,125.6,2,2011-06-09 12:02:00,184,Dormant / Inactive
14502,United Kingdom,2429.83,11,1480,220.89,11,2011-11-20 11:50:00,20,High-Value Frequent
14503,United Kingdom,3543.26,6,2004,590.54,6,2011-12-06 13:30:00,3,High-Value Frequent
14504,United Kingdom,673.26,4,308,168.32,4,2011-10-23 16:00:00,47,Steady Repeat
14505,United Kingdom,11879.08,19,5325,625.21,19,2011-11-22 15:45:00,17,High-Value Frequent
14506,United Kingdom,2960.25,7,936,422.89,7,2011-11-22 13:02:00,17,High-Value Frequent
14507,United Kingdom,3216.74,11,1491,292.43,11,2011-11-16 12:21:00,24,High-Value Frequent
14508,United Kingdom,822.92,5,347,164.58,5,2011-11-17 19:48:00,22,Steady Repeat
14509,United Kingdom,110.95,1,38,110.95,1,2010-06-23 13:21:00,534,Dormant / Inactive
14510,United Kingdom,979.85,3,793,326.62,3,2010-11-29 12:46:00,376,Dormant / Inactive
14511,United Kingdom,1314.81,5,784,262.96,5,2011-11-28 17:05:00,11,Steady Repeat
14512,United Kingdom,1215.97,7,736,173.71,7,2011-06-05 12:39:00,188,Dormant / Inactive
14513,United Kingdom,788.01,6,593,131.34,6,2011-08-31 11:25:00,101,Steady Repeat
14514,United Kingdom,4380.04,9,2362,486.67,9,2011-10-09 16:05:00,61,High-Value Frequent
14515,United Kingdom,3724.06,12,1893,310.34,12,2011-11-22 11:37:00,18,High-Value Frequent
14516,United Kingdom,151.17,1,63,151.17,1,2010-07-11 14:07:00,516,Dormant / Inactive
14517,United Kingdom,330.45,2,91,165.22,2,2011-11-06 14:20:00,33,Occasional Active
14518,United Kingdom,174.37,1,278,174.37,1,2011-10-06 14:43:00,64,Occasional Active
14519,United Kingdom,203.14,2,81,101.57,2,2010-01-25 11:18:00,684,Dormant / Inactive
14520,United Kingdom,270.6,2,146,135.3,2,2011-12-08 09:46:00,2,Occasional Active
14521,United Kingdom,199.45,1,211,199.45,1,2010-08-05 16:35:00,491,Dormant / Inactive
14522,United Kingdom,1748.42,8,956,218.55,8,2011-11-15 13:24:00,24,Steady Repeat
14523,United Kingdom,241.09,1,251,241.09,1,2011-08-23 13:13:00,108,Occasional Active
14524,United Kingdom,2909.86,13,1169,223.84,13,2011-11-08 12:29:00,32,High-Value Frequent
14525,United Kingdom,8026.54,17,5106,472.15,17,2011-11-20 11:37:00,20,High-Value Frequent
14526,United Kingdom,258.65,1,178,258.65,1,2010-11-15 13:32:00,389,Dormant / Inactive
14527,United Kingdom,27246.88,122,6647,223.34,122,2011-12-07 12:19:00,3,High-Value Frequent
14528,United Kingdom,364.22,1,278,364.22,1,2011-11-02 17:09:00,37,Occasional Active
14529,United Kingdom,578.61,3,325,192.87,3,2011-10-10 15:27:00,60,Steady Repeat
14530,United Kingdom,6088.87,16,2989,380.55,16,2011-11-14 10:38:00,26,High-Value Frequent
14531,United Kingdom,376.34,1,260,376.34,1,2010-08-17 10:16:00,480,Dormant / Inactive
14532,United Kingdom,3845.78,11,1111,349.62,11,2011-04-17 13:05:00,236,High-Value Lapsed
14533,United Kingdom,3466.37,11,6038,315.12,11,2011-11-15 12:05:00,25,High-Value Frequent
14534,United Kingdom,6187.66,26,2822,237.99,26,2011-12-07 12:19:00,3,High-Value Frequent
14535,United Kingdom,5973.23,9,3214,663.69,9,2011-10-10 15:39:00,60,High-Value Frequent
14536,United Kingdom,170.95,1,39,170.95,1,2011-03-25 12:21:00,260,Dormant / Inactive
14537,United Kingdom,641.4,2,228,320.7,2,2011-10-13 10:54:00,58,Occasional Active
14538,United Kingdom,1370.84,5,284,274.17,5,2011-10-06 10:31:00,65,Steady Repeat
14539,United Kingdom,537.48,2,428,268.74,2,2011-11-24 09:50:00,16,Occasional Active
14540,United Kingdom,3709.64,11,1595,337.24,11,2011-11-30 10:15:00,10,High-Value Frequent
14541,United Kingdom,2491.38,14,1123,177.96,14,2011-10-12 10:08:00,59,High-Value Frequent
14542,United Kingdom,103.25,1,19,103.25,1,2011-06-07 08:19:00,186,Dormant / Inactive
14543,United Kingdom,14587.87,39,2639,374.05,39,2011-11-11 12:45:00,29,High-Value Frequent
14544,United Kingdom,2938.53,3,2412,979.51,3,2011-11-15 15:06:00,24,High-Value Occasional
14545,United Kingdom,349.25,1,236,349.25,1,2010-02-03 15:23:00,674,Dormant / Inactive
14546,United Kingdom,5184.84,11,2688,471.35,11,2011-12-04 13:00:00,5,High-Value Frequent
14547,United Kingdom,3974.75,8,2639,496.84,8,2011-12-06 11:06:00,4,High-Value Frequent
14548,United Kingdom,2541.29,9,986,282.37,9,2011-07-12 12:19:00,151,High-Value Frequent
14549,United Kingdom,913.6,4,394,228.4,4,2011-02-01 13:47:00,311,Dormant / Inactive
14550,United Kingdom,1345.06,4,771,336.26,4,2011-11-29 12:12:00,11,Steady Repeat
14551,United Kingdom,878.09,7,486,125.44,7,2011-11-21 13:36:00,18,Steady Repeat
14552,United Kingdom,507.93,3,258,169.31,3,2011-07-11 12:49:00,152,Steady Repeat
14553,United Kingdom,1818.6,9,1118,202.07,9,2011-11-20 13:20:00,19,Steady Repeat
14554,United Kingdom,2279.49,4,1443,569.87,4,2011-11-29 16:44:00,10,High-Value Occasional
14555,United Kingdom,2304.03,6,842,384.01,6,2011-10-13 16:24:00,57,High-Value Frequent
14556,United Kingdom,815.69,3,323,271.9,3,2010-04-22 14:57:00,596,Dormant / Inactive
14557,United Kingdom,788.38,1,510,788.38,1,2011-09-15 15:48:00,85,Occasional Active
14558,United Kingdom,655.5,3,162,218.5,3,2010-02-23 12:51:00,654,Dormant / Inactive
14559,United Kingdom,75.6,1,72,75.6,1,2010-11-14 16:05:00,390,Dormant / Inactive
14560,United Kingdom,6114.03,44,4580,138.96,44,2011-12-02 15:22:00,7,High-Value Frequent
14561,United Kingdom,1080.76,3,1014,360.25,3,2011-09-25 12:39:00,76,Steady Repeat
14562,United Kingdom,6638.15,26,2574,255.31,26,2011-12-06 11:05:00,4,High-Value Frequent
14563,United Kingdom,640.54,2,279,320.27,2,2010-07-18 12:01:00,510,Dormant / Inactive
14564,Channel Islands,2605.62,2,1295,1302.81,2,2010-10-01 09:02:00,435,High-Value Lapsed
14565,United Kingdom,3859.22,5,1940,771.84,5,2011-09-05 09:07:00,96,High-Value Occasional
14566,Channel Islands,4092.0,4,2400,1023.0,4,2011-08-21 11:05:00,111,High-Value Occasional
14567,United Kingdom,1530.36,2,412,765.18,2,2011-10-14 10:21:00,57,Occasional Active
14568,Channel Islands,919.7,1,645,919.7,1,2010-09-30 17:15:00,435,Dormant / Inactive
14569,United Kingdom,597.33,4,257,149.33,4,2011-12-08 14:58:00,1,Steady Repeat
14570,United Kingdom,613.75,3,431,204.58,3,2011-03-04 10:58:00,281,Dormant / Inactive
14571,United Kingdom,160.0,1,56,160.0,1,2010-10-10 15:06:00,425,Dormant / Inactive
14572,United Kingdom,5526.88,11,2878,502.44,11,2011-12-06 14:40:00,3,High-Value Frequent
14573,United Kingdom,2163.12,13,683,166.39,13,2011-06-13 11:15:00,180,Steady Repeat
14574,United Kingdom,143.7,1,63,143.7,1,2009-12-07 12:42:00,733,Dormant / Inactive
14575,United Kingdom,420.22,1,163,420.22,1,2010-08-08 14:51:00,488,Dormant / Inactive
14576,United Kingdom,35.4,1,12,35.4,1,2010-12-02 17:51:00,372,Dormant / Inactive
14577,United Kingdom,1364.15,7,569,194.88,7,2011-11-27 12:47:00,13,Steady Repeat
14578,United Kingdom,168.63,1,240,168.63,1,2011-12-06 17:18:00,3,Occasional Active
14579,United Kingdom,105.56,1,56,105.56,1,2010-10-03 14:36:00,432,Dormant / Inactive
14580,United Kingdom,14.85,1,3,14.85,1,2010-07-09 15:20:00,518,Dormant / Inactive
14581,United Kingdom,409.65,2,304,204.82,2,2011-11-23 12:39:00,17,Occasional Active
14582,United Kingdom,114.11,1,73,114.11,1,2011-10-30 11:56:00,41,Occasional Active
14583,United Kingdom,1660.29,8,1071,207.54,8,2011-12-04 12:32:00,6,Steady Repeat
14584,United Kingdom,1738.16,8,960,217.27,8,2011-06-23 18:33:00,169,Steady Repeat
14585,United Kingdom,1143.27,5,630,228.65,5,2011-10-20 14:33:00,50,Steady Repeat
14586,United Kingdom,237.36,1,444,237.36,1,2011-03-08 10:04:00,277,Dormant / Inactive
14587,United Kingdom,1580.29,9,749,175.59,9,2011-11-21 11:34:00,19,Steady Repeat
14588,United Kingdom,135.39,1,62,135.39,1,2010-05-10 15:08:00,578,Dormant / Inactive
14589,United Kingdom,39.75,1,5,39.75,1,2010-12-03 11:42:00,372,Dormant / Inactive
14590,United Kingdom,2993.37,20,901,149.67,20,2010-10-11 12:06:00,425,High-Value Lapsed
14591,United Kingdom,1320.21,4,1228,330.05,4,2011-11-24 13:57:00,15,Steady Repeat
14592,United Kingdom,557.94,3,407,185.98,3,2011-11-04 16:35:00,35,Steady Repeat
14593,United Kingdom,3665.53,12,1848,305.46,12,2011-11-18 12:48:00,22,High-Value Frequent
14594,United Kingdom,363.33,2,183,181.66,2,2011-12-02 13:28:00,7,Occasional Active
14595,United Kingdom,2164.45,8,1228,270.56,8,2011-11-20 12:12:00,20,Steady Repeat
14596,United Kingdom,222.22,1,75,222.22,1,2010-03-23 12:13:00,627,Dormant / Inactive
14597,United Kingdom,2184.63,6,1436,364.1,6,2011-11-28 13:13:00,11,Steady Repeat
14598,United Kingdom,384.04,2,354,192.02,2,2011-10-26 13:19:00,44,Occasional Active
14599,United Kingdom,457.89,2,292,228.94,2,2010-11-14 14:49:00,390,Dormant / Inactive
14600,United Kingdom,865.17,2,487,432.58,2,2011-02-07 09:48:00,306,Dormant / Inactive
14601,United Kingdom,213.96,1,168,213.96,1,2011-11-29 09:48:00,11,Occasional Active
14602,United Kingdom,205.36,1,80,205.36,1,2010-02-21 15:47:00,656,Dormant / Inactive
14603,United Kingdom,660.0,1,400,660.0,1,2011-03-10 10:27:00,275,Dormant / Inactive
14604,United Kingdom,143.86,1,88,143.86,1,2010-03-16 13:00:00,633,Dormant / Inactive
14605,United Kingdom,921.56,4,416,230.39,4,2010-11-30 14:07:00,374,Dormant / Inactive
14606,United Kingdom,29951.37,192,15217,156.0,192,2011-12-08 19:28:00,1,High-Value Frequent
14607,United Kingdom,23763.13,22,15335,1080.14,22,2011-11-24 10:35:00,16,High-Value Frequent
14608,United Kingdom,3352.94,11,927,304.81,11,2011-12-05 16:52:00,4,High-Value Frequent
14609,United Kingdom,1486.2,10,12720,148.62,10,2011-09-28 12:54:00,72,Steady Repeat
14610,United Kingdom,24.35,2,15,12.18,2,2010-11-09 10:58:00,396,Dormant / Inactive
14611,United Kingdom,604.33,2,582,302.17,2,2010-09-22 09:19:00,444,Dormant / Inactive
14612,United Kingdom,877.7,1,134,877.7,1,2010-10-20 16:01:00,415,Dormant / Inactive
14613,United Kingdom,76.32,1,72,76.32,1,2010-01-28 13:02:00,680,Dormant / Inactive
14614,United Kingdom,295.13,1,189,295.13,1,2010-11-18 13:04:00,386,Dormant / Inactive
14615,United Kingdom,951.76,5,495,190.35,5,2010-11-10 13:36:00,394,Dormant / Inactive
14616,United Kingdom,527.78,5,170,105.56,5,2011-04-11 09:54:00,243,Dormant / Inactive
14617,United Kingdom,190.47,2,81,95.24,2,2010-11-02 11:41:00,403,Dormant / Inactive
14618,United Kingdom,1342.32,7,704,191.76,7,2011-11-30 13:45:00,9,Steady Repeat
14619,United Kingdom,1291.24,2,594,645.62,2,2011-04-08 07:37:00,246,Dormant / Inactive
14620,United Kingdom,412.78,2,214,206.39,2,2011-05-18 11:58:00,206,Dormant / Inactive
14621,United Kingdom,3000.57,9,1706,333.4,9,2011-12-08 16:22:00,1,High-Value Frequent
14622,United Kingdom,320.58,1,146,320.58,1,2011-06-08 12:42:00,185,Dormant / Inactive
14623,United Kingdom,2016.98,10,1025,201.7,10,2011-11-07 13:56:00,32,Steady Repeat
14624,United Kingdom,814.07,6,645,135.68,6,2011-10-13 13:44:00,57,Steady Repeat
14625,United Kingdom,4497.88,11,2155,408.9,11,2011-05-27 15:32:00,196,High-Value Lapsed
14626,United Kingdom,5410.92,11,3135,491.9,11,2011-11-16 10:37:00,24,High-Value Frequent
14627,United Kingdom,462.75,1,284,462.75,1,2010-11-25 16:32:00,379,Dormant / Inactive
14628,United Kingdom,1998.0,5,1147,399.6,5,2011-09-09 14:58:00,91,Steady Repeat
14629,United Kingdom,955.26,2,378,477.63,2,2011-12-05 16:55:00,4,Occasional Active
14630,United Kingdom,338.65,1,111,338.65,1,2010-08-12 16:38:00,484,Dormant / Inactive
14631,United Kingdom,2025.69,6,1407,337.62,6,2011-10-20 11:17:00,51,Steady Repeat
14632,United Kingdom,114.56,1,96,114.56,1,2011-03-22 08:49:00,263,Dormant / Inactive
14633,United Kingdom,344.9,1,96,344.9,1,2011-03-18 17:07:00,266,Dormant / Inactive
14634,United Kingdom,2124.46,4,1906,531.12,4,2010-09-28 10:40:00,438,Dormant / Inactive
14635,United Kingdom,215.22,1,118,215.22,1,2010-09-12 10:47:00,454,Dormant / Inactive
14636,United Kingdom,609.85,2,241,304.92,2,2011-11-03 16:12:00,36,Occasional Active
14637,United Kingdom,106.68,1,100,106.68,1,2010-01-31 15:52:00,677,Dormant / Inactive
14638,United Kingdom,443.6,1,166,443.6,1,2011-10-20 10:10:00,51,Occasional Active
14639,United Kingdom,4978.96,9,2410,553.22,9,2011-10-18 15:06:00,52,High-Value Frequent
14640,United Kingdom,3649.36,10,1645,364.94,10,2011-11-15 13:07:00,24,High-Value Frequent
14641,United Kingdom,110.46,1,90,110.46,1,2011-11-18 10:42:00,22,Occasional Active
14642,United Kingdom,96.12,1,76,96.12,1,2011-10-12 11:08:00,59,Occasional Active
14643,United Kingdom,1679.89,5,1377,335.98,5,2011-06-22 14:41:00,170,Steady Repeat
14644,United Kingdom,2247.72,7,770,321.1,7,2011-10-03 08:30:00,68,Steady Repeat
14645,United Kingdom,876.89,3,587,292.3,3,2011-07-06 09:15:00,157,Steady Repeat
14646,Netherlands,528602.52,151,367193,3500.68,151,2011-12-08 12:12:00,2,High-Value Frequent
14647,United Kingdom,506.04,2,175,253.02,2,2011-05-22 13:40:00,201,Dormant / Inactive
14648,United Kingdom,4466.65,15,3265,297.78,15,2010-10-19 13:12:00,416,High-Value Lapsed
14649,United Kingdom,3651.19,9,2415,405.69,9,2011-12-05 12:30:00,5,High-Value Frequent
14650,United Kingdom,62.5,1,22,62.5,1,2010-04-29 20:27:00,589,Dormant / Inactive
14651,United Kingdom,2025.52,9,880,225.06,9,2011-10-03 15:52:00,67,Steady Repeat
14652,United Kingdom,114.18,1,53,114.18,1,2011-09-23 14:21:00,77,Occasional Active
14653,United Kingdom,3593.06,12,1969,299.42,12,2011-12-08 13:45:00,1,High-Value Frequent
14654,United Kingdom,246.86,1,273,246.86,1,2009-12-01 12:57:00,738,Dormant / Inactive
14655,United Kingdom,3878.51,7,2341,554.07,7,2011-12-01 16:28:00,8,High-Value Frequent
14656,United Kingdom,790.0,5,309,158.0,5,2011-06-23 13:51:00,169,Steady Repeat
14657,United Kingdom,1450.19,6,879,241.7,6,2011-11-22 12:47:00,18,Steady Repeat
14658,United Kingdom,247.15,2,47,123.58,2,2011-12-04 15:35:00,5,Occasional Active
14659,United Kingdom,2529.93,9,1195,281.1,9,2011-12-01 12:17:00,9,High-Value Frequent
14660,United Kingdom,285.74,2,228,142.87,2,2011-09-14 11:34:00,87,Occasional Active
14661,United Kingdom,107.95,1,35,107.95,1,2011-11-13 11:51:00,27,Occasional Active
14662,United Kingdom,1376.43,7,907,196.63,7,2011-11-11 12:13:00,29,Steady Repeat
14663,United Kingdom,490.6,2,397,245.3,2,2010-10-05 13:21:00,430,Dormant / Inactive
14664,United Kingdom,636.24,2,465,318.12,2,2011-11-20 10:59:00,20,Occasional Active
14665,United Kingdom,2749.65,7,1144,392.81,7,2011-10-10 09:14:00,61,High-Value Frequent
14666,United Kingdom,195.25,1,161,195.25,1,2011-11-15 12:57:00,24,Occasional Active
14667,United Kingdom,20395.34,54,11939,377.69,54,2011-11-29 11:30:00,11,High-Value Frequent
14668,United Kingdom,111.63,1,49,111.63,1,2010-09-20 15:03:00,445,Dormant / Inactive
14669,United Kingdom,3216.78,7,2043,459.54,7,2011-04-12 11:43:00,242,High-Value Lapsed
14670,United Kingdom,583.33,3,423,194.44,3,2011-03-04 14:13:00,280,Dormant / Inactive
14671,United Kingdom,1127.45,2,571,563.72,2,2010-06-08 13:39:00,549,Dormant / Inactive
14672,United Kingdom,1113.14,4,646,278.29,4,2011-04-19 10:19:00,235,Dormant / Inactive
14673,United Kingdom,3037.32,7,1822,433.9,7,2011-12-06 14:31:00,3,High-Value Frequent
14674,United Kingdom,173.66,1,103,173.66,1,2010-07-18 14:25:00,509,Dormant / Inactive
14675,United Kingdom,1015.58,2,660,507.79,2,2011-11-23 12:58:00,16,Occasional Active
14676,United Kingdom,8356.79,12,8792,696.4,12,2011-11-08 13:29:00,31,High-Value Frequent
14677,United Kingdom,184.91,1,139,184.91,1,2010-04-26 09:48:00,593,Dormant / Inactive
14678,United Kingdom,403.39,1,179,403.39,1,2010-05-09 14:32:00,579,Dormant / Inactive
14679,United Kingdom,1289.44,3,794,429.81,3,2010-11-23 11:51:00,382,Dormant / Inactive
14680,United Kingdom,55688.5,58,26894,960.15,58,2011-11-14 16:59:00,25,High-Value Frequent
14681,United Kingdom,875.15,6,172,145.86,6,2011-09-29 15:52:00,71,Steady Repeat
14682,United Kingdom,1514.81,6,949,252.47,6,2011-06-05 12:12:00,188,Dormant / Inactive
14683,United Kingdom,146.56,1,386,146.56,1,2010-04-30 17:18:00,588,Dormant / Inactive
14684,United Kingdom,1430.03,6,1005,238.34,6,2011-11-14 11:33:00,26,Steady Repeat
14685,United Kingdom,4536.64,8,1969,567.08,8,2010-05-12 13:08:00,576,High-Value Lapsed
14686,United Kingdom,852.53,5,457,170.51,5,2010-10-21 18:31:00,414,Dormant / Inactive
14687,United Kingdom,1402.06,3,850,467.35,3,2011-08-25 11:59:00,107,Steady Repeat
14688,United Kingdom,7190.42,28,5041,256.8,28,2011-12-02 12:26:00,8,High-Value Frequent
14689,United Kingdom,112.8,1,76,112.8,1,2011-05-15 11:22:00,209,Dormant / Inactive
14690,United Kingdom,777.68,4,341,194.42,4,2011-10-26 15:39:00,44,Steady Repeat
14691,United Kingdom,2114.33,5,707,422.87,5,2011-11-09 12:30:00,31,Steady Repeat
14692,United Kingdom,1715.14,12,890,142.93,12,2011-07-25 15:08:00,137,Steady Repeat
14693,United Kingdom,1165.36,7,388,166.48,7,2011-03-20 12:50:00,265,Dormant / Inactive
14694,United Kingdom,244.31,1,193,244.31,1,2010-04-01 19:46:00,617,Dormant / Inactive
14695,United Kingdom,1534.22,3,661,511.41,3,2010-07-08 14:18:00,519,Dormant / Inactive
14696,United Kingdom,2473.28,8,1867,309.16,8,2011-12-05 13:43:00,4,High-Value Frequent
14697,United Kingdom,188.61,2,181,94.3,2,2011-05-05 15:39:00,218,Dormant / Inactive
14698,United Kingdom,1217.27,5,602,243.45,5,2011-12-08 12:26:00,2,Steady Repeat
14699,United Kingdom,702.6,4,484,175.65,4,2011-05-09 14:54:00,214,Dormant / Inactive
14700,United Kingdom,3076.06,5,1606,615.21,5,2011-11-07 14:40:00,32,High-Value Occasional
14701,United Kingdom,4487.11,15,1744,299.14,15,2011-11-29 12:38:00,11,High-Value Frequent
14702,United Kingdom,6368.78,29,2878,219.61,29,2011-12-08 19:29:00,1,High-Value Frequent
14703,United Kingdom,318.17,1,183,318.17,1,2011-11-25 09:23:00,15,Occasional Active
14704,United Kingdom,1752.92,11,1164,159.36,11,2011-11-28 12:51:00,11,Steady Repeat
14705,United Kingdom,179.0,1,100,179.0,1,2011-05-25 12:39:00,199,Dormant / Inactive
14706,United Kingdom,367.54,1,246,367.54,1,2010-03-31 11:09:00,619,Dormant / Inactive
14707,United Kingdom,139.2,2,96,69.6,2,2010-09-30 11:37:00,436,Dormant / Inactive
14708,United Kingdom,1793.22,5,1159,358.64,5,2011-12-07 08:21:00,3,Steady Repeat
14709,United Kingdom,8886.33,25,4141,355.45,25,2011-11-24 15:41:00,15,High-Value Frequent
14710,United Kingdom,1899.79,13,1135,146.14,13,2011-11-25 14:53:00,14,Steady Repeat
14711,United Kingdom,2839.62,11,966,258.15,11,2011-11-29 14:58:00,10,High-Value Frequent
14712,United Kingdom,1328.07,4,411,332.02,4,2011-11-10 12:59:00,29,Steady Repeat
14713,United Kingdom,5115.76,21,3329,243.61,21,2011-11-30 16:26:00,9,High-Value Frequent
14714,United Kingdom,906.24,4,642,226.56,4,2011-11-15 13:07:00,24,Steady Repeat
14715,United Kingdom,1825.45,8,1030,228.18,8,2011-11-15 12:10:00,25,Steady Repeat
14716,United Kingdom,543.28,3,643,181.09,3,2011-10-27 17:29:00,43,Steady Repeat
14717,United Kingdom,81.3,1,32,81.3,1,2009-12-06 13:05:00,733,Dormant / Inactive
14718,United Kingdom,226.42,1,202,226.42,1,2010-10-25 13:07:00,410,Dormant / Inactive
14719,United Kingdom,1581.84,5,1025,316.37,5,2011-12-08 12:43:00,2,Steady Repeat
14720,United Kingdom,663.81,3,219,221.27,3,2011-12-04 12:02:00,6,Steady Repeat
14721,United Kingdom,109.07,1,57,109.07,1,2010-11-25 13:08:00,379,Dormant / Inactive
14722,United Kingdom,489.52,3,214,163.17,3,2011-07-15 14:58:00,147,Steady Repeat
14723,United Kingdom,1803.06,11,1168,163.91,11,2011-11-29 15:23:00,10,Steady Repeat
14724,United Kingdom,341.9,1,184,341.9,1,2010-04-28 13:26:00,590,Dormant / Inactive
14725,United Kingdom,1252.74,4,1335,313.18,4,2011-11-15 12:42:00,25,Steady Repeat
14726,United Kingdom,116.5,1,82,116.5,1,2010-02-23 12:35:00,655,Dormant / Inactive
14727,United Kingdom,463.73,3,458,154.58,3,2011-03-10 14:45:00,274,Dormant / Inactive
14728,United Kingdom,190.58,1,68,190.58,1,2010-10-22 15:57:00,413,Dormant / Inactive
14729,United Kingdom,586.24,3,372,195.41,3,2010-12-01 12:43:00,374,Dormant / Inactive
14730,United Kingdom,1897.57,8,1078,237.2,8,2011-12-08 14:39:00,1,Steady Repeat
14731,United Kingdom,380.02,3,256,126.67,3,2011-10-23 15:54:00,47,Steady Repeat
14732,United Kingdom,5517.07,19,2273,290.37,19,2011-12-01 14:34:00,8,High-Value Frequent
14733,United Kingdom,14335.15,15,5799,955.68,15,2011-11-23 15:39:00,16,High-Value Frequent
14734,United Kingdom,1056.42,4,378,264.1,4,2010-10-10 12:04:00,426,Dormant / Inactive
14735,United Kingdom,12240.16,56,4513,218.57,56,2011-12-06 12:09:00,4,High-Value Frequent
14736,United Kingdom,374.05,2,148,187.02,2,2010-08-11 15:21:00,485,Dormant / Inactive
14737,United Kingdom,3554.17,4,1071,888.54,4,2011-12-06 10:16:00,4,High-Value Occasional
14738,United Kingdom,1821.9,9,757,202.43,9,2011-10-28 08:56:00,43,Steady Repeat
14739,United Kingdom,11573.62,25,9696,462.94,25,2011-12-05 16:54:00,4,High-Value Frequent
14740,United Kingdom,4161.06,11,2081,378.28,11,2011-05-26 18:17:00,197,High-Value Lapsed
14741,United Kingdom,1713.09,7,1006,244.73,7,2011-11-28 08:48:00,12,Steady Repeat
14742,United Kingdom,579.85,1,374,579.85,1,2010-09-30 14:07:00,435,Dormant / Inactive
14743,United Kingdom,50.48,1,40,50.48,1,2010-04-26 10:26:00,593,Dormant / Inactive
14744,United Kingdom,3660.08,14,2399,261.43,14,2011-11-23 12:51:00,16,High-Value Frequent
14745,United Kingdom,2551.41,12,1969,212.62,12,2011-08-19 10:05:00,113,High-Value Frequent
14746,United Kingdom,593.5,4,398,148.38,4,2010-10-29 14:44:00,406,Dormant / Inactive
14747,United Kingdom,328.2,1,84,328.2,1,2011-04-04 14:09:00,249,Dormant / Inactive
14748,United Kingdom,2681.9,10,2422,268.19,10,2011-11-10 18:33:00,29,High-Value Frequent
14749,United Kingdom,310.15,1,403,310.15,1,2010-08-17 12:36:00,480,Dormant / Inactive
14750,United Kingdom,112.03,1,65,112.03,1,2009-12-03 17:57:00,736,Dormant / Inactive
14751,United Kingdom,126.45,2,65,63.22,2,2010-01-24 13:37:00,684,Dormant / Inactive
14752,United Kingdom,389.64,1,260,389.64,1,2011-10-27 11:55:00,44,Occasional Active
14753,United Kingdom,869.51,2,412,434.76,2,2011-09-13 14:50:00,87,Occasional Active
14754,United Kingdom,1547.93,6,1010,257.99,6,2011-10-26 12:01:00,45,Steady Repeat
14755,United Kingdom,9972.55,25,4401,398.9,25,2011-11-30 11:24:00,10,High-Value Frequent
14756,United Kingdom,2653.76,3,1423,884.59,3,2011-11-24 18:13:00,15,High-Value Occasional
14757,United Kingdom,420.5,1,160,420.5,1,2011-09-25 14:36:00,75,Occasional Active
14758,United Kingdom,2864.97,7,840,409.28,7,2011-07-18 08:21:00,145,High-Value Frequent
14759,United Kingdom,1625.97,3,569,541.99,3,2011-12-05 12:03:00,5,Steady Repeat
14760,United Kingdom,89.2,1,40,89.2,1,2011-02-15 16:27:00,297,Dormant / Inactive
14761,United Kingdom,447.92,3,206,149.31,3,2011-10-12 12:10:00,59,Steady Repeat
14762,United Kingdom,417.57,2,428,208.78,2,2011-03-21 08:20:00,264,Dormant / Inactive
14764,United Kingdom,278.3,1,190,278.3,1,2011-10-24 11:54:00,47,Occasional Active
14765,United Kingdom,254.11,3,135,84.7,3,2011-11-10 19:53:00,29,Steady Repeat
14766,United Kingdom,6375.73,11,3999,579.61,11,2011-12-01 16:05:00,8,High-Value Frequent
14767,United Kingdom,382.81,1,117,382.81,1,2010-08-22 14:54:00,474,Dormant / Inactive
14768,United Kingdom,192.6,2,52,96.3,2,2011-11-22 12:54:00,17,Occasional Active
14769,United Kingdom,15514.11,17,11058,912.59,17,2011-12-07 10:24:00,3,High-Value Frequent
14770,United Kingdom,3637.64,8,1598,454.7,8,2011-04-21 14:21:00,232,High-Value Lapsed
14771,United Kingdom,594.62,2,622,297.31,2,2010-03-28 12:52:00,621,Dormant / Inactive
14772,United Kingdom,139.26,1,82,139.26,1,2011-08-19 15:04:00,112,Occasional Active
14773,United Kingdom,140.55,1,53,140.55,1,2010-04-26 10:29:00,593,Dormant / Inactive
14774,United Kingdom,241.45,1,99,241.45,1,2010-06-29 12:26:00,529,Dormant / Inactive
14775,United Kingdom,1011.9,3,1174,337.3,3,2011-10-12 15:27:00,58,Steady Repeat
14776,United Kingdom,3708.3,15,4658,247.22,15,2011-10-19 15:34:00,51,High-Value Frequent
14777,United Kingdom,307.56,1,212,307.56,1,2010-11-01 12:50:00,404,Dormant / Inactive
14778,United Kingdom,730.86,2,306,365.43,2,2011-08-04 15:23:00,127,Occasional Active
14779,United Kingdom,386.15,3,84,128.72,3,2011-03-04 12:42:00,281,Dormant / Inactive
14780,United Kingdom,447.68,2,310,223.84,2,2011-10-16 12:46:00,55,Occasional Active
14782,United Kingdom,200.1,1,114,200.1,1,2011-01-24 11:12:00,320,Dormant / Inactive
14783,United Kingdom,307.3,1,262,307.3,1,2010-02-18 16:16:00,659,Dormant / Inactive
14784,United Kingdom,449.93,3,363,149.98,3,2011-11-13 13:30:00,26,Steady Repeat
14785,United Kingdom,77.4,2,84,38.7,2,2011-11-29 13:21:00,10,Occasional Active
14786,United Kingdom,90.96,1,112,90.96,1,2010-06-07 13:42:00,550,Dormant / Inactive
14787,United Kingdom,110.65,1,59,110.65,1,2010-08-25 14:38:00,471,Dormant / Inactive
14788,United Kingdom,1156.32,3,719,385.44,3,2011-12-02 17:06:00,7,Steady Repeat
14789,United Kingdom,197.64,1,116,197.64,1,2011-11-11 08:59:00,29,Occasional Active
14790,United Kingdom,2526.62,10,2642,252.66,10,2011-11-23 09:28:00,17,High-Value Frequent
14791,United Kingdom,303.63,1,127,303.63,1,2010-04-12 10:24:00,607,Dormant / Inactive
14792,United Kingdom,6.2,1,2,6.2,1,2011-10-07 09:19:00,64,Occasional Active
14793,United Kingdom,625.9,2,361,312.95,2,2011-11-18 14:50:00,21,Occasional Active
14794,United Kingdom,1953.9,10,783,195.39,10,2011-12-07 10:11:00,3,Steady Repeat
14795,United Kingdom,131.45,1,17,131.45,1,2011-06-26 13:04:00,166,Occasional Active
14796,United Kingdom,10169.33,27,7188,376.64,27,2011-12-08 15:31:00,1,High-Value Frequent
14797,United Kingdom,300.31,1,99,300.31,1,2010-07-20 14:07:00,507,Dormant / Inactive
14798,United Kingdom,724.31,8,601,90.54,8,2011-10-18 10:58:00,53,Steady Repeat
14799,United Kingdom,338.15,2,495,169.08,2,2011-10-19 16:16:00,51,Occasional Active
14800,United Kingdom,7191.33,17,6501,423.02,17,2011-10-23 12:46:00,48,High-Value Frequent
14801,United Kingdom,189.34,1,173,189.34,1,2011-10-09 15:24:00,61,Occasional Active
14802,United Kingdom,1502.98,2,2,751.49,2,2010-09-27 16:34:00,438,Dormant / Inactive
14803,United Kingdom,845.55,3,370,281.85,3,2011-06-30 13:58:00,162,Steady Repeat
14804,United Kingdom,353.27,1,121,353.27,1,2011-12-01 11:20:00,9,Occasional Active
14805,United Kingdom,1082.55,7,416,154.65,7,2011-11-24 16:20:00,15,Steady Repeat
14806,United Kingdom,303.43,2,423,151.72,2,2011-09-25 15:32:00,75,Occasional Active
14807,United Kingdom,504.14,2,234,252.07,2,2010-11-14 12:47:00,391,Dormant / Inactive
14808,United Kingdom,2718.6,8,2120,339.82,8,2011-10-31 12:21:00,40,High-Value Frequent
14809,United Kingdom,686.76,2,232,343.38,2,2010-03-28 15:44:00,621,Dormant / Inactive
14810,United Kingdom,2354.03,13,1162,181.08,13,2011-10-30 11:19:00,41,High-Value Frequent
14811,United Kingdom,170.5,1,74,170.5,1,2010-11-17 13:09:00,387,Dormant / Inactive
14812,United Kingdom,178.85,1,135,178.85,1,2010-04-20 12:13:00,599,Dormant / Inactive
14813,United Kingdom,888.91,4,392,222.23,4,2010-12-05 11:57:00,370,Dormant / Inactive
14814,United Kingdom,154.21,1,93,154.21,1,2010-05-07 14:10:00,581,Dormant / Inactive
14815,United Kingdom,778.5,2,744,389.25,2,2011-11-03 11:36:00,37,Occasional Active
14816,United Kingdom,271.85,1,5,271.85,1,2011-05-26 13:16:00,197,Dormant / Inactive
14817,United Kingdom,3959.86,7,2462,565.69,7,2011-05-23 13:35:00,200,High-Value Lapsed
14818,United Kingdom,1153.56,6,543,192.26,6,2011-09-27 11:01:00,74,Steady Repeat
14819,United Kingdom,456.41,4,170,114.1,4,2011-10-06 13:41:00,64,Steady Repeat
14820,United Kingdom,1274.76,9,724,141.64,9,2011-11-18 15:41:00,21,Steady Repeat
14821,United Kingdom,1230.15,7,459,175.74,7,2010-12-08 08:43:00,367,Dormant / Inactive
14822,United Kingdom,157.7,1,94,157.7,1,2010-08-11 12:52:00,485,Dormant / Inactive
14823,United Kingdom,321.43,3,88,107.14,3,2011-06-12 13:12:00,180,Steady Repeat
14824,United Kingdom,4022.91,10,1954,402.29,10,2011-11-29 14:20:00,10,High-Value Frequent
14825,United Kingdom,4735.08,24,2774,197.3,24,2011-12-06 11:38:00,4,High-Value Frequent
14826,United Kingdom,385.2,2,152,192.6,2,2010-05-07 09:00:00,582,Dormant / Inactive
14828,United Kingdom,9839.46,13,9718,756.88,13,2011-05-27 10:16:00,197,High-Value Lapsed
14829,United Kingdom,1455.87,7,957,207.98,7,2011-11-10 16:16:00,29,Steady Repeat
14830,United Kingdom,188.88,1,164,188.88,1,2011-10-17 14:29:00,53,Occasional Active
14831,United Kingdom,1676.57,3,885,558.86,3,2010-01-28 14:31:00,680,Dormant / Inactive
14832,United Kingdom,322.69,1,1,322.69,1,2010-03-19 15:14:00,630,Dormant / Inactive
14833,United Kingdom,94.8,1,58,94.8,1,2010-07-29 10:06:00,499,Dormant / Inactive
14834,United Kingdom,2206.16,7,872,315.17,7,2011-11-22 10:30:00,18,Steady Repeat
14835,United Kingdom,297.0,2,180,148.5,2,2010-06-29 10:08:00,529,Dormant / Inactive
14836,United Kingdom,102.45,3,45,34.15,3,2011-11-29 16:45:00,10,Steady Repeat
14837,United Kingdom,3460.32,9,3030,384.48,9,2011-09-11 10:58:00,90,High-Value Frequent
14838,United Kingdom,769.92,2,361,384.96,2,2010-10-12 15:46:00,423,Dormant / Inactive
14839,United Kingdom,915.28,3,927,305.09,3,2010-10-17 13:01:00,418,Dormant / Inactive
14840,United Kingdom,362.71,2,179,181.36,2,2011-03-17 12:00:00,268,Dormant / Inactive
14841,United Kingdom,7163.0,14,4164,511.64,14,2011-10-17 15:03:00,53,High-Value Frequent
14842,United Kingdom,2824.69,4,1166,706.17,4,2011-10-27 12:37:00,44,High-Value Occasional
14843,United Kingdom,211.8,1,132,211.8,1,2010-09-29 12:39:00,437,Dormant / Inactive
14844,United Kingdom,6702.43,10,4369,670.24,10,2011-10-07 10:41:00,64,High-Value Frequent
14845,United Kingdom,150.0,1,600,150.0,1,2010-04-19 10:19:00,600,Dormant / Inactive
14846,United Kingdom,437.4,1,193,437.4,1,2010-10-08 17:07:00,427,Dormant / Inactive
14847,United Kingdom,1348.95,3,533,449.65,3,2011-07-14 10:52:00,149,Steady Repeat
14848,United Kingdom,310.56,1,260,310.56,1,2010-10-31 12:22:00,405,Dormant / Inactive
14849,United Kingdom,15407.61,43,11838,358.32,43,2011-11-18 10:58:00,22,High-Value Frequent
14850,United Kingdom,1770.96,7,1393,252.99,7,2011-02-01 11:21:00,312,Dormant / Inactive
14851,United Kingdom,829.41,3,631,276.47,3,2011-11-16 14:20:00,23,Steady Repeat
14852,United Kingdom,6132.43,18,4366,340.69,18,2011-10-12 13:20:00,58,High-Value Frequent
14853,United Kingdom,1376.87,5,345,275.37,5,2011-11-15 16:56:00,24,Steady Repeat
14854,United Kingdom,4303.06,11,2987,391.19,11,2011-09-22 17:00:00,78,High-Value Frequent
14855,United Kingdom,6520.3,7,3510,931.47,7,2011-08-12 14:02:00,119,High-Value Frequent
14856,United Kingdom,1290.53,3,711,430.18,3,2011-11-03 14:53:00,36,Steady Repeat
14857,United Kingdom,3651.85,7,2081,521.69,7,2011-10-11 09:23:00,60,High-Value Frequent
14858,United Kingdom,180.75,1,105,180.75,1,2010-07-22 10:51:00,506,Dormant / Inactive
14859,United Kingdom,1705.64,5,888,341.13,5,2011-11-27 11:18:00,13,Steady Repeat
14860,United Kingdom,170.32,1,232,170.32,1,2011-11-20 14:17:00,19,Occasional Active
14861,United Kingdom,1380.73,10,1076,138.07,10,2011-10-18 12:54:00,52,Steady Repeat
14862,United Kingdom,841.2,2,772,420.6,2,2011-11-14 10:01:00,26,Occasional Active
14863,United Kingdom,266.76,1,132,266.76,1,2011-11-10 15:04:00,29,Occasional Active
14865,United Kingdom,92.52,4,204,23.13,4,2011-12-02 16:25:00,7,Steady Repeat
14866,United Kingdom,20746.54,19,9089,1091.92,19,2011-11-29 11:45:00,11,High-Value Frequent
14867,United Kingdom,2952.06,16,996,184.5,16,2011-06-07 11:39:00,186,High-Value Lapsed
14868,United Kingdom,4184.01,12,2230,348.67,12,2011-12-06 14:49:00,3,High-Value Frequent
14869,United Kingdom,2778.14,6,2130,463.02,6,2011-12-01 12:36:00,9,High-Value Frequent
14870,United Kingdom,1838.95,6,483,306.49,6,2011-03-23 10:51:00,262,Dormant / Inactive
14871,United Kingdom,1228.17,9,446,136.46,9,2011-12-06 13:42:00,3,Steady Repeat
14872,United Kingdom,816.6,3,662,272.2,3,2010-08-13 12:34:00,484,Dormant / Inactive
14873,United Kingdom,854.13,2,311,427.06,2,2011-05-13 13:52:00,210,Dormant / Inactive
14874,United Kingdom,116.18,1,148,116.18,1,2010-06-22 14:58:00,535,Dormant / Inactive
14875,United Kingdom,2862.4,3,1332,954.13,3,2011-08-24 12:20:00,108,High-Value Occasional
14876,United Kingdom,256.7,2,162,128.35,2,2010-07-06 14:57:00,521,Dormant / Inactive
14877,United Kingdom,425.85,2,168,212.92,2,2010-10-17 13:09:00,418,Dormant / Inactive
14878,United Kingdom,4076.5,25,2416,163.06,25,2011-11-27 11:15:00,13,High-Value Frequent
14879,United Kingdom,185.06,1,104,185.06,1,2010-01-24 11:35:00,685,Dormant / Inactive
14880,United Kingdom,690.59,3,365,230.2,3,2011-09-23 13:42:00,77,Steady Repeat
14881,United Kingdom,255.4,1,316,255.4,1,2011-11-20 11:06:00,20,Occasional Active
14882,United Kingdom,3546.65,14,1614,253.33,14,2011-11-13 12:47:00,27,High-Value Frequent
14883,United Kingdom,761.59,6,790,126.93,6,2011-11-21 10:23:00,19,Steady Repeat
14884,United Kingdom,120.6,1,72,120.6,1,2010-02-08 12:56:00,669,Dormant / Inactive
14885,United Kingdom,1598.12,3,1308,532.71,3,2011-07-31 12:05:00,132,Steady Repeat
14886,United Kingdom,364.8,1,160,364.8,1,2011-04-01 08:56:00,253,Dormant / Inactive
14887,United Kingdom,1862.0,1,1100,1862.0,1,2011-09-21 15:32:00,79,Occasional Active
14888,United Kingdom,369.2,1,184,369.2,1,2011-05-16 14:58:00,207,Dormant / Inactive
14889,United Kingdom,135.9,1,90,135.9,1,2011-01-07 15:19:00,336,Dormant / Inactive
14890,United Kingdom,817.25,3,636,272.42,3,2011-03-31 11:57:00,254,Dormant / Inactive
14891,United Kingdom,1106.73,4,788,276.68,4,2011-07-14 18:08:00,148,Steady Repeat
14892,United Kingdom,202.35,1,79,202.35,1,2010-01-18 08:58:00,691,Dormant / Inactive
14893,United Kingdom,1809.61,3,1047,603.2,3,2011-11-30 12:31:00,10,Steady Repeat
14894,United Kingdom,1492.81,3,603,497.6,3,2011-09-15 13:51:00,85,Steady Repeat
14895,United Kingdom,25119.54,38,10714,661.04,38,2011-12-02 09:23:00,8,High-Value Frequent
14896,United Kingdom,1826.0,8,931,228.25,8,2011-05-19 10:20:00,205,Dormant / Inactive
14897,United Kingdom,3140.54,8,1162,392.57,8,2011-12-02 10:32:00,8,High-Value Frequent
14898,United Kingdom,3365.95,14,2207,240.42,14,2011-11-16 14:54:00,23,High-Value Frequent
14899,United Kingdom,1331.38,1,570,1331.38,1,2010-11-09 15:20:00,395,Dormant / Inactive
14900,United Kingdom,13.92,1,48,13.92,1,2010-07-05 15:09:00,522,Dormant / Inactive
14901,United Kingdom,1919.0,12,880,159.92,12,2011-11-28 17:09:00,11,Steady Repeat
14902,United Kingdom,1035.62,3,716,345.21,3,2011-11-14 10:34:00,26,Steady Repeat
14903,United Kingdom,2795.33,5,1531,559.07,5,2011-11-18 16:07:00,21,High-Value Occasional
14904,United Kingdom,1630.49,4,2522,407.62,4,2011-12-07 12:55:00,2,Steady Repeat
14905,United Kingdom,1971.39,8,1009,246.42,8,2011-07-05 12:41:00,158,Steady Repeat
14906,United Kingdom,68.44,1,1,68.44,1,2010-09-20 16:30:00,445,Dormant / Inactive
14907,United Kingdom,5547.72,16,2583,346.73,16,2011-12-06 14:14:00,3,High-Value Frequent
14908,United Kingdom,381.9,2,182,190.95,2,2011-09-26 12:56:00,74,Occasional Active
14909,United Kingdom,1404.68,3,888,468.23,3,2010-09-28 16:56:00,437,Dormant / Inactive
14910,United Kingdom,434.35,4,238,108.59,4,2011-12-07 10:06:00,3,Steady Repeat
14911,EIRE,291420.81,398,147972,732.21,398,2011-12-08 15:54:00,1,High-Value Frequent
14912,Italy,1889.25,6,1819,314.88,6,2011-11-23 09:20:00,17,Steady Repeat
14913,United Kingdom,4073.13,8,3955,509.14,8,2011-11-04 08:29:00,36,High-Value Frequent
14915,United Kingdom,1811.25,11,707,164.66,11,2011-09-09 13:34:00,91,Steady Repeat
14916,United Kingdom,3042.95,8,2415,380.37,8,2011-09-30 09:20:00,71,High-Value Frequent
14917,United Kingdom,1123.75,2,891,561.88,2,2010-04-22 11:28:00,597,Dormant / Inactive
14918,United Kingdom,5955.81,9,2551,661.76,9,2011-08-16 11:50:00,116,High-Value Frequent
14919,United Kingdom,359.35,1,129,359.35,1,2010-06-18 13:06:00,539,Dormant / Inactive
14920,United Kingdom,1607.17,3,886,535.72,3,2011-05-11 10:32:00,213,Dormant / Inactive
14921,United Kingdom,1316.07,2,953,658.04,2,2011-11-09 13:17:00,30,Occasional Active
14922,United Kingdom,843.74,2,376,421.87,2,2010-11-11 11:14:00,394,Dormant / Inactive
14923,United Kingdom,749.1,1,418,749.1,1,2011-10-20 11:51:00,51,Occasional Active
14924,United Kingdom,931.01,3,312,310.34,3,2011-04-08 09:25:00,246,Dormant / Inactive
14926,United Kingdom,359.4,2,204,179.7,2,2010-11-23 07:13:00,382,Dormant / Inactive
14927,United Kingdom,308.2,1,196,308.2,1,2010-11-08 12:30:00,397,Dormant / Inactive
14928,United Kingdom,223.91,1,268,223.91,1,2010-03-22 09:14:00,628,Dormant / Inactive
14929,United Kingdom,836.69,2,487,418.34,2,2011-11-07 17:21:00,32,Occasional Active
14930,Channel Islands,5236.73,6,2193,872.79,6,2011-08-23 10:31:00,109,High-Value Frequent
14931,Channel Islands,1257.68,5,417,251.54,5,2011-12-05 10:19:00,5,Steady Repeat
14932,Channel Islands,666.13,2,257,333.06,2,2010-12-09 11:48:00,366,Dormant / Inactive
14933,Channel Islands,1770.0,4,600,442.5,4,2010-09-22 10:47:00,444,Dormant / Inactive
14934,Channel Islands,3503.5,5,2100,700.7,5,2011-09-19 10:10:00,82,High-Value Occasional
14935,Channel Islands,2849.83,2,1931,1424.92,2,2011-02-15 14:44:00,297,High-Value Lapsed
14936,Channel Islands,12410.81,12,6274,1034.23,12,2011-11-06 10:30:00,34,High-Value Frequent
14937,Channel Islands,1621.88,3,484,540.63,3,2011-10-14 12:29:00,57,Steady Repeat
14938,Channel Islands,2322.43,2,1369,1161.21,2,2010-05-26 13:38:00,562,High-Value Lapsed
14940,United Kingdom,531.49,2,384,265.74,2,2010-10-18 10:47:00,418,Dormant / Inactive
14941,United Kingdom,182.1,1,80,182.1,1,2010-05-10 11:30:00,579,Dormant / Inactive
14942,United Kingdom,746.56,4,354,186.64,4,2010-11-03 10:51:00,402,Dormant / Inactive
14943,United Kingdom,107.62,1,46,107.62,1,2010-02-14 16:04:00,663,Dormant / Inactive
14944,United Kingdom,9784.67,19,4864,514.98,19,2011-11-10 09:10:00,30,High-Value Frequent
14945,United Kingdom,179.4,1,156,179.4,1,2010-10-22 11:26:00,414,Dormant / Inactive
14946,United Kingdom,100.9,1,22,100.9,1,2011-11-25 13:33:00,14,Occasional Active
14947,United Kingdom,1049.79,6,416,174.96,6,2011-09-28 15:48:00,72,Steady Repeat
14948,United Kingdom,1101.97,6,673,183.66,6,2011-11-16 17:16:00,23,Steady Repeat
14949,United Kingdom,515.0,4,250,128.75,4,2010-08-27 15:38:00,469,Dormant / Inactive
14950,United Kingdom,371.2,1,136,371.2,1,2011-11-20 13:48:00,19,Occasional Active
14951,United Kingdom,311.69,1,311,311.69,1,2011-09-21 15:15:00,79,Occasional Active
14952,United Kingdom,17629.35,32,6977,550.92,32,2011-10-11 10:33:00,60,High-Value Frequent
14953,United Kingdom,971.32,4,1014,242.83,4,2011-11-14 14:59:00,25,Steady Repeat
14954,United Kingdom,462.12,2,209,231.06,2,2011-11-27 14:30:00,12,Occasional Active
14955,United Kingdom,163.77,1,74,163.77,1,2009-12-07 11:35:00,733,Dormant / Inactive
14956,United Kingdom,1325.0,1,2500,1325.0,1,2010-10-14 16:40:00,421,Dormant / Inactive
14957,United Kingdom,261.69,2,97,130.84,2,2011-03-31 17:59:00,253,Dormant / Inactive
14958,United Kingdom,941.99,6,248,157.0,6,2011-07-15 14:20:00,147,Steady Repeat
14959,United Kingdom,695.42,4,494,173.86,4,2011-10-06 18:23:00,64,Steady Repeat
14960,United Kingdom,221.27,2,221,110.64,2,2011-12-01 12:54:00,8,Occasional Active
14961,United Kingdom,16410.15,22,8372,745.92,22,2011-11-29 09:42:00,11,High-Value Frequent
14962,United Kingdom,366.91,4,123,91.73,4,2011-03-14 09:42:00,271,Dormant / Inactive
14963,United Kingdom,3123.57,12,2287,260.3,12,2011-11-30 12:16:00,10,High-Value Frequent
14964,United Kingdom,206.21,1,143,206.21,1,2011-04-06 14:13:00,247,Dormant / Inactive
14965,United Kingdom,596.09,2,363,298.04,2,2011-09-04 13:20:00,96,Occasional Active
14966,United Kingdom,1064.26,6,1060,177.38,6,2011-11-25 12:20:00,15,Steady Repeat
14967,United Kingdom,1982.61,6,652,330.44,6,2011-10-21 11:06:00,50,Steady Repeat
14968,United Kingdom,501.24,2,257,250.62,2,2011-11-09 13:58:00,30,Occasional Active
14969,United Kingdom,906.23,1,665,906.23,1,2010-01-05 12:43:00,704,Dormant / Inactive
14970,United Kingdom,4919.35,12,982,409.95,12,2011-10-02 13:44:00,68,High-Value Frequent
14971,United Kingdom,1097.98,3,639,365.99,3,2011-11-04 17:07:00,35,Steady Repeat
14972,United Kingdom,145.07,2,40,72.54,2,2011-08-03 14:54:00,128,Occasional Active
14973,United Kingdom,1314.45,3,369,438.15,3,2011-08-24 15:51:00,107,Steady Repeat
14974,United Kingdom,89.94,1,37,89.94,1,2011-11-02 13:01:00,37,Occasional Active
14975,United Kingdom,472.39,2,507,236.2,2,2011-10-13 14:08:00,57,Occasional Active
14976,United Kingdom,790.86,7,234,112.98,7,2011-10-13 16:37:00,57,Steady Repeat
14977,United Kingdom,31.93,1,17,31.93,1,2009-12-14 10:37:00,726,Dormant / Inactive
14978,United Kingdom,3112.19,10,736,311.22,10,2011-09-28 13:07:00,72,High-Value Frequent
14979,United Kingdom,429.66,1,209,429.66,1,2009-12-04 12:54:00,735,Dormant / Inactive
14980,United Kingdom,150.68,1,79,150.68,1,2009-12-02 14:09:00,737,Dormant / Inactive
14981,United Kingdom,372.92,2,241,186.46,2,2011-04-07 13:45:00,246,Dormant / Inactive
14982,United Kingdom,237.78,1,125,237.78,1,2010-05-16 15:52:00,572,Dormant / Inactive
14983,United Kingdom,183.2,1,90,183.2,1,2010-01-19 17:32:00,689,Dormant / Inactive
14984,United Kingdom,1260.51,6,348,210.08,6,2011-11-20 14:28:00,19,Steady Repeat
14985,United Kingdom,292.01,2,256,146.0,2,2011-05-25 14:29:00,198,Dormant / Inactive
14986,United Kingdom,563.1,2,338,281.55,2,2010-11-28 15:25:00,376,Dormant / Inactive
14987,United Kingdom,1550.65,8,607,193.83,8,2011-11-24 09:59:00,16,Steady Repeat
14988,United Kingdom,2038.65,7,1260,291.24,7,2011-05-12 12:05:00,212,Dormant / Inactive
14989,United Kingdom,342.4,1,200,342.4,1,2010-02-16 10:40:00,662,Dormant / Inactive
14990,United Kingdom,304.17,2,129,152.08,2,2010-04-06 13:54:00,612,Dormant / Inactive
14991,United Kingdom,314.67,1,191,314.67,1,2010-10-05 13:01:00,430,Dormant / Inactive
14992,United Kingdom,210.5,1,145,210.5,1,2010-09-23 17:48:00,442,Dormant / Inactive
14993,United Kingdom,36.13,1,21,36.13,1,2010-05-25 12:47:00,564,Dormant / Inactive
14994,United Kingdom,946.72,5,568,189.34,5,2010-11-22 12:59:00,382,Dormant / Inactive
14995,United Kingdom,231.98,2,102,115.99,2,2011-11-01 11:39:00,39,Occasional Active
14996,United Kingdom,442.29,2,404,221.14,2,2010-08-15 13:44:00,481,Dormant / Inactive
14997,United Kingdom,776.6,4,1408,194.15,4,2011-10-24 13:28:00,46,Steady Repeat
14998,United Kingdom,753.18,4,352,188.3,4,2011-06-22 17:30:00,170,Steady Repeat
14999,United Kingdom,129.48,1,88,129.48,1,2010-04-26 10:47:00,593,Dormant / Inactive
15000,United Kingdom,490.52,1,218,490.52,1,2011-10-23 11:42:00,48,Occasional Active
15001,United Kingdom,199.11,2,70,99.56,2,2010-11-10 13:51:00,394,Dormant / Inactive
15002,United Kingdom,4138.08,9,2214,459.79,9,2011-08-16 10:44:00,116,High-Value Frequent
15003,United Kingdom,1027.03,6,525,171.17,6,2010-08-23 15:44:00,473,Dormant / Inactive
15004,United Kingdom,1220.77,1,623,1220.77,1,2011-07-15 14:05:00,147,Occasional Active
15005,United Kingdom,13754.58,56,8666,245.62,56,2011-11-24 12:25:00,16,High-Value Frequent
15006,United Kingdom,757.78,2,387,378.89,2,2011-10-19 15:08:00,51,Occasional Active
15007,United Kingdom,156.91,1,69,156.91,1,2011-07-03 16:00:00,159,Occasional Active
15008,United Kingdom,360.0,2,1500,180.0,2,2010-08-16 13:09:00,480,Dormant / Inactive
15009,United Kingdom,1259.43,3,639,419.81,3,2011-11-27 13:35:00,12,Steady Repeat
15010,United Kingdom,308.94,1,184,308.94,1,2011-11-04 12:42:00,36,Occasional Active
15011,United Kingdom,416.6,2,289,208.3,2,2010-11-09 11:10:00,396,Dormant / Inactive
15012,United Kingdom,646.26,3,383,215.42,3,2011-10-17 12:22:00,54,Steady Repeat
15013,United Kingdom,1610.82,10,1715,161.08,10,2010-08-09 12:05:00,488,Dormant / Inactive
15014,United Kingdom,257.67,2,149,128.84,2,2011-10-27 20:07:00,43,Occasional Active
15015,United Kingdom,2354.97,13,1584,181.15,13,2010-07-26 13:50:00,501,High-Value Lapsed
15016,United Kingdom,620.89,5,243,124.18,5,2011-06-20 12:06:00,173,Steady Repeat
15017,United Kingdom,125.58,1,63,125.58,1,2011-11-06 10:33:00,34,Occasional Active
15018,United Kingdom,496.21,3,189,165.4,3,2011-11-01 12:47:00,39,Steady Repeat
15019,United Kingdom,252.81,1,150,252.81,1,2011-03-18 12:35:00,267,Dormant / Inactive
15020,United Kingdom,198.47,1,111,198.47,1,2010-11-25 13:29:00,379,Dormant / Inactive
15021,United Kingdom,2500.59,12,1079,208.38,12,2011-12-01 11:53:00,9,High-Value Frequent
15022,United Kingdom,1133.44,5,640,226.69,5,2011-11-28 12:35:00,12,Steady Repeat
15023,United Kingdom,11578.65,20,4758,578.93,20,2011-12-06 17:23:00,3,High-Value Frequent
15024,United Kingdom,3559.39,16,1924,222.46,16,2011-11-30 12:06:00,10,High-Value Frequent
15025,United Kingdom,979.79,2,503,489.9,2,2011-11-06 15:20:00,33,Occasional Active
15026,United Kingdom,1048.89,5,655,209.78,5,2011-09-20 13:52:00,80,Steady Repeat
15027,United Kingdom,3195.6,10,2782,319.56,10,2011-11-09 10:16:00,31,High-Value Frequent
15028,United Kingdom,962.94,6,673,160.49,6,2011-12-01 14:06:00,8,Steady Repeat
15029,United Kingdom,365.1,1,234,365.1,1,2010-03-30 12:16:00,620,Dormant / Inactive
15030,United Kingdom,1979.91,8,1225,247.49,8,2011-09-29 10:50:00,72,Steady Repeat
15031,United Kingdom,3102.94,14,1576,221.64,14,2011-12-05 14:19:00,4,High-Value Frequent
15032,United Kingdom,11010.05,8,6601,1376.26,8,2011-03-28 15:03:00,256,High-Value Lapsed
15033,United Kingdom,2557.18,10,1672,255.72,10,2011-12-05 12:40:00,5,High-Value Frequent
15034,United Kingdom,8231.2,14,4748,587.94,14,2011-11-24 12:11:00,16,High-Value Frequent
15035,United Kingdom,252.73,1,245,252.73,1,2011-09-11 11:08:00,90,Occasional Active
15036,United Kingdom,429.56,3,316,143.19,3,2011-09-28 15:42:00,72,Steady Repeat
15037,United Kingdom,397.76,2,298,198.88,2,2010-11-28 13:05:00,376,Dormant / Inactive
15038,United Kingdom,1146.53,9,381,127.39,9,2011-10-12 11:33:00,59,Steady Repeat
15039,United Kingdom,39141.48,93,17780,420.88,93,2011-11-30 11:31:00,10,High-Value Frequent
15040,United Kingdom,7.49,1,1,7.49,1,2010-06-16 11:40:00,542,Dormant / Inactive
15041,United Kingdom,289.4,2,194,144.7,2,2011-06-22 16:16:00,170,Occasional Active
15042,United Kingdom,315.45,2,238,157.72,2,2011-05-24 16:25:00,199,Dormant / Inactive
15043,United Kingdom,2870.32,6,1019,478.39,6,2011-11-08 14:26:00,31,High-Value Frequent
15044,United Kingdom,16024.15,35,5241,457.83,35,2011-11-20 13:20:00,19,High-Value Frequent
15045,United Kingdom,735.66,2,114,367.83,2,2011-07-11 11:33:00,152,Occasional Active
15046,United Kingdom,7623.79,25,4585,304.95,25,2011-11-30 15:50:00,9,High-Value Frequent
15047,United Kingdom,343.62,1,222,343.62,1,2011-03-15 10:49:00,270,Dormant / Inactive
15048,United Kingdom,381.0,4,192,95.25,4,2011-10-05 14:55:00,65,Steady Repeat
15049,United Kingdom,121.17,1,63,121.17,1,2011-03-11 12:13:00,274,Dormant / Inactive
15050,United Kingdom,4087.19,5,2600,817.44,5,2011-11-14 16:17:00,25,High-Value Occasional
15051,United Kingdom,3926.91,9,3052,436.32,9,2011-11-16 15:38:00,23,High-Value Frequent
15052,United Kingdom,207.73,1,79,207.73,1,2011-01-24 15:52:00,319,Dormant / Inactive
15053,United Kingdom,693.95,3,984,231.32,3,2011-12-05 12:08:00,5,Steady Repeat
15054,United Kingdom,302.1,2,198,151.05,2,2011-11-27 15:02:00,12,Occasional Active
15055,United Kingdom,549.12,3,225,183.04,3,2010-08-22 11:06:00,475,Dormant / Inactive
15056,United Kingdom,113.65,1,69,113.65,1,2010-07-07 15:58:00,520,Dormant / Inactive
15057,United Kingdom,3255.96,5,1394,651.19,5,2011-03-09 15:17:00,275,High-Value Lapsed
15058,United Kingdom,3387.58,16,1645,211.72,16,2011-11-14 14:57:00,25,High-Value Frequent
15059,United Kingdom,3491.2,19,1599,183.75,19,2011-10-30 11:35:00,41,High-Value Frequent
15060,United Kingdom,294.25,4,257,73.56,4,2011-12-01 13:47:00,8,Steady Repeat
15061,United Kingdom,126389.02,127,74280,995.19,127,2011-12-06 12:06:00,4,High-Value Frequent
15062,United Kingdom,2585.62,8,1872,323.2,8,2011-09-29 16:51:00,71,High-Value Frequent
15063,United Kingdom,370.8,1,56,370.8,1,2011-05-10 13:25:00,213,Dormant / Inactive
15064,United Kingdom,1254.41,4,810,313.6,4,2010-10-25 14:32:00,410,Dormant / Inactive
15065,United Kingdom,3326.86,5,1446,665.37,5,2011-11-02 09:45:00,38,High-Value Occasional
15066,United Kingdom,893.59,1,317,893.59,1,2011-10-17 13:25:00,53,Occasional Active
15067,United Kingdom,3862.88,5,2151,772.58,5,2011-09-22 13:20:00,78,High-Value Occasional
15068,United Kingdom,1174.9,4,832,293.73,4,2011-10-24 14:47:00,46,Steady Repeat
15069,United Kingdom,1109.53,1,520,1109.53,1,2011-06-13 14:16:00,179,Occasional Active
15070,United Kingdom,737.05,3,339,245.68,3,2010-12-02 11:23:00,373,Dormant / Inactive
15071,United Kingdom,1455.56,4,416,363.89,4,2011-09-07 11:43:00,94,Steady Repeat
15072,United Kingdom,187.52,1,164,187.52,1,2010-08-17 15:46:00,479,Dormant / Inactive
15073,United Kingdom,2788.02,8,1410,348.5,8,2011-11-30 10:44:00,10,High-Value Frequent
15074,United Kingdom,1553.13,3,1039,517.71,3,2011-08-26 14:45:00,105,Steady Repeat
15075,United Kingdom,773.03,1,447,773.03,1,2011-09-23 12:27:00,78,Occasional Active
15076,United Kingdom,1447.74,3,866,482.58,3,2011-06-20 08:23:00,173,Steady Repeat
15077,United Kingdom,2428.08,2,528,1214.04,2,2010-08-02 11:13:00,495,High-Value Lapsed
15078,United Kingdom,17286.73,53,8777,326.16,53,2011-12-02 15:41:00,7,High-Value Frequent
15079,United Kingdom,3625.4,11,1459,329.58,11,2011-05-11 12:45:00,213,High-Value Lapsed
15080,United Kingdom,546.25,2,287,273.12,2,2010-10-08 11:52:00,428,Dormant / Inactive
15081,United Kingdom,1854.57,12,749,154.55,12,2011-11-17 17:08:00,22,Steady Repeat
15082,United Kingdom,93.35,1,43,93.35,1,2010-02-09 10:23:00,669,Dormant / Inactive
15083,United Kingdom,88.2,1,38,88.2,1,2011-03-28 12:18:00,257,Dormant / Inactive
15084,United Kingdom,965.2,2,600,482.6,2,2010-11-25 11:58:00,380,Dormant / Inactive
15085,United Kingdom,347.54,1,169,347.54,1,2009-12-10 11:47:00,730,Dormant / Inactive
15086,United Kingdom,218.53,2,95,109.26,2,2010-05-24 12:27:00,565,Dormant / Inactive
15087,United Kingdom,306.94,1,470,306.94,1,2011-03-03 10:34:00,282,Dormant / Inactive
15088,United Kingdom,1160.07,2,460,580.04,2,2011-11-18 13:14:00,21,Occasional Active
15089,United Kingdom,2420.84,6,1359,403.47,6,2011-11-29 16:31:00,10,High-Value Frequent
15090,United Kingdom,381.32,1,208,381.32,1,2011-02-04 14:03:00,308,Dormant / Inactive
15091,United Kingdom,1046.61,3,582,348.87,3,2011-10-03 12:47:00,68,Steady Repeat
15092,United Kingdom,776.46,3,230,258.82,3,2011-05-08 14:10:00,215,Dormant / Inactive
15093,United Kingdom,13702.38,23,10778,595.76,23,2011-11-21 13:09:00,18,High-Value Frequent
15094,United Kingdom,83.0,2,28,41.5,2,2010-09-02 16:55:00,463,Dormant / Inactive
15095,United Kingdom,3141.64,10,2233,314.16,10,2011-08-28 12:01:00,104,High-Value Frequent
15096,United Kingdom,219.39,1,120,219.39,1,2011-10-28 10:27:00,43,Occasional Active
15097,United Kingdom,908.35,3,424,302.78,3,2011-12-05 14:03:00,4,Steady Repeat
15098,United Kingdom,39916.5,3,121,13305.5,3,2011-06-10 15:33:00,182,High-Value Lapsed
15099,United Kingdom,410.48,1,343,410.48,1,2011-09-16 13:13:00,84,Occasional Active
15100,United Kingdom,2193.9,7,270,313.41,7,2011-01-10 10:35:00,334,Dormant / Inactive
15101,United Kingdom,1477.94,6,676,246.32,6,2011-12-01 10:18:00,9,Steady Repeat
15102,United Kingdom,554.67,2,339,277.33,2,2010-06-27 12:16:00,531,Dormant / Inactive
15103,United Kingdom,703.36,2,329,351.68,2,2011-11-08 14:53:00,31,Occasional Active
15104,United Kingdom,993.54,2,635,496.77,2,2011-05-27 12:29:00,197,Dormant / Inactive
15105,United Kingdom,3094.91,9,1747,343.88,9,2011-11-21 16:54:00,18,High-Value Frequent
15106,United Kingdom,1422.52,5,1181,284.5,5,2011-11-22 09:16:00,18,Steady Repeat
15107,United Kingdom,824.35,9,330,91.59,9,2011-02-01 14:46:00,311,Dormant / Inactive
15108,European Community,1300.25,4,499,325.06,4,2011-07-21 10:24:00,142,Steady Repeat
15109,United Kingdom,983.1,3,258,327.7,3,2011-04-08 09:58:00,246,Dormant / Inactive
15110,United Kingdom,1505.85,6,337,250.98,6,2011-11-16 11:16:00,24,Steady Repeat
15111,United Kingdom,2442.37,5,1058,488.47,5,2011-11-10 16:58:00,29,High-Value Occasional
15112,United Kingdom,209.4,1,72,209.4,1,2010-04-07 14:17:00,611,Dormant / Inactive
15113,United Kingdom,3509.43,3,2344,1169.81,3,2011-11-30 08:23:00,10,High-Value Occasional
15114,United Kingdom,3400.12,12,3532,283.34,12,2011-11-09 15:05:00,30,High-Value Frequent
15115,United Kingdom,531.85,2,245,265.92,2,2011-11-21 14:59:00,18,Occasional Active
15116,United Kingdom,1352.75,4,648,338.19,4,2011-11-22 12:25:00,18,Steady Repeat
15117,United Kingdom,2485.97,8,3093,310.75,8,2011-11-25 08:12:00,15,High-Value Frequent
15118,United Kingdom,244.8,1,1440,244.8,1,2011-07-28 14:54:00,134,Occasional Active
15119,United Kingdom,266.4,1,88,266.4,1,2011-04-08 09:08:00,246,Dormant / Inactive
15120,United Kingdom,358.82,1,296,358.82,1,2011-07-29 09:48:00,134,Occasional Active
15121,United Kingdom,457.72,2,199,228.86,2,2011-10-20 14:51:00,50,Occasional Active
15122,United Kingdom,4487.27,11,2033,407.93,11,2011-08-17 16:48:00,114,High-Value Frequent
15123,United Kingdom,4656.17,5,2524,931.23,5,2011-12-02 13:12:00,7,High-Value Occasional
15124,United Kingdom,450.82,4,462,112.7,4,2011-11-17 10:09:00,23,Steady Repeat
15125,United Kingdom,17024.87,24,8433,709.37,24,2011-11-14 13:57:00,25,High-Value Frequent
15126,United Kingdom,449.49,2,273,224.74,2,2010-06-21 12:31:00,537,Dormant / Inactive
15127,United Kingdom,711.5,2,464,355.75,2,2011-10-05 10:30:00,66,Occasional Active
15128,United Kingdom,1783.68,5,1583,356.74,5,2011-10-10 13:54:00,60,Steady Repeat
15129,United Kingdom,6860.18,23,4002,298.27,23,2011-10-20 14:40:00,50,High-Value Frequent
15130,United Kingdom,330.11,1,197,330.11,1,2011-06-23 10:15:00,170,Occasional Active
15131,United Kingdom,80.28,1,88,80.28,1,2010-11-10 12:07:00,395,Dormant / Inactive
15132,United Kingdom,977.93,5,679,195.59,5,2011-11-21 17:10:00,18,Steady Repeat
15133,United Kingdom,1806.9,5,960,361.38,5,2011-08-04 10:44:00,128,Steady Repeat
15134,United Kingdom,1596.29,10,1057,159.63,10,2011-11-25 08:55:00,15,Steady Repeat
15135,United Kingdom,305.68,2,84,152.84,2,2011-04-14 19:16:00,239,Dormant / Inactive
15136,United Kingdom,1286.7,4,776,321.68,4,2011-12-07 12:26:00,3,Steady Repeat
15137,United Kingdom,823.4,2,596,411.7,2,2010-07-07 09:41:00,521,Dormant / Inactive
15138,United Kingdom,502.52,1,300,502.52,1,2010-11-11 09:16:00,394,Dormant / Inactive
15139,United Kingdom,178.96,2,208,89.48,2,2011-04-14 11:39:00,240,Dormant / Inactive
15140,United Kingdom,3243.69,8,2010,405.46,8,2011-10-18 14:07:00,52,High-Value Frequent
15141,United Kingdom,1388.47,7,1197,198.35,7,2010-09-08 11:33:00,458,Dormant / Inactive
15142,United Kingdom,2619.92,6,2155,436.65,6,2011-10-24 12:51:00,46,High-Value Frequent
15143,United Kingdom,563.63,2,320,281.82,2,2011-04-28 12:03:00,226,Dormant / Inactive
15144,United Kingdom,12160.31,29,5251,419.32,29,2011-12-01 15:12:00,8,High-Value Frequent
15145,United Kingdom,1194.73,4,756,298.68,4,2011-12-05 17:21:00,4,Steady Repeat
15146,United Kingdom,1327.16,2,1473,663.58,2,2011-06-28 12:09:00,165,Occasional Active
15147,United Kingdom,623.5,1,366,623.5,1,2011-04-13 15:57:00,240,Dormant / Inactive
15148,United Kingdom,301.29,1,187,301.29,1,2011-11-29 08:21:00,11,Occasional Active
15149,United Kingdom,1554.61,5,380,310.92,5,2011-07-29 10:58:00,134,Steady Repeat
15150,United Kingdom,8977.94,13,6167,690.61,13,2011-11-22 12:52:00,17,High-Value Frequent
15151,United Kingdom,2085.61,2,795,1042.8,2,2010-10-12 16:37:00,423,Dormant / Inactive
15152,United Kingdom,5263.83,14,2994,375.99,14,2011-11-30 12:32:00,10,High-Value Frequent
15153,United Kingdom,329.25,1,198,329.25,1,2011-11-08 17:09:00,31,Occasional Active
15154,United Kingdom,1343.72,3,333,447.91,3,2011-09-25 16:05:00,75,Steady Repeat
15155,United Kingdom,383.97,1,192,383.97,1,2010-11-21 12:59:00,383,Dormant / Inactive
15156,United Kingdom,961.49,3,597,320.5,3,2011-12-08 18:22:00,1,Steady Repeat
15157,United Kingdom,2654.11,5,3466,530.82,5,2011-12-06 11:28:00,4,High-Value Occasional
15158,United Kingdom,606.02,2,219,303.01,2,2011-10-25 13:53:00,45,Occasional Active
15159,United Kingdom,22116.73,34,13512,650.49,34,2011-12-08 12:05:00,2,High-Value Frequent
15160,United Kingdom,589.27,4,307,147.32,4,2010-12-17 14:15:00,357,Dormant / Inactive
15161,United Kingdom,119.92,1,144,119.92,1,2010-11-16 16:08:00,388,Dormant / Inactive
15162,United Kingdom,312.9,1,74,312.9,1,2009-12-08 13:14:00,731,Dormant / Inactive
15163,United Kingdom,304.47,2,186,152.24,2,2011-11-21 13:10:00,18,Occasional Active
15164,United Kingdom,2028.11,9,912,225.35,9,2011-10-02 12:05:00,69,Steady Repeat
15165,United Kingdom,487.75,1,160,487.75,1,2010-12-01 14:03:00,373,Dormant / Inactive
15166,United Kingdom,167.16,1,140,167.16,1,2010-08-29 12:31:00,468,Dormant / Inactive
15167,United Kingdom,1627.62,5,863,325.52,5,2011-01-23 12:41:00,321,Dormant / Inactive
15168,United Kingdom,106.56,1,52,106.56,1,2011-11-14 11:26:00,26,Occasional Active
15169,United Kingdom,569.22,2,356,284.61,2,2010-11-22 13:04:00,382,Dormant / Inactive
15170,United Kingdom,81.15,1,33,81.15,1,2010-10-29 10:34:00,407,Dormant / Inactive
15171,United Kingdom,1289.5,1,290,1289.5,1,2011-01-12 15:36:00,331,Dormant / Inactive
15172,United Kingdom,1624.05,5,1611,324.81,5,2011-12-01 11:51:00,9,Steady Repeat
15173,United Kingdom,1494.6,7,840,213.51,7,2010-11-24 10:21:00,381,Dormant / Inactive
15174,United Kingdom,481.46,2,382,240.73,2,2011-01-21 09:06:00,323,Dormant / Inactive
15175,United Kingdom,224.14,1,454,224.14,1,2011-09-29 11:31:00,72,Occasional Active
15176,United Kingdom,988.04,1,448,988.04,1,2010-02-10 10:36:00,668,Dormant / Inactive
15177,United Kingdom,948.93,1,485,948.93,1,2010-10-10 12:48:00,426,Dormant / Inactive
15178,United Kingdom,40.5,1,30,40.5,1,2011-03-24 15:12:00,260,Dormant / Inactive
15179,United Kingdom,7491.92,13,5416,576.3,13,2011-11-21 12:53:00,18,High-Value Frequent
15180,United Kingdom,816.93,3,654,272.31,3,2010-12-07 14:57:00,367,Dormant / Inactive
15181,United Kingdom,1200.2,5,688,240.04,5,2011-10-04 13:58:00,66,Steady Repeat
15182,United Kingdom,2998.95,11,1186,272.63,11,2011-07-08 13:37:00,154,High-Value Frequent
15183,United Kingdom,639.93,3,297,213.31,3,2010-06-10 10:43:00,548,Dormant / Inactive
15184,United Kingdom,685.39,4,462,171.35,4,2011-11-10 13:41:00,29,Steady Repeat
15185,United Kingdom,310.62,1,666,310.62,1,2011-09-30 14:06:00,70,Occasional Active
15186,United Kingdom,1403.2,5,716,280.64,5,2011-11-25 14:58:00,14,Steady Repeat
15187,United Kingdom,4777.18,16,1887,298.57,16,2011-12-08 11:56:00,2,High-Value Frequent
15188,United Kingdom,310.43,1,233,310.43,1,2009-12-14 13:30:00,725,Dormant / Inactive
15189,United Kingdom,17524.38,46,6902,380.96,46,2011-12-08 13:22:00,1,High-Value Frequent
15190,United Kingdom,834.44,1,790,834.44,1,2010-10-01 13:09:00,434,Dormant / Inactive
15191,United Kingdom,588.05,3,287,196.02,3,2010-09-02 15:37:00,463,Dormant / Inactive
15192,United Kingdom,1666.39,5,1448,333.28,5,2011-08-12 11:41:00,120,Steady Repeat
15193,United Kingdom,499.32,1,144,499.32,1,2011-10-10 08:23:00,61,Occasional Active
15194,United Kingdom,12021.53,28,8922,429.34,28,2011-12-06 15:10:00,3,High-Value Frequent
15195,United Kingdom,3861.0,1,1404,3861.0,1,2011-12-07 12:20:00,3,High-Value Occasional
15196,United Kingdom,313.7,2,130,156.85,2,2010-10-03 10:50:00,433,Dormant / Inactive
15197,United Kingdom,1877.51,6,1058,312.92,6,2011-11-29 10:00:00,11,Steady Repeat
15198,United Kingdom,571.35,5,327,114.27,5,2011-09-08 14:42:00,92,Steady Repeat
15199,United Kingdom,3122.4,10,894,312.24,10,2011-10-11 15:12:00,59,High-Value Frequent
15200,United Kingdom,549.05,1,195,549.05,1,2010-08-02 09:38:00,495,Dormant / Inactive
15201,United Kingdom,1842.95,7,1660,263.28,7,2011-09-13 14:53:00,87,Steady Repeat
15202,United Kingdom,6001.49,3,3,2000.5,3,2010-10-15 13:05:00,420,High-Value Lapsed
15203,United Kingdom,4400.18,15,4182,293.35,15,2011-11-14 08:16:00,26,High-Value Frequent
15204,United Kingdom,316.58,1,258,316.58,1,2010-12-17 13:49:00,357,Dormant / Inactive
15205,United Kingdom,653.24,2,378,326.62,2,2011-09-15 19:36:00,85,Occasional Active
15206,United Kingdom,420.3,4,162,105.08,4,2011-11-29 13:41:00,10,Steady Repeat
15207,United Kingdom,683.92,3,428,227.97,3,2010-10-19 13:29:00,416,Dormant / Inactive
15208,United Kingdom,970.52,6,356,161.75,6,2011-12-08 17:24:00,1,Steady Repeat
15209,United Kingdom,178.98,1,94,178.98,1,2009-12-09 17:26:00,730,Dormant / Inactive
15210,United Kingdom,1176.19,3,841,392.06,3,2011-04-28 16:11:00,225,Dormant / Inactive
15211,United Kingdom,894.41,2,240,447.2,2,2011-10-10 13:31:00,60,Occasional Active
15212,United Kingdom,208.28,2,84,104.14,2,2011-04-12 13:45:00,241,Dormant / Inactive
15213,United Kingdom,328.35,2,272,164.18,2,2011-01-25 12:21:00,319,Dormant / Inactive
15214,United Kingdom,1661.44,8,1254,207.68,8,2011-12-08 12:07:00,2,Steady Repeat
15215,United Kingdom,2422.43,7,776,346.06,7,2011-10-24 11:41:00,47,High-Value Frequent
15216,United Kingdom,486.09,2,217,243.04,2,2011-09-13 11:41:00,88,Occasional Active
15217,United Kingdom,426.24,1,190,426.24,1,2010-05-25 13:51:00,563,Dormant / Inactive
15218,United Kingdom,11468.83,22,6530,521.31,22,2011-11-29 11:48:00,11,High-Value Frequent
15219,United Kingdom,685.45,2,271,342.72,2,2011-06-16 16:57:00,176,Occasional Active
15220,United Kingdom,1778.96,6,1393,296.49,6,2011-10-19 12:39:00,52,Steady Repeat
15221,United Kingdom,2062.2,4,244,515.55,4,2010-12-08 13:08:00,366,Dormant / Inactive
15222,United Kingdom,3550.91,11,4458,322.81,11,2011-01-25 08:03:00,319,High-Value Lapsed
15223,United Kingdom,1417.95,5,385,283.59,5,2011-04-28 11:31:00,226,Dormant / Inactive
15224,United Kingdom,871.36,5,443,174.27,5,2010-12-16 15:02:00,358,Dormant / Inactive
15225,United Kingdom,409.4,1,226,409.4,1,2011-04-19 14:51:00,234,Dormant / Inactive
15226,United Kingdom,154.41,1,71,154.41,1,2011-02-02 11:41:00,311,Dormant / Inactive
15227,United Kingdom,2488.49,9,1217,276.5,9,2011-11-03 11:59:00,37,High-Value Frequent
15228,United Kingdom,5580.27,6,3375,930.04,6,2011-10-04 13:56:00,66,High-Value Frequent
15229,United Kingdom,160.5,1,114,160.5,1,2010-05-02 13:50:00,586,Dormant / Inactive
15230,United Kingdom,429.6,2,351,214.8,2,2011-04-14 14:39:00,239,Dormant / Inactive
15231,United Kingdom,250.26,1,190,250.26,1,2010-03-28 15:12:00,621,Dormant / Inactive
15232,United Kingdom,612.06,2,686,306.03,2,2011-08-18 16:27:00,113,Occasional Active
15233,United Kingdom,59.4,1,12,59.4,1,2010-11-03 13:36:00,401,Dormant / Inactive
15234,United Kingdom,197.0,1,196,197.0,1,2011-03-08 08:53:00,277,Dormant / Inactive
15235,United Kingdom,2772.76,16,1676,173.3,16,2011-05-06 09:44:00,218,High-Value Lapsed
15236,United Kingdom,321.05,1,269,321.05,1,2011-02-14 10:52:00,299,Dormant / Inactive
15237,United Kingdom,1412.32,4,1071,353.08,4,2011-12-08 09:46:00,2,Steady Repeat
15238,United Kingdom,1071.99,3,692,357.33,3,2011-11-10 14:28:00,29,Steady Repeat
15239,United Kingdom,780.59,2,594,390.3,2,2011-11-29 14:14:00,10,Occasional Active
15240,United Kingdom,4459.98,12,3214,371.66,12,2011-10-26 09:50:00,45,High-Value Frequent
15241,United Kingdom,3050.16,11,3328,277.29,11,2011-10-04 09:05:00,67,High-Value Frequent
15242,United Kingdom,302.04,1,196,302.04,1,2010-10-13 15:33:00,422,Dormant / Inactive
15243,United Kingdom,927.28,2,543,463.64,2,2011-09-26 14:12:00,74,Occasional Active
15244,United Kingdom,912.08,3,472,304.03,3,2011-10-05 13:19:00,65,Steady Repeat
15245,United Kingdom,4610.84,8,3021,576.36,8,2011-07-28 18:56:00,134,High-Value Frequent
15246,United Kingdom,780.4,3,359,260.13,3,2011-04-15 14:45:00,238,Dormant / Inactive
15247,United Kingdom,976.06,3,514,325.35,3,2011-08-09 12:52:00,122,Steady Repeat
15248,United Kingdom,1893.93,3,1065,631.31,3,2010-10-24 13:09:00,411,Dormant / Inactive
15249,United Kingdom,9266.0,18,4980,514.78,18,2011-11-08 11:45:00,32,High-Value Frequent
15250,United Kingdom,60.0,1,48,60.0,1,2010-03-09 07:35:00,641,Dormant / Inactive
15251,United Kingdom,20324.54,21,12108,967.84,21,2011-11-30 15:02:00,9,High-Value Frequent
15252,United Kingdom,2103.41,5,1430,420.68,5,2011-11-03 13:30:00,36,Steady Repeat
15253,United Kingdom,2055.09,8,1588,256.89,8,2011-11-23 16:22:00,16,Steady Repeat
15254,United Kingdom,1088.35,3,711,362.78,3,2011-08-04 15:04:00,127,Steady Repeat
15255,United Kingdom,3706.02,9,2214,411.78,9,2011-10-04 12:43:00,67,High-Value Frequent
15256,United Kingdom,170.4,2,92,85.2,2,2011-07-14 11:47:00,149,Occasional Active
15257,United Kingdom,685.9,2,71,342.95,2,2011-03-01 12:58:00,283,Dormant / Inactive
15258,United Kingdom,623.16,2,142,311.58,2,2011-06-24 12:30:00,169,Occasional Active
15259,United Kingdom,1182.38,4,631,295.6,4,2010-07-15 08:47:00,513,Dormant / Inactive
15260,United Kingdom,8767.73,25,4468,350.71,25,2011-08-31 13:55:00,100,High-Value Frequent
15261,United Kingdom,1508.0,4,806,377.0,4,2011-07-27 15:20:00,135,Steady Repeat
15262,United Kingdom,418.82,3,218,139.61,3,2011-01-20 12:16:00,324,Dormant / Inactive
15263,United Kingdom,156.51,1,89,156.51,1,2011-08-25 10:26:00,107,Occasional Active
15264,United Kingdom,848.4,2,443,424.2,2,2011-10-06 13:49:00,64,Occasional Active
15265,United Kingdom,3345.64,4,1570,836.41,4,2011-07-11 14:46:00,151,High-Value Occasional
15266,United Kingdom,852.21,5,236,170.44,5,2011-01-05 13:40:00,338,Dormant / Inactive
15267,United Kingdom,1717.36,5,944,343.47,5,2011-11-17 15:59:00,22,Steady Repeat
15268,United Kingdom,961.9,3,428,320.63,3,2010-08-18 10:33:00,479,Dormant / Inactive
15269,United Kingdom,1225.36,3,372,408.45,3,2011-11-16 09:32:00,24,Steady Repeat
15270,United Kingdom,8524.86,21,4010,405.95,21,2011-11-24 09:24:00,16,High-Value Frequent
15271,United Kingdom,4528.54,24,2412,188.69,24,2011-12-02 14:11:00,7,High-Value Frequent
15272,United Kingdom,2030.95,6,665,338.49,6,2011-10-13 12:59:00,57,Steady Repeat
15273,United Kingdom,228.96,1,216,228.96,1,2010-04-19 11:31:00,600,Dormant / Inactive
15274,United Kingdom,716.57,2,619,358.28,2,2011-12-05 16:57:00,4,Occasional Active
15275,United Kingdom,615.14,1,498,615.14,1,2011-11-02 11:20:00,38,Occasional Active
15276,United Kingdom,619.8,4,317,154.95,4,2011-10-04 16:39:00,66,Steady Repeat
15277,United Kingdom,476.34,2,373,238.17,2,2011-10-24 10:08:00,47,Occasional Active
15278,United Kingdom,496.16,4,458,124.04,4,2010-05-27 10:03:00,562,Dormant / Inactive
15279,United Kingdom,1580.54,5,802,316.11,5,2010-12-20 10:48:00,355,Dormant / Inactive
15280,United Kingdom,397.52,3,507,132.51,3,2011-06-20 17:14:00,172,Steady Repeat
15281,United Kingdom,8543.57,16,5233,533.97,16,2011-10-12 09:10:00,59,High-Value Frequent
15282,United Kingdom,348.59,1,395,348.59,1,2010-05-18 16:27:00,570,Dormant / Inactive
15283,United Kingdom,148.33,3,27,49.44,3,2010-11-14 14:54:00,390,Dormant / Inactive
15284,United Kingdom,24.75,1,5,24.75,1,2010-07-27 13:25:00,500,Dormant / Inactive
15285,United Kingdom,94.92,1,120,94.92,1,2010-10-28 09:46:00,408,Dormant / Inactive
15286,United Kingdom,240.55,1,55,240.55,1,2011-10-21 11:08:00,50,Occasional Active
15287,United Kingdom,856.03,5,1010,171.21,5,2011-11-17 15:34:00,22,Steady Repeat
15288,United Kingdom,3715.38,10,1336,371.54,10,2011-10-27 16:58:00,43,High-Value Frequent
15289,United Kingdom,1593.09,5,1627,318.62,5,2011-11-10 13:49:00,29,Steady Repeat
15290,United Kingdom,10496.28,26,6567,403.7,26,2011-12-05 11:39:00,5,High-Value Frequent
15291,United Kingdom,13517.76,40,4905,337.94,40,2011-11-14 11:02:00,26,High-Value Frequent
15292,United Kingdom,178.39,1,55,178.39,1,2011-05-22 15:00:00,201,Dormant / Inactive
15293,United Kingdom,247.5,1,178,247.5,1,2010-02-12 11:54:00,666,Dormant / Inactive
15294,United Kingdom,233.35,1,97,233.35,1,2010-10-25 11:45:00,411,Dormant / Inactive
15295,United Kingdom,207.04,1,139,207.04,1,2010-02-23 13:03:00,654,Dormant / Inactive
15296,United Kingdom,10323.03,12,5452,860.25,12,2011-10-20 11:47:00,51,High-Value Frequent
15297,United Kingdom,641.94,3,292,213.98,3,2011-11-29 16:32:00,10,Steady Repeat
15298,United Kingdom,9061.77,23,6000,393.99,23,2011-12-07 17:17:00,2,High-Value Frequent
15299,United Kingdom,6156.53,10,3356,615.65,10,2011-10-03 14:19:00,67,High-Value Frequent
15300,United Kingdom,496.44,1,292,496.44,1,2011-10-06 17:08:00,64,Occasional Active
15301,United Kingdom,6909.67,17,3763,406.45,17,2011-10-20 09:57:00,51,High-Value Frequent
15302,United Kingdom,308.0,1,102,308.0,1,2009-12-09 13:11:00,730,Dormant / Inactive
15303,United Kingdom,1224.18,3,514,408.06,3,2011-02-22 13:59:00,290,Dormant / Inactive
15304,United Kingdom,796.4,9,112,88.49,9,2011-10-10 10:23:00,61,Steady Repeat
15305,United Kingdom,93.6,1,40,93.6,1,2010-06-02 13:50:00,555,Dormant / Inactive
15306,United Kingdom,3484.73,9,3074,387.19,9,2011-10-06 12:56:00,64,High-Value Frequent
15307,United Kingdom,205.3,1,37,205.3,1,2011-09-05 11:38:00,96,Occasional Active
15308,United Kingdom,310.47,1,175,310.47,1,2011-03-10 13:08:00,274,Dormant / Inactive
15309,United Kingdom,797.96,4,440,199.49,4,2010-04-08 11:11:00,611,Dormant / Inactive
15310,United Kingdom,1634.64,1,1476,1634.64,1,2010-08-18 11:38:00,479,Dormant / Inactive
15311,United Kingdom,114966.42,208,70149,552.72,208,2011-12-09 12:00:00,1,High-Value Frequent
15312,United Kingdom,2930.19,12,1693,244.18,12,2011-09-25 13:10:00,75,High-Value Frequent
15313,United Kingdom,52.0,1,25,52.0,1,2011-08-21 16:02:00,110,Occasional Active
15314,United Kingdom,820.45,3,750,273.48,3,2011-05-24 14:39:00,199,Dormant / Inactive
15315,United Kingdom,570.5,2,862,285.25,2,2011-10-06 12:51:00,64,Occasional Active
15316,United Kingdom,165.0,1,100,165.0,1,2011-01-17 11:34:00,327,Dormant / Inactive
15317,United Kingdom,129.75,1,45,129.75,1,2010-01-31 15:55:00,677,Dormant / Inactive
15318,United Kingdom,312.62,1,642,312.62,1,2011-12-06 11:30:00,4,Occasional Active
15319,United Kingdom,204.5,1,175,204.5,1,2011-03-01 12:48:00,284,Dormant / Inactive
15320,United Kingdom,267.13,1,326,267.13,1,2011-10-26 13:27:00,44,Occasional Active
15321,United Kingdom,6709.73,12,3653,559.14,12,2011-09-30 09:40:00,71,High-Value Frequent
15322,United Kingdom,1390.86,2,971,695.43,2,2011-09-15 09:34:00,86,Occasional Active
15323,United Kingdom,434.6,3,188,144.87,3,2010-05-26 10:01:00,563,Dormant / Inactive
15324,United Kingdom,140.22,1,74,140.22,1,2010-01-07 14:37:00,701,Dormant / Inactive
15325,United Kingdom,1601.46,8,1382,200.18,8,2011-08-28 11:55:00,104,Steady Repeat
15326,United Kingdom,1700.52,5,1351,340.1,5,2011-01-10 11:38:00,334,Dormant / Inactive
15327,United Kingdom,208.75,1,116,208.75,1,2011-10-18 11:55:00,53,Occasional Active
15328,United Kingdom,107.24,1,88,107.24,1,2010-10-28 09:05:00,408,Dormant / Inactive
15329,United Kingdom,2958.83,11,1217,268.98,11,2011-10-31 15:36:00,39,High-Value Frequent
15330,United Kingdom,714.96,2,1312,357.48,2,2011-11-07 17:50:00,32,Occasional Active
15331,United Kingdom,767.91,3,701,255.97,3,2010-07-28 09:42:00,500,Dormant / Inactive
15332,Lithuania,4892.68,6,2306,815.45,6,2010-12-08 14:43:00,366,High-Value Lapsed
15333,United Kingdom,1028.56,1,344,1028.56,1,2011-05-15 13:27:00,208,Dormant / Inactive
15334,United Kingdom,350.82,3,273,116.94,3,2011-07-06 11:22:00,157,Steady Repeat
15335,United Kingdom,170.22,1,79,170.22,1,2011-10-17 12:50:00,54,Occasional Active
15336,United Kingdom,240.5,1,84,240.5,1,2010-11-03 12:39:00,402,Dormant / Inactive
15337,United Kingdom,373.02,1,200,373.02,1,2010-10-24 15:29:00,411,Dormant / Inactive
15338,United Kingdom,277.93,1,148,277.93,1,2010-01-31 14:25:00,677,Dormant / Inactive
15339,United Kingdom,1821.02,7,1138,260.15,7,2011-10-04 12:51:00,66,Steady Repeat
15340,United Kingdom,105.5,1,76,105.5,1,2010-05-27 10:27:00,562,Dormant / Inactive
15341,United Kingdom,2402.72,2,1008,1201.36,2,2011-09-20 09:40:00,81,High-Value Occasional
15342,United Kingdom,406.09,1,283,406.09,1,2011-08-02 10:19:00,130,Occasional Active
15343,United Kingdom,364.5,1,84,364.5,1,2011-09-13 13:55:00,87,Occasional Active
15344,United Kingdom,563.94,3,116,187.98,3,2011-12-09 10:45:00,1,Steady Repeat
15345,United Kingdom,393.54,1,81,393.54,1,2011-10-25 11:28:00,46,Occasional Active
15346,United Kingdom,596.12,3,260,198.71,3,2011-01-11 11:18:00,333,Dormant / Inactive
15347,United Kingdom,1162.0,4,542,290.5,4,2010-12-08 15:25:00,366,Dormant / Inactive
15348,United Kingdom,158.04,1,84,158.04,1,2011-09-28 13:17:00,72,Occasional Active
15349,United Kingdom,463.91,2,321,231.96,2,2011-07-04 16:06:00,158,Occasional Active
15350,United Kingdom,547.6,2,272,273.8,2,2010-12-01 13:33:00,373,Dormant / Inactive
15351,United Kingdom,3430.22,10,1350,343.02,10,2011-11-27 12:52:00,12,High-Value Frequent
15352,United Kingdom,111.15,1,40,111.15,1,2010-06-09 11:28:00,549,Dormant / Inactive
15353,United Kingdom,2794.47,7,1391,399.21,7,2011-03-30 12:15:00,255,High-Value Lapsed
15354,United Kingdom,284.4,3,3,94.8,3,2010-04-15 16:24:00,603,Dormant / Inactive
15355,United Kingdom,277.05,2,45,138.52,2,2011-11-10 13:44:00,29,Occasional Active
15356,United Kingdom,3239.57,13,1892,249.2,13,2011-11-08 13:11:00,31,High-Value Frequent
15358,United Kingdom,16425.86,42,14902,391.09,42,2011-12-05 09:04:00,5,High-Value Frequent
15359,United Kingdom,181.35,8,145,22.67,8,2010-02-15 10:47:00,663,Dormant / Inactive
15360,United Kingdom,427.93,1,223,427.93,1,2011-10-31 09:35:00,40,Occasional Active
15361,United Kingdom,689.07,4,373,172.27,4,2010-12-13 09:52:00,362,Dormant / Inactive
15362,United Kingdom,613.08,2,368,306.54,2,2010-09-17 10:37:00,449,Dormant / Inactive
15363,United Kingdom,678.11,2,383,339.06,2,2010-12-02 12:28:00,373,Dormant / Inactive
15364,United Kingdom,913.19,2,493,456.6,2,2011-09-05 09:46:00,96,Occasional Active
15365,United Kingdom,4557.13,13,2131,350.55,13,2011-11-14 08:29:00,26,High-Value Frequent
15366,United Kingdom,2389.08,7,2447,341.3,7,2011-09-25 15:01:00,75,High-Value Frequent
15367,United Kingdom,5081.33,11,2944,461.94,11,2011-10-13 14:13:00,57,High-Value Frequent
15368,United Kingdom,722.74,2,406,361.37,2,2011-11-18 14:42:00,21,Occasional Active
15369,United Kingdom,6251.26,11,3288,568.3,11,2010-08-04 13:54:00,492,High-Value Lapsed
15370,United Kingdom,3739.01,8,1397,467.38,8,2011-10-30 10:58:00,41,High-Value Frequent
15371,United Kingdom,59.4,1,12,59.4,1,2010-02-15 13:14:00,662,Dormant / Inactive
15372,United Kingdom,6017.06,8,6410,752.13,8,2011-07-25 16:39:00,137,High-Value Frequent
15373,United Kingdom,3084.54,17,726,181.44,17,2011-12-01 15:05:00,8,High-Value Frequent
15374,United Kingdom,307.32,2,290,153.66,2,2011-08-03 09:59:00,129,Occasional Active
15375,United Kingdom,60.96,1,84,60.96,1,2010-01-18 15:38:00,690,Dormant / Inactive
15376,United Kingdom,1221.56,3,615,407.19,3,2011-10-30 15:04:00,40,Steady Repeat
15377,United Kingdom,1211.75,4,253,302.94,4,2010-11-22 08:55:00,383,Dormant / Inactive
15378,United Kingdom,246.5,2,130,123.25,2,2010-09-03 11:30:00,463,Dormant / Inactive
15379,United Kingdom,4877.84,8,3000,609.73,8,2011-06-23 13:13:00,169,High-Value Frequent
15380,United Kingdom,3248.96,11,954,295.36,11,2011-12-01 12:13:00,9,High-Value Frequent
15381,United Kingdom,1890.57,5,802,378.11,5,2011-05-10 11:55:00,214,Dormant / Inactive
15382,United Kingdom,13733.55,12,9178,1144.46,12,2011-11-25 10:58:00,15,High-Value Frequent
15384,United Kingdom,2027.79,4,1767,506.95,4,2011-06-23 10:57:00,170,Steady Repeat
15385,United Kingdom,942.08,3,428,314.03,3,2011-10-30 15:11:00,40,Steady Repeat
15386,United Kingdom,394.14,1,446,394.14,1,2011-06-06 13:47:00,186,Dormant / Inactive
15387,United Kingdom,468.65,1,335,468.65,1,2010-08-04 16:05:00,492,Dormant / Inactive
15388,Canada,140.54,1,88,140.54,1,2011-03-14 13:53:00,270,Dormant / Inactive
15389,United Kingdom,2733.8,5,3940,546.76,5,2011-06-20 16:18:00,172,High-Value Occasional
15390,Canada,1216.66,2,894,608.33,2,2010-11-08 15:19:00,396,Dormant / Inactive
15391,United Kingdom,289.87,1,109,289.87,1,2010-05-04 15:04:00,584,Dormant / Inactive
15392,United Kingdom,2911.62,7,2144,415.95,7,2011-12-05 11:01:00,5,High-Value Frequent
15393,United Kingdom,891.34,5,378,178.27,5,2011-11-23 16:48:00,16,Steady Repeat
15394,United Kingdom,5286.8,11,2372,480.62,11,2011-11-30 11:49:00,10,High-Value Frequent
15395,United Kingdom,107.45,1,17,107.45,1,2011-01-18 12:40:00,326,Dormant / Inactive
15396,United Kingdom,796.38,2,278,398.19,2,2011-08-19 10:56:00,113,Occasional Active
15397,United Kingdom,94.0,1,20,94.0,1,2011-02-23 09:25:00,290,Dormant / Inactive
15398,United Kingdom,1345.53,2,769,672.76,2,2011-11-23 16:47:00,16,Occasional Active
15399,United Kingdom,815.77,3,611,271.92,3,2011-12-08 13:04:00,1,Steady Repeat
15400,United Kingdom,1302.3,8,662,162.79,8,2011-09-08 13:57:00,92,Steady Repeat
15401,United Kingdom,216.95,2,93,108.48,2,2010-09-13 13:42:00,452,Dormant / Inactive
15402,United Kingdom,1830.54,6,2034,305.09,6,2011-07-14 12:17:00,149,Steady Repeat
15403,United Kingdom,170.88,2,492,85.44,2,2010-08-05 12:21:00,492,Dormant / Inactive
15404,United Kingdom,257.06,1,334,257.06,1,2010-11-29 11:03:00,376,Dormant / Inactive
15405,United Kingdom,659.84,2,348,329.92,2,2011-06-03 14:44:00,189,Dormant / Inactive
15406,United Kingdom,975.87,4,547,243.97,4,2011-11-08 13:22:00,31,Steady Repeat
15407,United Kingdom,1046.74,4,552,261.68,4,2011-11-06 11:55:00,34,Steady Repeat
15408,United Kingdom,267.18,1,106,267.18,1,2011-03-20 15:02:00,264,Dormant / Inactive
15409,United Kingdom,131.25,1,59,131.25,1,2009-12-18 15:35:00,721,Dormant / Inactive
15410,United Kingdom,4685.72,10,1902,468.57,10,2011-09-16 14:47:00,84,High-Value Frequent
15411,United Kingdom,1348.93,4,529,337.23,4,2011-11-13 15:19:00,26,Steady Repeat
15412,United Kingdom,190.53,1,108,190.53,1,2011-06-21 15:24:00,171,Occasional Active
15413,United Kingdom,6798.72,5,2694,1359.74,5,2010-01-17 11:33:00,692,High-Value Lapsed
15414,United Kingdom,774.9,3,443,258.3,3,2011-11-30 09:50:00,10,Steady Repeat
15415,United Kingdom,559.61,1,551,559.61,1,2011-01-30 14:13:00,313,Dormant / Inactive
15416,United Kingdom,4572.82,7,2420,653.26,7,2011-10-06 09:38:00,65,High-Value Frequent
15417,United Kingdom,508.8,1,284,508.8,1,2011-09-15 15:26:00,85,Occasional Active
15418,United Kingdom,449.42,2,264,224.71,2,2010-10-10 13:38:00,425,Dormant / Inactive
15419,United Kingdom,135.86,1,230,135.86,1,2011-11-15 09:23:00,25,Occasional Active
15420,United Kingdom,743.0,6,844,123.83,6,2010-10-01 15:46:00,434,Dormant / Inactive
15421,United Kingdom,3805.34,10,1927,380.53,10,2011-10-12 09:20:00,59,High-Value Frequent
15422,United Kingdom,1619.97,7,710,231.42,7,2011-01-20 16:17:00,323,Dormant / Inactive
15423,United Kingdom,266.89,3,198,88.96,3,2011-11-01 14:01:00,38,Steady Repeat
15424,United Kingdom,597.78,3,873,199.26,3,2011-03-30 13:02:00,254,Dormant / Inactive
15425,United Kingdom,1941.12,4,1041,485.28,4,2010-11-04 18:13:00,400,Dormant / Inactive
15426,United Kingdom,2156.35,9,1041,239.59,9,2011-11-20 15:36:00,19,Steady Repeat
15427,United Kingdom,1430.54,3,967,476.85,3,2011-11-06 14:29:00,33,Steady Repeat
15428,United Kingdom,762.75,4,347,190.69,4,2011-11-24 16:54:00,15,Steady Repeat
15429,United Kingdom,397.35,2,380,198.68,2,2011-11-13 12:28:00,27,Occasional Active
15430,United Kingdom,954.75,2,309,477.38,2,2010-08-29 10:42:00,468,Dormant / Inactive
15431,United Kingdom,153.24,1,84,153.24,1,2010-07-25 12:44:00,503,Dormant / Inactive
15432,United Kingdom,320.76,2,92,160.38,2,2011-11-16 16:30:00,23,Occasional Active
15433,United Kingdom,533.3,2,534,266.65,2,2011-05-10 10:45:00,214,Dormant / Inactive
15434,United Kingdom,2567.06,11,1423,233.37,11,2011-12-01 13:33:00,8,High-Value Frequent
15435,United Kingdom,149.29,1,54,149.29,1,2011-11-17 16:39:00,22,Occasional Active
15436,United Kingdom,1067.75,3,574,355.92,3,2011-11-27 16:05:00,12,Steady Repeat
15437,United Kingdom,393.45,2,177,196.72,2,2011-03-22 13:11:00,262,Dormant / Inactive
15438,United Kingdom,156.58,1,59,156.58,1,2011-07-31 14:19:00,131,Occasional Active
15439,United Kingdom,1269.05,4,572,317.26,4,2010-10-31 10:38:00,405,Dormant / Inactive
15440,United Kingdom,383.68,3,197,127.89,3,2011-10-16 12:16:00,55,Steady Repeat
15441,United Kingdom,1254.21,3,587,418.07,3,2010-11-08 15:50:00,396,Dormant / Inactive
15442,United Kingdom,594.0,1,120,594.0,1,2011-04-05 12:24:00,249,Dormant / Inactive
15443,United Kingdom,5114.23,14,2699,365.3,14,2011-12-08 10:40:00,2,High-Value Frequent
15444,United Kingdom,1411.21,2,759,705.6,2,2011-11-30 17:37:00,9,Occasional Active
15445,United Kingdom,284.5,2,118,142.25,2,2011-03-20 15:06:00,264,Dormant / Inactive
15446,United Kingdom,399.75,3,265,133.25,3,2010-11-28 11:59:00,377,Dormant / Inactive
15447,United Kingdom,492.88,5,228,98.58,5,2011-01-13 11:26:00,331,Dormant / Inactive
15448,United Kingdom,788.81,2,487,394.4,2,2011-01-31 10:42:00,313,Dormant / Inactive
15449,United Kingdom,974.52,3,812,324.84,3,2011-11-13 15:02:00,26,Steady Repeat
15450,United Kingdom,429.84,1,376,429.84,1,2011-11-09 17:11:00,30,Occasional Active
15451,United Kingdom,226.86,2,76,113.43,2,2010-10-01 13:40:00,434,Dormant / Inactive
15452,United Kingdom,1785.11,6,1087,297.52,6,2011-11-10 12:13:00,30,Steady Repeat
15453,United Kingdom,1371.77,7,837,195.97,7,2011-12-08 10:59:00,2,Steady Repeat
15454,United Kingdom,305.99,2,146,153.0,2,2010-12-12 14:21:00,362,Dormant / Inactive
15455,United Kingdom,38.25,1,3,38.25,1,2010-04-21 12:43:00,598,Dormant / Inactive
15456,United Kingdom,2091.52,10,2727,209.15,10,2011-03-01 13:51:00,283,Dormant / Inactive
15457,United Kingdom,237.07,1,132,237.07,1,2011-03-22 15:31:00,262,Dormant / Inactive
15458,United Kingdom,370.44,2,300,185.22,2,2011-11-14 13:08:00,25,Occasional Active
15459,United Kingdom,202.83,2,121,101.42,2,2010-10-18 15:25:00,417,Dormant / Inactive
15460,United Kingdom,214.26,1,107,214.26,1,2010-12-20 16:08:00,354,Dormant / Inactive
15461,United Kingdom,429.7,2,230,214.85,2,2010-09-05 12:31:00,461,Dormant / Inactive
15462,United Kingdom,737.05,4,495,184.26,4,2011-09-06 13:11:00,94,Steady Repeat
15463,United Kingdom,126.14,1,106,126.14,1,2011-11-10 12:57:00,29,Occasional Active
15464,United Kingdom,1044.65,1,348,1044.65,1,2011-01-05 15:56:00,338,Dormant / Inactive
15465,United Kingdom,12100.4,32,2638,378.14,32,2011-11-20 10:11:00,20,High-Value Frequent
15466,United Kingdom,1560.46,4,941,390.12,4,2011-09-15 14:08:00,85,Steady Repeat
15467,United Kingdom,524.88,3,310,174.96,3,2011-11-30 14:17:00,9,Steady Repeat
15468,United Kingdom,1430.48,3,1400,476.83,3,2011-10-19 13:49:00,51,Steady Repeat
15469,United Kingdom,874.25,3,287,291.42,3,2011-10-20 16:21:00,50,Steady Repeat
15470,United Kingdom,63.42,1,232,63.42,1,2010-05-13 09:35:00,576,Dormant / Inactive
15471,United Kingdom,1292.01,3,670,430.67,3,2011-12-07 14:12:00,2,Steady Repeat
15472,United Kingdom,371.56,1,251,371.56,1,2011-08-18 15:17:00,113,Occasional Active
15473,United Kingdom,2046.0,8,776,255.75,8,2011-11-25 15:15:00,14,Steady Repeat
15474,United Kingdom,150.35,1,55,150.35,1,2010-04-23 11:14:00,596,Dormant / Inactive
15475,United Kingdom,454.11,1,319,454.11,1,2011-09-23 15:20:00,77,Occasional Active
15476,United Kingdom,2209.98,4,1174,552.5,4,2010-11-24 15:17:00,380,Dormant / Inactive
15477,United Kingdom,368.4,1,216,368.4,1,2010-02-28 10:37:00,650,Dormant / Inactive
15478,United Kingdom,1983.48,3,894,661.16,3,2011-10-30 14:19:00,40,Steady Repeat
15479,United Kingdom,147.4,1,38,147.4,1,2009-12-06 15:08:00,733,Dormant / Inactive
15480,Malta,6279.0,5,1852,1255.8,5,2011-08-15 14:32:00,116,High-Value Occasional
15481,Norway,1993.34,1,1450,1993.34,1,2010-11-03 14:52:00,401,Dormant / Inactive
15482,United Kingdom,14417.36,19,6516,758.81,19,2011-11-24 10:46:00,16,High-Value Frequent
15483,United Kingdom,817.82,10,905,81.78,10,2011-07-01 13:07:00,161,Steady Repeat
15484,United Kingdom,4652.1,6,4074,775.35,6,2011-12-08 15:03:00,1,High-Value Frequent
15485,United Kingdom,4810.92,7,2153,687.27,7,2011-11-09 14:31:00,30,High-Value Frequent
15486,United Kingdom,102.0,1,40,102.0,1,2010-06-30 13:15:00,527,Dormant / Inactive
15487,United Kingdom,231.32,1,144,231.32,1,2010-01-29 12:07:00,680,Dormant / Inactive
15488,United Kingdom,431.92,5,251,86.38,5,2011-09-08 10:11:00,93,Steady Repeat
15489,United Kingdom,2419.61,8,1264,302.45,8,2011-11-17 08:53:00,23,High-Value Frequent
15490,United Kingdom,210.85,1,82,210.85,1,2010-10-05 13:11:00,430,Dormant / Inactive
15491,United Kingdom,3100.09,6,1646,516.68,6,2011-09-05 15:56:00,95,High-Value Frequent
15492,United Kingdom,659.46,2,483,329.73,2,2011-11-11 14:53:00,28,Occasional Active
15493,United Kingdom,4121.68,9,1206,457.96,9,2011-11-07 12:04:00,33,High-Value Frequent
15494,United Kingdom,3702.6,5,3052,740.52,5,2011-11-18 14:51:00,21,High-Value Occasional
15495,United Kingdom,246.5,1,194,246.5,1,2010-11-25 13:46:00,379,Dormant / Inactive
15496,United Kingdom,146.14,1,98,146.14,1,2010-03-18 13:16:00,631,Dormant / Inactive
15497,United Kingdom,8657.39,9,2937,961.93,9,2011-11-22 11:51:00,18,High-Value Frequent
15498,United Kingdom,24972.86,44,12134,567.57,44,2011-12-07 12:48:00,3,High-Value Frequent
15499,United Kingdom,158.65,1,59,158.65,1,2009-12-16 12:17:00,724,Dormant / Inactive
15500,United Kingdom,1131.56,4,572,282.89,4,2011-12-01 13:47:00,8,Steady Repeat
15501,United Kingdom,399.95,2,205,199.98,2,2010-10-31 11:15:00,405,Dormant / Inactive
15502,United Kingdom,13003.87,14,5559,928.85,14,2011-11-24 12:48:00,16,High-Value Frequent
15503,United Kingdom,257.3,2,130,128.65,2,2010-12-12 10:57:00,363,Dormant / Inactive
15504,United Kingdom,402.7,4,141,100.68,4,2011-09-19 13:45:00,81,Steady Repeat
15505,United Kingdom,3610.96,5,2390,722.19,5,2011-10-18 07:56:00,53,High-Value Occasional
15506,United Kingdom,2030.33,6,1637,338.39,6,2011-11-17 12:11:00,23,Steady Repeat
15507,United Kingdom,475.86,1,160,475.86,1,2011-06-21 11:19:00,172,Occasional Active
15508,United Kingdom,1000.27,6,440,166.71,6,2011-06-03 15:43:00,189,Dormant / Inactive
15509,United Kingdom,152.41,1,58,152.41,1,2010-11-24 14:48:00,380,Dormant / Inactive
15510,United Kingdom,250.0,1,2,250.0,1,2011-01-13 12:10:00,331,Dormant / Inactive
15511,United Kingdom,900.53,5,269,180.11,5,2011-11-28 09:43:00,12,Steady Repeat
15512,United Kingdom,331.58,4,235,82.9,4,2011-07-07 10:20:00,156,Steady Repeat
15513,United Kingdom,26437.05,35,10477,755.34,35,2011-11-06 14:36:00,33,High-Value Frequent
15514,United Kingdom,6392.06,18,4087,355.11,18,2011-11-27 14:40:00,12,High-Value Frequent
15515,United Kingdom,171.81,1,131,171.81,1,2010-11-17 13:39:00,387,Dormant / Inactive
15516,United Kingdom,62.43,3,27,20.81,3,2011-10-26 10:51:00,45,Steady Repeat
15517,United Kingdom,267.03,1,293,267.03,1,2011-04-20 14:02:00,233,Dormant / Inactive
15518,United Kingdom,4189.99,15,2810,279.33,15,2011-10-06 13:05:00,64,High-Value Frequent
15519,United Kingdom,344.61,2,116,172.3,2,2010-11-21 14:35:00,383,Dormant / Inactive
15520,United Kingdom,343.5,1,314,343.5,1,2011-12-08 10:58:00,2,Occasional Active
15521,United Kingdom,7098.24,16,4507,443.64,16,2011-10-30 13:42:00,40,High-Value Frequent
15522,United Kingdom,397.99,2,572,199.0,2,2011-11-07 11:26:00,33,Occasional Active
15523,United Kingdom,17259.19,16,15633,1078.7,16,2011-09-16 16:29:00,84,High-Value Frequent
15524,United Kingdom,591.4,2,28,295.7,2,2011-11-15 12:09:00,25,Occasional Active
15525,United Kingdom,890.22,4,527,222.56,4,2011-12-07 14:43:00,2,Steady Repeat
15526,United Kingdom,148.44,2,24,74.22,2,2011-11-06 15:04:00,33,Occasional Active
15527,United Kingdom,5554.89,23,2211,241.52,23,2011-11-21 12:17:00,19,High-Value Frequent
15528,United Kingdom,229.33,1,123,229.33,1,2011-03-30 16:14:00,254,Dormant / Inactive
15529,United Kingdom,4783.66,12,4271,398.64,12,2011-11-17 11:29:00,23,High-Value Frequent
15530,United Kingdom,1808.68,5,1328,361.74,5,2011-11-18 12:25:00,22,Steady Repeat
15531,United Kingdom,1972.39,2,1085,986.2,2,2011-12-01 18:43:00,8,Occasional Active
15532,United Kingdom,3738.85,10,1337,373.88,10,2011-11-14 14:51:00,25,High-Value Frequent
15533,United Kingdom,807.57,3,289,269.19,3,2011-11-20 15:35:00,19,Steady Repeat
15534,United Kingdom,162.25,1,63,162.25,1,2009-12-14 12:48:00,726,Dormant / Inactive
15535,United Kingdom,1044.37,6,314,174.06,6,2011-06-19 16:02:00,173,Steady Repeat
15536,United Kingdom,259.09,1,242,259.09,1,2010-10-26 16:31:00,409,Dormant / Inactive
15537,United Kingdom,110.92,1,29,110.92,1,2011-06-29 13:10:00,163,Occasional Active
15538,United Kingdom,3358.4,6,1016,559.73,6,2010-06-20 10:49:00,538,High-Value Lapsed
15539,United Kingdom,538.46,1,410,538.46,1,2011-12-02 13:36:00,7,Occasional Active
15540,United Kingdom,460.68,2,444,230.34,2,2011-11-28 13:51:00,11,Occasional Active
15541,United Kingdom,85.13,1,49,85.13,1,2011-08-17 14:58:00,114,Occasional Active
15542,United Kingdom,855.71,3,418,285.24,3,2010-07-15 13:32:00,512,Dormant / Inactive
15543,United Kingdom,242.26,2,167,121.13,2,2011-02-24 15:26:00,288,Dormant / Inactive
15544,United Kingdom,7807.89,20,6745,390.39,20,2011-11-30 16:43:00,9,High-Value Frequent
15545,United Kingdom,288.97,2,162,144.49,2,2011-10-16 13:24:00,54,Occasional Active
15546,United Kingdom,1079.1,2,198,539.55,2,2010-04-12 11:51:00,607,Dormant / Inactive
15547,United Kingdom,10057.05,26,7278,386.81,26,2011-12-02 12:52:00,7,High-Value Frequent
15548,United Kingdom,158.09,1,64,158.09,1,2010-04-23 12:20:00,596,Dormant / Inactive
15549,United Kingdom,2334.16,8,936,291.77,8,2011-09-23 16:22:00,77,High-Value Frequent
15550,United Kingdom,2211.05,12,1139,184.25,12,2011-12-05 15:38:00,4,Steady Repeat
15551,United Kingdom,1679.81,7,796,239.97,7,2011-11-03 12:37:00,37,Steady Repeat
15552,United Kingdom,252.52,2,166,126.26,2,2011-05-06 14:47:00,217,Dormant / Inactive
15553,United Kingdom,428.93,1,449,428.93,1,2011-10-10 14:02:00,60,Occasional Active
15554,United Kingdom,217.2,1,74,217.2,1,2011-03-07 09:00:00,278,Dormant / Inactive
15555,United Kingdom,11243.91,36,8511,312.33,36,2011-11-27 16:19:00,12,High-Value Frequent
15556,United Kingdom,279.77,1,236,279.77,1,2011-11-15 16:08:00,24,Occasional Active
15557,United Kingdom,468.91,1,213,468.91,1,2011-11-11 12:46:00,29,Occasional Active
15558,United Kingdom,202.68,1,73,202.68,1,2010-03-10 15:25:00,639,Dormant / Inactive
15559,United Kingdom,1109.4,1,526,1109.4,1,2010-05-20 14:06:00,568,Dormant / Inactive
15560,United Kingdom,153.52,2,72,76.76,2,2010-11-07 10:15:00,398,Dormant / Inactive
15561,United Kingdom,1934.39,8,1334,241.8,8,2011-11-28 11:07:00,12,Steady Repeat
15562,United Kingdom,671.43,3,560,223.81,3,2010-12-23 09:55:00,352,Dormant / Inactive
15563,United Kingdom,2859.46,7,3005,408.49,7,2011-11-17 14:50:00,22,High-Value Frequent
15564,United Kingdom,70.74,2,42,35.37,2,2010-09-02 15:52:00,463,Dormant / Inactive
15565,United Kingdom,173.16,2,60,86.58,2,2011-10-20 14:33:00,50,Occasional Active
15566,United Kingdom,227.87,2,153,113.94,2,2010-11-12 12:11:00,393,Dormant / Inactive
15567,United Kingdom,186.01,1,223,186.01,1,2011-11-21 10:48:00,19,Occasional Active
15568,United Kingdom,758.29,3,461,252.76,3,2011-12-07 11:27:00,3,Steady Repeat
15569,United Kingdom,3583.45,10,1734,358.34,10,2011-08-28 10:15:00,104,High-Value Frequent
15570,United Kingdom,8736.49,25,4079,349.46,25,2011-12-02 14:47:00,7,High-Value Frequent
15571,United Kingdom,3892.35,14,2411,278.02,14,2011-11-28 10:02:00,12,High-Value Frequent
15572,United Kingdom,3965.2,10,2089,396.52,10,2011-12-05 10:09:00,5,High-Value Frequent
15573,United Kingdom,1188.42,5,770,237.68,5,2011-11-08 11:38:00,32,Steady Repeat
15574,United Kingdom,1101.44,6,750,183.57,6,2011-06-15 12:01:00,178,Steady Repeat
15575,United Kingdom,30.1,1,6,30.1,1,2010-03-30 12:50:00,620,Dormant / Inactive
15576,United Kingdom,921.37,1,394,921.37,1,2011-11-02 12:03:00,38,Occasional Active
15577,United Kingdom,396.03,5,120,79.21,5,2011-07-11 17:03:00,151,Steady Repeat
15578,United Kingdom,127.1,1,52,127.1,1,2011-06-30 13:03:00,162,Occasional Active
15579,United Kingdom,1250.63,5,713,250.13,5,2011-10-02 12:45:00,69,Steady Repeat
15580,United Kingdom,1375.39,8,955,171.92,8,2010-11-28 11:00:00,377,Dormant / Inactive
15581,United Kingdom,7480.4,38,3028,196.85,38,2011-08-11 09:38:00,121,High-Value Frequent
15582,United Kingdom,682.91,3,453,227.64,3,2011-11-15 09:55:00,25,Steady Repeat
15583,United Kingdom,95.96,1,56,95.96,1,2010-11-28 15:04:00,376,Dormant / Inactive
15584,United Kingdom,1268.2,6,483,211.37,6,2011-11-16 10:55:00,24,Steady Repeat
15585,United Kingdom,455.3,1,320,455.3,1,2011-06-16 08:38:00,177,Occasional Active
15586,United Kingdom,1139.1,3,1338,379.7,3,2010-04-26 11:00:00,593,Dormant / Inactive
15587,United Kingdom,1522.08,7,528,217.44,7,2011-10-20 13:37:00,50,Steady Repeat
15588,United Kingdom,579.6,1,96,579.6,1,2010-01-31 12:19:00,678,Dormant / Inactive
15589,United Kingdom,478.53,3,243,159.51,3,2011-03-29 09:54:00,256,Dormant / Inactive
15590,United Kingdom,1496.6,5,832,299.32,5,2010-11-22 14:49:00,382,Dormant / Inactive
15591,United Kingdom,217.9,3,58,72.63,3,2010-05-06 09:23:00,583,Dormant / Inactive
15592,United Kingdom,388.58,1,354,388.58,1,2011-10-24 08:59:00,47,Occasional Active
15593,United Kingdom,199.8,1,60,199.8,1,2011-09-30 11:46:00,71,Occasional Active
15594,United Kingdom,1771.78,5,983,354.36,5,2011-11-24 08:53:00,16,Steady Repeat
15595,United Kingdom,357.6,1,144,357.6,1,2010-08-09 12:27:00,488,Dormant / Inactive
15596,United Kingdom,2727.72,9,1208,303.08,9,2011-08-31 10:55:00,101,High-Value Frequent
15597,United Kingdom,563.37,2,393,281.68,2,2011-11-04 13:26:00,35,Occasional Active
15598,United Kingdom,548.02,2,404,274.01,2,2011-10-17 16:04:00,53,Occasional Active
15599,United Kingdom,1250.06,3,1098,416.69,3,2011-11-13 11:44:00,27,Steady Repeat
15600,United Kingdom,1199.31,4,657,299.83,4,2010-10-07 14:30:00,428,Dormant / Inactive
15601,United Kingdom,14191.74,30,10395,473.06,30,2011-11-28 15:15:00,11,High-Value Frequent
15602,United Kingdom,3137.96,16,2292,196.12,16,2011-12-01 14:14:00,8,High-Value Frequent
15603,United Kingdom,88.48,2,128,44.24,2,2011-09-22 10:04:00,79,Occasional Active
15604,United Kingdom,216.39,1,159,216.39,1,2011-10-18 14:47:00,52,Occasional Active
15605,United Kingdom,1741.95,9,641,193.55,9,2011-11-03 14:17:00,36,Steady Repeat
15606,United Kingdom,5230.99,17,1615,307.71,17,2011-10-09 15:47:00,61,High-Value Frequent
15607,United Kingdom,1708.97,9,1470,189.89,9,2011-01-07 12:44:00,337,Dormant / Inactive
15608,United Kingdom,1785.98,5,1262,357.2,5,2011-11-11 13:20:00,28,Steady Repeat
15609,United Kingdom,298.48,1,148,298.48,1,2011-06-08 13:00:00,184,Dormant / Inactive
15610,United Kingdom,112.46,1,66,112.46,1,2011-10-19 10:36:00,52,Occasional Active
15611,United Kingdom,2997.28,26,747,115.28,26,2011-11-30 12:36:00,10,High-Value Frequent
15612,United Kingdom,195.15,2,52,97.58,2,2011-11-03 14:52:00,36,Occasional Active
15613,United Kingdom,433.72,1,700,433.72,1,2010-04-08 12:51:00,610,Dormant / Inactive
15614,United Kingdom,3147.36,4,1632,786.84,4,2010-09-28 10:46:00,438,High-Value Lapsed
15615,United Kingdom,21373.97,47,12090,454.77,47,2011-11-29 14:42:00,10,High-Value Frequent
15616,United Kingdom,317.11,1,137,317.11,1,2010-09-27 13:10:00,438,Dormant / Inactive
15617,United Kingdom,828.55,3,485,276.18,3,2010-11-08 16:07:00,396,Dormant / Inactive
15618,United Kingdom,776.85,4,454,194.21,4,2011-11-07 08:34:00,33,Steady Repeat
15619,United Kingdom,336.4,1,136,336.4,1,2011-11-29 08:14:00,11,Occasional Active
15620,United Kingdom,1942.36,4,1249,485.59,4,2011-10-14 12:41:00,57,Steady Repeat
15621,United Kingdom,1293.03,4,501,323.26,4,2011-12-05 14:01:00,4,Steady Repeat
15622,United Kingdom,7852.61,17,4091,461.92,17,2011-10-27 16:44:00,43,High-Value Frequent
15623,United Kingdom,2437.05,8,1087,304.63,8,2011-07-21 17:26:00,141,High-Value Frequent
15624,United Kingdom,588.13,4,357,147.03,4,2011-08-15 11:38:00,117,Steady Repeat
15625,United Kingdom,3236.4,9,3020,359.6,9,2011-08-28 10:21:00,104,High-Value Frequent
15626,United Kingdom,1067.52,3,1138,355.84,3,2011-09-26 10:03:00,75,Steady Repeat
15627,United Kingdom,566.9,2,344,283.45,2,2010-09-08 14:14:00,457,Dormant / Inactive
15628,United Kingdom,5333.08,17,3569,313.71,17,2011-12-05 10:24:00,5,High-Value Frequent
15629,United Kingdom,2240.9,4,1518,560.22,4,2010-09-15 13:46:00,450,Dormant / Inactive
15630,United Kingdom,1481.4,3,987,493.8,3,2011-10-25 15:36:00,45,Steady Repeat
15631,United Kingdom,596.67,1,525,596.67,1,2010-03-07 14:52:00,642,Dormant / Inactive
15632,United Kingdom,3285.31,8,2109,410.66,8,2011-11-24 09:51:00,16,High-Value Frequent
15633,United Kingdom,4335.96,13,2048,333.54,13,2010-07-18 13:54:00,509,High-Value Lapsed
15634,United Kingdom,554.65,2,227,277.32,2,2011-11-22 16:28:00,17,Occasional Active
15635,United Kingdom,100.35,1,5,100.35,1,2010-11-09 08:58:00,396,Dormant / Inactive
15636,United Kingdom,1444.58,4,560,361.14,4,2011-09-11 11:17:00,90,Steady Repeat
15637,United Kingdom,797.59,5,651,159.52,5,2011-10-18 08:28:00,53,Steady Repeat
15638,United Kingdom,2265.2,6,1134,377.53,6,2010-11-26 11:52:00,379,High-Value Lapsed
15639,United Kingdom,1065.08,3,849,355.03,3,2011-07-28 14:30:00,134,Steady Repeat
15640,United Kingdom,23494.31,29,12140,810.15,29,2011-12-05 14:35:00,4,High-Value Frequent
15641,United Kingdom,5345.55,12,4422,445.46,12,2011-08-26 14:04:00,105,High-Value Frequent
15642,United Kingdom,105.78,1,270,105.78,1,2009-12-10 11:51:00,730,Dormant / Inactive
15643,United Kingdom,664.0,3,246,221.33,3,2011-06-01 07:38:00,192,Dormant / Inactive
15644,United Kingdom,803.54,4,550,200.88,4,2011-06-26 14:54:00,166,Steady Repeat
15645,United Kingdom,1055.17,3,396,351.72,3,2011-11-21 11:55:00,19,Steady Repeat
15646,United Kingdom,784.81,5,821,156.96,5,2011-07-05 09:53:00,158,Steady Repeat
15647,United Kingdom,169.0,1,124,169.0,1,2010-10-20 15:09:00,415,Dormant / Inactive
15648,United Kingdom,639.5,2,218,319.75,2,2011-05-19 15:53:00,204,Dormant / Inactive
15649,United Kingdom,1660.35,4,365,415.09,4,2011-01-07 13:34:00,336,Dormant / Inactive
15650,United Kingdom,553.88,2,210,276.94,2,2010-07-06 10:41:00,522,Dormant / Inactive
15651,United Kingdom,1259.06,5,871,251.81,5,2011-11-03 08:41:00,37,Steady Repeat
15652,United Kingdom,1405.94,5,657,281.19,5,2011-09-09 14:22:00,91,Steady Repeat
15653,United Kingdom,877.44,2,1200,438.72,2,2011-09-08 10:49:00,93,Occasional Active
15654,United Kingdom,922.53,2,475,461.26,2,2011-11-30 13:08:00,9,Occasional Active
15655,United Kingdom,560.67,1,324,560.67,1,2011-04-10 15:25:00,243,Dormant / Inactive
15656,United Kingdom,748.5,4,343,187.12,4,2011-10-25 14:56:00,45,Steady Repeat
15657,United Kingdom,30.0,1,24,30.0,1,2011-11-17 12:19:00,23,Occasional Active
15658,United Kingdom,2117.27,8,627,264.66,8,2011-06-02 15:22:00,190,Dormant / Inactive
15659,United Kingdom,532.49,3,161,177.5,3,2011-10-27 09:23:00,44,Steady Repeat
15660,United Kingdom,2603.69,15,1783,173.58,15,2011-11-14 16:58:00,25,High-Value Frequent
15661,United Kingdom,1215.95,8,779,151.99,8,2011-01-26 13:56:00,317,Dormant / Inactive
15662,United Kingdom,283.73,2,145,141.86,2,2010-02-16 16:47:00,661,Dormant / Inactive
15663,United Kingdom,138.14,1,106,138.14,1,2011-08-25 15:50:00,106,Occasional Active
15664,United Kingdom,1254.03,4,530,313.51,4,2011-10-20 10:57:00,51,Steady Repeat
15665,United Kingdom,3987.07,5,2777,797.41,5,2011-06-24 14:57:00,168,High-Value Occasional
15666,United Kingdom,632.94,2,469,316.47,2,2010-08-24 16:14:00,472,Dormant / Inactive
15667,United Kingdom,301.32,1,240,301.32,1,2011-10-31 10:56:00,40,Occasional Active
15668,United Kingdom,76.32,1,72,76.32,1,2011-05-06 10:39:00,218,Dormant / Inactive
15669,United Kingdom,684.34,4,342,171.08,4,2011-10-30 16:03:00,40,Steady Repeat
15670,United Kingdom,325.2,2,132,162.6,2,2011-02-16 10:50:00,297,Dormant / Inactive
15671,United Kingdom,2657.13,7,1699,379.59,7,2011-11-21 12:43:00,19,High-Value Frequent
15672,United Kingdom,45.3,1,10,45.3,1,2009-12-14 16:52:00,725,Dormant / Inactive
15673,United Kingdom,6204.32,9,3274,689.37,9,2011-09-12 16:12:00,88,High-Value Frequent
15674,United Kingdom,6948.23,13,3648,534.48,13,2011-09-27 15:17:00,73,High-Value Frequent
15675,United Kingdom,542.04,4,624,135.51,4,2011-09-19 13:48:00,81,Steady Repeat
15676,United Kingdom,3435.76,3,2252,1145.25,3,2011-11-21 12:40:00,19,High-Value Occasional
15677,United Kingdom,1305.63,3,675,435.21,3,2011-10-21 15:36:00,49,Steady Repeat
15678,United Kingdom,1825.94,3,1022,608.65,3,2011-10-18 09:25:00,53,Steady Repeat
15679,United Kingdom,781.28,4,1170,195.32,4,2011-11-15 16:19:00,24,Steady Repeat
15680,United Kingdom,4028.69,10,2743,402.87,10,2011-11-30 13:46:00,9,High-Value Frequent
15681,United Kingdom,2989.7,14,1392,213.55,14,2011-11-14 16:30:00,25,High-Value Frequent
15682,United Kingdom,318.24,2,222,159.12,2,2010-04-19 15:30:00,599,Dormant / Inactive
15683,United Kingdom,524.54,2,332,262.27,2,2011-08-14 12:56:00,117,Occasional Active
15684,United Kingdom,173.95,3,77,57.98,3,2010-06-10 18:51:00,547,Dormant / Inactive
15685,United Kingdom,55.98,1,36,55.98,1,2010-09-15 13:43:00,450,Dormant / Inactive
15686,United Kingdom,90.0,1,72,90.0,1,2010-10-15 13:50:00,420,Dormant / Inactive
15687,United Kingdom,2993.1,9,1310,332.57,9,2011-12-01 08:33:00,9,High-Value Frequent
15688,United Kingdom,190.57,1,95,190.57,1,2010-10-17 12:06:00,419,Dormant / Inactive
15689,United Kingdom,521.03,3,207,173.68,3,2011-08-12 09:37:00,120,Steady Repeat
15690,United Kingdom,239.76,2,408,119.88,2,2011-12-05 15:59:00,4,Occasional Active
15691,United Kingdom,571.3,4,212,142.82,4,2011-04-01 15:13:00,252,Dormant / Inactive
15692,United Kingdom,191.04,1,138,191.04,1,2011-11-11 14:12:00,28,Occasional Active
15693,United Kingdom,37.5,1,30,37.5,1,2010-02-18 14:37:00,659,Dormant / Inactive
15694,United Kingdom,9978.48,24,2467,415.77,24,2011-12-09 09:44:00,1,High-Value Frequent
15695,United Kingdom,1131.04,4,484,282.76,4,2011-03-18 08:32:00,267,Dormant / Inactive
15696,United Kingdom,3881.22,13,1386,298.56,13,2011-11-06 14:02:00,33,High-Value Frequent
15697,United Kingdom,246.75,1,127,246.75,1,2010-01-19 09:10:00,690,Dormant / Inactive
15698,United Kingdom,46.2,1,60,46.2,1,2010-03-25 17:38:00,624,Dormant / Inactive
15699,United Kingdom,309.65,1,113,309.65,1,2011-11-22 08:26:00,18,Occasional Active
15700,United Kingdom,696.68,2,357,348.34,2,2011-06-20 16:53:00,172,Occasional Active
15701,United Kingdom,1529.0,4,912,382.25,4,2011-12-07 14:39:00,2,Steady Repeat
15702,Nigeria,140.39,2,103,70.19,2,2010-08-20 14:50:00,476,Dormant / Inactive
15703,United Kingdom,211.5,1,66,211.5,1,2011-03-20 10:51:00,265,Dormant / Inactive
15704,United Kingdom,3734.66,6,1709,622.44,6,2011-07-22 13:35:00,140,High-Value Frequent
15705,United Kingdom,143.1,1,62,143.1,1,2011-05-22 15:37:00,201,Dormant / Inactive
15706,United Kingdom,1060.56,4,321,265.14,4,2011-10-07 10:09:00,64,Steady Repeat
15707,United Kingdom,916.98,4,594,229.24,4,2011-11-04 14:35:00,35,Steady Repeat
15708,United Kingdom,3887.15,9,1465,431.91,9,2011-10-30 10:54:00,41,High-Value Frequent
15709,United Kingdom,327.85,2,169,163.92,2,2011-03-01 10:38:00,284,Dormant / Inactive
15710,United Kingdom,898.87,1,641,898.87,1,2010-10-18 17:05:00,417,Dormant / Inactive
15711,United Kingdom,420.25,2,199,210.12,2,2010-06-01 12:14:00,557,Dormant / Inactive
15712,United Kingdom,3472.41,12,1277,289.37,12,2011-11-30 14:09:00,9,High-Value Frequent
15713,United Kingdom,839.64,4,451,209.91,4,2011-07-19 13:34:00,143,Steady Repeat
15714,United Kingdom,783.96,5,361,156.79,5,2011-11-28 11:26:00,12,Steady Repeat
15715,United Kingdom,658.02,5,246,131.6,5,2010-06-02 09:56:00,556,Dormant / Inactive
15716,United Kingdom,2485.26,11,1379,225.93,11,2011-07-17 11:59:00,146,High-Value Frequent
15717,United Kingdom,607.0,5,224,121.4,5,2011-04-19 13:21:00,234,Dormant / Inactive
15718,United Kingdom,293.79,1,95,293.79,1,2010-06-17 16:20:00,540,Dormant / Inactive
15719,United Kingdom,10195.97,31,5356,328.9,31,2011-11-07 12:29:00,33,High-Value Frequent
15720,United Kingdom,739.22,2,327,369.61,2,2011-11-15 14:48:00,24,Occasional Active
15721,United Kingdom,471.4,1,388,471.4,1,2011-11-28 12:14:00,12,Occasional Active
15722,United Kingdom,5234.0,11,2279,475.82,11,2011-11-04 11:43:00,36,High-Value Frequent
15723,United Kingdom,930.7,4,427,232.68,4,2010-12-10 11:12:00,365,Dormant / Inactive
15724,United Kingdom,310.85,3,117,103.62,3,2011-05-22 14:40:00,201,Dormant / Inactive
15725,United Kingdom,415.25,1,221,415.25,1,2011-11-24 14:51:00,15,Occasional Active
15726,United Kingdom,321.91,1,123,321.91,1,2010-11-14 16:12:00,390,Dormant / Inactive
15727,United Kingdom,9371.71,15,5908,624.78,15,2011-11-23 12:36:00,17,High-Value Frequent
15728,United Kingdom,544.6,2,132,272.3,2,2010-11-25 10:39:00,380,Dormant / Inactive
15729,United Kingdom,192.55,3,47,64.18,3,2011-05-11 12:36:00,213,Dormant / Inactive
15730,United Kingdom,1726.58,5,1061,345.32,5,2011-10-05 12:31:00,66,Steady Repeat
15731,United Kingdom,125.3,1,122,125.3,1,2010-06-04 10:10:00,554,Dormant / Inactive
15732,United Kingdom,1543.97,10,1264,154.4,10,2011-05-11 14:24:00,212,Dormant / Inactive
15733,United Kingdom,162.3,1,62,162.3,1,2011-03-02 09:05:00,283,Dormant / Inactive
15734,United Kingdom,2263.3,4,516,565.83,4,2011-08-17 10:50:00,115,High-Value Occasional
15735,United Kingdom,327.68,1,206,327.68,1,2010-10-14 13:38:00,421,Dormant / Inactive
15736,United Kingdom,1767.12,2,1208,883.56,2,2010-09-30 14:20:00,435,Dormant / Inactive
15737,United Kingdom,1188.12,8,597,148.51,8,2011-11-25 11:21:00,15,Steady Repeat
15738,United Kingdom,13043.32,41,9030,318.13,41,2011-11-21 08:26:00,19,High-Value Frequent
15739,United Kingdom,449.12,1,472,449.12,1,2011-10-04 13:42:00,66,Occasional Active
15740,United Kingdom,154.88,1,152,154.88,1,2011-10-21 14:29:00,49,Occasional Active
15741,United Kingdom,208.62,2,70,104.31,2,2010-09-07 16:21:00,458,Dormant / Inactive
15742,United Kingdom,156.87,1,51,156.87,1,2010-03-30 15:25:00,619,Dormant / Inactive
15743,United Kingdom,775.96,4,214,193.99,4,2011-11-23 17:19:00,16,Steady Repeat
15744,United Kingdom,34.8,1,120,34.8,1,2011-09-23 09:52:00,78,Occasional Active
15745,United Kingdom,1094.59,4,421,273.65,4,2011-11-20 13:45:00,19,Steady Repeat
15746,United Kingdom,196.88,1,178,196.88,1,2011-07-28 15:21:00,134,Occasional Active
15747,United Kingdom,2499.81,9,1344,277.76,9,2011-11-27 12:26:00,13,High-Value Frequent
15748,United Kingdom,609.81,3,261,203.27,3,2011-10-30 12:51:00,40,Steady Repeat
15749,United Kingdom,44534.3,3,18028,14844.77,3,2011-04-18 13:20:00,235,High-Value Lapsed
15750,United Kingdom,6452.99,18,4281,358.5,18,2011-12-07 12:34:00,3,High-Value Frequent
15751,United Kingdom,1380.44,11,443,125.49,11,2010-09-05 12:44:00,461,Dormant / Inactive
15752,United Kingdom,3924.91,9,2792,436.1,9,2011-10-31 11:37:00,40,High-Value Frequent
15753,United Kingdom,79.2,1,144,79.2,1,2011-02-08 12:41:00,305,Dormant / Inactive
15754,United Kingdom,3037.61,9,1762,337.51,9,2011-10-19 14:40:00,51,High-Value Frequent
15755,United Kingdom,5993.12,17,4034,352.54,17,2011-11-29 14:57:00,10,High-Value Frequent
15756,United Kingdom,528.01,4,241,132.0,4,2011-10-09 13:30:00,61,Steady Repeat
15757,United Kingdom,2940.36,6,1757,490.06,6,2011-10-05 12:14:00,66,High-Value Frequent
15758,United Kingdom,205.25,1,47,205.25,1,2011-11-15 10:48:00,25,Occasional Active
15759,United Kingdom,830.93,7,523,118.7,7,2011-05-05 15:13:00,218,Dormant / Inactive
15760,Norway,13916.34,2,2,6958.17,2,2010-03-19 11:45:00,631,High-Value Lapsed
15761,United Kingdom,143.05,1,31,143.05,1,2010-09-23 09:33:00,443,Dormant / Inactive
15762,United Kingdom,583.75,2,251,291.88,2,2011-10-05 16:15:00,65,Occasional Active
15763,United Kingdom,1086.92,2,271,543.46,2,2011-11-08 09:44:00,32,Occasional Active
15764,United Kingdom,4503.08,8,2945,562.88,8,2011-09-12 17:58:00,88,High-Value Frequent
15765,United Kingdom,370.63,1,335,370.63,1,2010-02-11 10:25:00,667,Dormant / Inactive
15766,United Kingdom,831.06,3,334,277.02,3,2011-10-06 17:03:00,64,Steady Repeat
15768,United Kingdom,15308.89,34,4215,450.26,34,2011-08-16 10:48:00,116,High-Value Frequent
15769,United Kingdom,88612.52,46,49068,1926.36,46,2011-12-02 13:52:00,7,High-Value Frequent
15770,United Kingdom,321.45,1,67,321.45,1,2010-04-06 11:47:00,613,Dormant / Inactive
15771,United Kingdom,1006.54,3,512,335.51,3,2010-04-14 13:56:00,604,Dormant / Inactive
15772,United Kingdom,280.88,1,110,280.88,1,2010-10-17 13:33:00,418,Dormant / Inactive
15773,United Kingdom,774.52,2,410,387.26,2,2011-12-04 12:48:00,6,Occasional Active
15774,United Kingdom,1288.34,6,465,214.72,6,2011-10-02 12:04:00,69,Steady Repeat
15775,United Kingdom,150.5,2,260,75.25,2,2011-04-08 12:56:00,245,Dormant / Inactive
15776,United Kingdom,241.62,1,138,241.62,1,2011-07-29 13:46:00,133,Occasional Active
15777,United Kingdom,1762.61,7,599,251.8,7,2011-04-12 16:43:00,241,Dormant / Inactive
15778,United Kingdom,307.95,1,101,307.95,1,2010-10-04 15:10:00,431,Dormant / Inactive
15779,United Kingdom,124.08,2,20,62.04,2,2010-09-02 16:40:00,463,Dormant / Inactive
15780,United Kingdom,475.28,3,220,158.43,3,2011-06-09 12:01:00,184,Dormant / Inactive
15781,United Kingdom,345.46,3,180,115.15,3,2011-11-14 14:57:00,25,Steady Repeat
15782,United Kingdom,4014.1,4,1844,1003.52,4,2011-11-30 10:49:00,10,High-Value Occasional
15783,United Kingdom,246.3,1,212,246.3,1,2011-11-29 09:50:00,11,Occasional Active
15784,United Kingdom,848.33,2,381,424.16,2,2010-08-29 10:38:00,468,Dormant / Inactive
15785,United Kingdom,5969.93,16,4479,373.12,16,2011-11-07 11:33:00,33,High-Value Frequent
15786,United Kingdom,8501.62,5,5957,1700.32,5,2011-10-24 14:13:00,46,High-Value Occasional
15787,United Kingdom,933.26,3,534,311.09,3,2011-11-13 14:55:00,26,Steady Repeat
15788,United Kingdom,221.83,1,115,221.83,1,2010-07-19 12:48:00,509,Dormant / Inactive
15789,United Kingdom,1962.01,6,2499,327.0,6,2010-12-16 14:35:00,358,Dormant / Inactive
15790,United Kingdom,218.75,1,113,218.75,1,2011-11-29 14:53:00,10,Occasional Active
15791,United Kingdom,3608.34,5,1970,721.67,5,2011-10-27 10:14:00,44,High-Value Occasional
15792,United Kingdom,933.84,2,606,466.92,2,2010-11-05 08:21:00,400,Dormant / Inactive
15793,United Kingdom,2399.57,8,1685,299.95,8,2011-11-25 09:31:00,15,High-Value Frequent
15794,United Kingdom,777.0,2,288,388.5,2,2009-12-03 13:04:00,736,Dormant / Inactive
15795,United Kingdom,1979.87,8,1411,247.48,8,2011-07-13 10:43:00,150,Steady Repeat
15796,United Kingdom,5171.63,17,1733,304.21,17,2011-12-08 19:55:00,1,High-Value Frequent
15797,United Kingdom,2821.08,6,1281,470.18,6,2011-08-18 17:04:00,113,High-Value Frequent
15798,United Kingdom,1535.37,3,915,511.79,3,2010-08-04 09:13:00,493,Dormant / Inactive
15799,United Kingdom,1421.34,4,1341,355.34,4,2011-09-25 12:46:00,76,Steady Repeat
15800,United Kingdom,1227.07,7,575,175.3,7,2011-08-24 14:23:00,107,Steady Repeat
15801,United Kingdom,1063.95,3,570,354.65,3,2011-10-24 13:52:00,46,Steady Repeat
15802,United Kingdom,451.42,1,1,451.42,1,2011-07-20 11:38:00,143,Occasional Active
15803,United Kingdom,1929.66,4,1030,482.42,4,2011-10-19 14:56:00,51,Steady Repeat
15804,United Kingdom,4206.39,13,2565,323.57,13,2011-12-09 12:31:00,1,High-Value Frequent
15805,United Kingdom,10148.93,30,6205,338.3,30,2011-11-16 16:32:00,23,High-Value Frequent
15806,United Kingdom,784.58,3,602,261.53,3,2011-10-24 14:35:00,46,Steady Repeat
15807,United Kingdom,1817.52,5,1532,363.5,5,2011-10-20 14:10:00,50,Steady Repeat
15808,United Kingdom,17180.25,21,6753,818.11,21,2011-02-06 14:33:00,306,High-Value Lapsed
15809,United Kingdom,1274.44,7,700,182.06,7,2011-11-03 16:40:00,36,Steady Repeat
15810,United Kingdom,2999.04,8,1653,374.88,8,2011-09-22 09:38:00,79,High-Value Frequent
15811,United Kingdom,3486.15,7,1781,498.02,7,2011-11-17 15:31:00,22,High-Value Frequent
15812,United Kingdom,5201.47,12,3450,433.46,12,2011-08-24 14:19:00,107,High-Value Frequent
15813,United Kingdom,1303.91,2,603,651.96,2,2011-05-16 08:13:00,208,Dormant / Inactive
15814,United Kingdom,2634.44,6,1728,439.07,6,2011-11-23 08:17:00,17,High-Value Frequent
15815,United Kingdom,2100.6,5,1856,420.12,5,2011-10-07 12:42:00,64,Steady Repeat
15816,United Kingdom,144.15,2,54,72.08,2,2010-06-15 13:36:00,542,Dormant / Inactive
15817,United Kingdom,2766.4,3,1596,922.13,3,2010-10-15 11:07:00,421,High-Value Lapsed
15818,United Kingdom,340.5,1,284,340.5,1,2010-04-30 12:58:00,588,Dormant / Inactive
15819,United Kingdom,3934.79,10,2928,393.48,10,2011-10-21 14:50:00,49,High-Value Frequent
15820,United Kingdom,206.98,1,128,206.98,1,2011-01-24 12:00:00,320,Dormant / Inactive
15821,United Kingdom,570.96,2,202,285.48,2,2011-10-26 15:48:00,44,Occasional Active
15822,United Kingdom,1840.06,6,950,306.68,6,2011-12-06 14:50:00,3,Steady Repeat
15823,United Kingdom,3882.17,3,1774,1294.06,3,2010-12-02 15:08:00,372,High-Value Lapsed
15824,United Kingdom,890.94,2,478,445.47,2,2010-09-12 13:20:00,453,Dormant / Inactive
15825,United Kingdom,532.94,1,220,532.94,1,2011-06-20 13:27:00,172,Occasional Active
15826,United Kingdom,2598.28,4,1824,649.57,4,2011-10-14 16:05:00,56,High-Value Occasional
15827,United Kingdom,3603.14,28,1715,128.68,28,2011-09-27 15:35:00,73,High-Value Frequent
15828,United Kingdom,1108.82,1,367,1108.82,1,2010-11-29 16:41:00,375,Dormant / Inactive
15829,United Kingdom,636.14,2,996,318.07,2,2011-09-01 16:45:00,99,Occasional Active
15830,United Kingdom,576.0,1,415,576.0,1,2011-11-02 10:40:00,38,Occasional Active
15831,United Kingdom,794.64,3,1092,264.88,3,2011-10-12 13:14:00,58,Steady Repeat
15832,United Kingdom,836.79,1,465,836.79,1,2011-03-30 15:29:00,254,Dormant / Inactive
15833,United Kingdom,80.4,1,24,80.4,1,2009-12-02 11:59:00,738,Dormant / Inactive
15834,United Kingdom,3764.39,7,1815,537.77,7,2011-09-30 14:41:00,70,High-Value Frequent
15835,United Kingdom,954.09,4,439,238.52,4,2011-10-26 15:47:00,44,Steady Repeat
15836,United Kingdom,137.37,1,26,137.37,1,2011-10-20 17:13:00,50,Occasional Active
15837,United Kingdom,777.01,2,405,388.5,2,2011-10-06 09:01:00,65,Occasional Active
15838,United Kingdom,73205.5,34,64114,2153.1,34,2011-11-28 14:00:00,11,High-Value Frequent
15839,United Kingdom,1048.49,3,675,349.5,3,2011-11-06 13:54:00,33,Steady Repeat
15840,United Kingdom,355.56,2,396,177.78,2,2011-10-12 09:08:00,59,Occasional Active
15841,United Kingdom,2742.41,9,2391,304.71,9,2011-09-28 12:15:00,73,High-Value Frequent
15842,United Kingdom,548.8,2,296,274.4,2,2010-11-11 14:08:00,393,Dormant / Inactive
15843,United Kingdom,118.95,1,27,118.95,1,2011-02-09 10:19:00,304,Dormant / Inactive
15844,United Kingdom,130.74,1,134,130.74,1,2011-10-24 15:19:00,46,Occasional Active
15845,United Kingdom,4426.28,11,2128,402.39,11,2011-11-22 09:42:00,18,High-Value Frequent
15846,United Kingdom,107.01,1,79,107.01,1,2010-11-19 14:40:00,385,Dormant / Inactive
15847,United Kingdom,822.57,5,643,164.51,5,2011-11-01 14:41:00,38,Steady Repeat
15848,United Kingdom,137.99,1,45,137.99,1,2010-03-28 10:54:00,622,Dormant / Inactive
15850,United Kingdom,1006.75,6,1334,167.79,6,2011-11-20 14:14:00,19,Steady Repeat
15851,United Kingdom,109.73,1,67,109.73,1,2010-07-01 12:34:00,527,Dormant / Inactive
15852,United Kingdom,257.26,3,60,85.75,3,2011-06-06 11:22:00,187,Dormant / Inactive
15853,United Kingdom,110.8,1,135,110.8,1,2011-10-19 10:38:00,52,Occasional Active
15854,United Kingdom,5578.28,21,1691,265.63,21,2011-12-05 13:39:00,4,High-Value Frequent
15855,United Kingdom,1052.72,6,712,175.45,6,2011-07-26 10:20:00,137,Steady Repeat
15856,United Kingdom,32275.95,52,19550,620.69,52,2011-12-05 17:09:00,4,High-Value Frequent
15857,United Kingdom,570.48,2,584,285.24,2,2011-11-21 12:18:00,19,Occasional Active
15858,United Kingdom,3552.41,13,2715,273.26,13,2011-11-24 12:48:00,16,High-Value Frequent
15859,United Kingdom,438.46,1,174,438.46,1,2010-10-03 12:52:00,432,Dormant / Inactive
15860,United Kingdom,2361.3,17,1259,138.9,17,2011-10-30 11:25:00,41,High-Value Frequent
15861,United Kingdom,4369.2,12,3837,364.1,12,2011-11-27 15:59:00,12,High-Value Frequent
15862,United Kingdom,2512.29,13,1520,193.25,13,2011-12-01 13:28:00,8,High-Value Frequent
15863,United Kingdom,355.1,5,162,71.02,5,2011-11-14 12:49:00,26,Steady Repeat
15864,United Kingdom,2180.76,7,1486,311.54,7,2011-11-17 13:32:00,22,Steady Repeat
15865,United Kingdom,2241.42,5,1141,448.28,5,2011-10-30 12:43:00,41,Steady Repeat
15866,United Kingdom,211.89,1,124,211.89,1,2011-08-30 14:09:00,101,Occasional Active
15867,United Kingdom,8923.3,31,5067,287.85,31,2011-12-04 13:32:00,5,High-Value Frequent
15868,United Kingdom,94.53,1,57,94.53,1,2010-05-05 14:11:00,583,Dormant / Inactive
15869,United Kingdom,321.11,3,273,107.04,3,2011-03-07 17:23:00,277,Dormant / Inactive
15870,United Kingdom,857.46,4,504,214.36,4,2011-11-07 10:58:00,33,Steady Repeat
15871,United Kingdom,33.1,1,5,33.1,1,2010-09-28 14:16:00,437,Dormant / Inactive
15872,United Kingdom,729.25,4,467,182.31,4,2011-11-25 11:55:00,15,Steady Repeat
15873,United Kingdom,313.92,4,1152,78.48,4,2010-07-28 12:41:00,500,Dormant / Inactive
15874,United Kingdom,11284.76,21,5102,537.37,21,2011-10-07 12:31:00,64,High-Value Frequent
15875,United Kingdom,108.52,1,74,108.52,1,2010-03-03 16:51:00,646,Dormant / Inactive
15876,United Kingdom,1449.14,2,886,724.57,2,2010-10-26 18:58:00,409,Dormant / Inactive
15877,United Kingdom,490.33,2,368,245.16,2,2011-12-08 11:53:00,2,Occasional Active
15878,United Kingdom,330.77,2,243,165.38,2,2010-05-27 12:17:00,562,Dormant / Inactive
15879,United Kingdom,1137.8,4,639,284.45,4,2010-10-31 16:21:00,404,Dormant / Inactive
15880,United Kingdom,329.03,1,202,329.03,1,2010-12-05 13:00:00,369,Dormant / Inactive
15881,United Kingdom,501.39,5,260,100.28,5,2011-01-31 16:59:00,312,Dormant / Inactive
15882,United Kingdom,1124.66,8,650,140.58,8,2011-05-25 11:35:00,199,Dormant / Inactive
15883,United Kingdom,396.48,2,223,198.24,2,2011-12-07 17:05:00,2,Occasional Active
15884,United Kingdom,244.6,2,152,122.3,2,2010-10-03 15:55:00,432,Dormant / Inactive
15885,United Kingdom,1951.82,15,622,130.12,15,2011-09-08 10:43:00,93,Steady Repeat
15886,United Kingdom,1052.87,4,667,263.22,4,2011-10-10 14:25:00,60,Steady Repeat
15887,United Kingdom,1027.15,3,605,342.38,3,2010-10-29 08:36:00,407,Dormant / Inactive
15888,United Kingdom,429.16,3,139,143.05,3,2011-09-20 12:30:00,81,Steady Repeat
15889,United Kingdom,1427.6,8,800,178.45,8,2011-07-06 11:10:00,157,Steady Repeat
15890,United Kingdom,535.65,5,119,107.13,5,2010-11-10 12:46:00,395,Dormant / Inactive
15891,United Kingdom,511.68,1,418,511.68,1,2011-04-27 12:35:00,227,Dormant / Inactive
15892,United Kingdom,128.2,1,46,128.2,1,2010-02-08 16:23:00,669,Dormant / Inactive
15893,United Kingdom,305.28,1,288,305.28,1,2010-08-15 11:12:00,482,Dormant / Inactive
15894,United Kingdom,258.25,2,164,129.12,2,2011-03-31 13:50:00,253,Dormant / Inactive
15895,United Kingdom,179.17,1,94,179.17,1,2011-07-13 10:27:00,150,Occasional Active
15897,United Kingdom,208.59,2,223,104.3,2,2011-05-29 13:50:00,194,Dormant / Inactive
15898,United Kingdom,4996.45,25,2160,199.86,25,2011-12-08 15:23:00,1,High-Value Frequent
15899,United Kingdom,56.25,1,39,56.25,1,2010-12-06 10:36:00,369,Dormant / Inactive
15900,United Kingdom,886.57,4,656,221.64,4,2011-11-16 12:19:00,24,Steady Repeat
15901,United Kingdom,687.72,7,695,98.25,7,2011-11-23 12:43:00,17,Steady Repeat
15902,United Kingdom,145.01,1,124,145.01,1,2010-11-24 16:57:00,380,Dormant / Inactive
15903,United Kingdom,8939.84,12,3926,744.99,12,2011-11-30 08:08:00,10,High-Value Frequent
15904,United Kingdom,164.68,1,84,164.68,1,2011-12-01 14:50:00,8,Occasional Active
15905,United Kingdom,114.69,1,82,114.69,1,2010-06-14 16:00:00,543,Dormant / Inactive
15906,United Kingdom,2530.19,10,749,253.02,10,2011-11-20 12:24:00,20,High-Value Frequent
15907,United Kingdom,882.72,3,478,294.24,3,2011-12-06 12:21:00,4,Steady Repeat
15908,United Kingdom,758.62,2,173,379.31,2,2010-08-06 11:56:00,491,Dormant / Inactive
15909,United Kingdom,191.94,1,98,191.94,1,2011-06-19 10:38:00,174,Occasional Active
15910,United Kingdom,2661.17,15,2158,177.41,15,2011-12-09 10:51:00,1,High-Value Frequent
15911,United Kingdom,1700.24,8,810,212.53,8,2010-03-26 12:06:00,624,Dormant / Inactive
15912,United Kingdom,1074.7,9,759,119.41,9,2011-06-14 14:29:00,178,Steady Repeat
15913,United Kingdom,6.3,1,3,6.3,1,2010-06-23 16:31:00,534,Dormant / Inactive
15914,United Kingdom,205.99,2,149,103.0,2,2010-11-26 16:10:00,378,Dormant / Inactive
15915,United Kingdom,364.45,1,414,364.45,1,2010-11-03 11:13:00,402,Dormant / Inactive
15916,United Kingdom,3145.24,13,1618,241.94,13,2011-11-23 13:46:00,16,High-Value Frequent
15917,United Kingdom,530.17,5,248,106.03,5,2011-04-06 10:40:00,248,Dormant / Inactive
15918,United Kingdom,582.88,3,240,194.29,3,2011-06-02 11:42:00,191,Dormant / Inactive
15919,United Kingdom,525.69,2,385,262.85,2,2011-11-20 11:28:00,20,Occasional Active
15920,United Kingdom,569.14,9,238,63.24,9,2011-07-08 15:31:00,154,Steady Repeat
15921,United Kingdom,775.26,4,335,193.82,4,2011-06-20 11:03:00,173,Steady Repeat
15922,United Kingdom,369.5,1,138,369.5,1,2010-12-01 13:51:00,373,Dormant / Inactive
15923,United Kingdom,127.08,1,122,127.08,1,2010-12-02 12:16:00,373,Dormant / Inactive
15924,United Kingdom,102.82,1,103,102.82,1,2009-12-08 15:00:00,731,Dormant / Inactive
15925,United Kingdom,207.15,1,93,207.15,1,2011-05-29 15:35:00,194,Dormant / Inactive
15926,United Kingdom,134.44,1,155,134.44,1,2010-06-15 15:23:00,542,Dormant / Inactive
15927,United Kingdom,106.54,1,66,106.54,1,2010-03-02 13:25:00,647,Dormant / Inactive
15928,United Kingdom,293.53,1,164,293.53,1,2010-02-21 15:16:00,656,Dormant / Inactive
15929,United Kingdom,594.0,1,120,594.0,1,2010-03-05 14:56:00,644,Dormant / Inactive
15930,United Kingdom,426.63,1,139,426.63,1,2011-10-03 14:52:00,67,Occasional Active
15931,United Kingdom,239.9,1,118,239.9,1,2010-10-07 16:46:00,428,Dormant / Inactive
15932,United Kingdom,2495.87,8,2325,311.98,8,2011-12-05 17:13:00,4,High-Value Frequent
15933,United Kingdom,1107.46,3,885,369.15,3,2011-11-18 13:14:00,21,Steady Repeat
15934,United Kingdom,2190.66,2,2166,1095.33,2,2010-10-18 10:13:00,418,Dormant / Inactive
15935,United Kingdom,416.86,2,115,208.43,2,2011-04-14 13:27:00,239,Dormant / Inactive
15936,United Kingdom,282.79,2,211,141.4,2,2010-11-25 16:39:00,379,Dormant / Inactive
15937,United Kingdom,145.35,1,73,145.35,1,2011-10-06 15:48:00,64,Occasional Active
15938,United Kingdom,734.81,9,449,81.65,9,2011-08-19 12:56:00,112,Steady Repeat
15939,United Kingdom,9060.39,16,6260,566.27,16,2011-09-11 11:30:00,90,High-Value Frequent
15940,United Kingdom,35.8,1,4,35.8,1,2011-02-01 16:18:00,311,Dormant / Inactive
15941,United Kingdom,405.0,1,60,405.0,1,2010-03-12 14:45:00,637,Dormant / Inactive
15942,United Kingdom,337.44,1,232,337.44,1,2011-07-29 09:01:00,134,Occasional Active
15943,United Kingdom,271.29,2,183,135.65,2,2010-02-28 12:49:00,650,Dormant / Inactive
15944,United Kingdom,2164.24,4,859,541.06,4,2011-03-08 10:33:00,277,Dormant / Inactive
15945,United Kingdom,646.27,4,345,161.57,4,2010-12-09 13:14:00,365,Dormant / Inactive
15946,United Kingdom,2304.18,3,1614,768.06,3,2010-07-25 12:18:00,503,High-Value Lapsed
15947,United Kingdom,1708.24,1,898,1708.24,1,2011-09-18 10:46:00,83,Occasional Active
15948,United Kingdom,1509.09,3,852,503.03,3,2011-12-01 15:32:00,8,Steady Repeat
15949,United Kingdom,364.72,2,284,182.36,2,2011-11-23 09:09:00,17,Occasional Active
15950,United Kingdom,7120.91,10,3354,712.09,10,2011-11-08 11:09:00,32,High-Value Frequent
15951,United Kingdom,1013.17,3,420,337.72,3,2011-12-01 08:34:00,9,Steady Repeat
15952,United Kingdom,781.91,4,391,195.48,4,2011-11-06 11:18:00,34,Steady Repeat
15953,United Kingdom,3440.34,18,1741,191.13,18,2011-11-24 15:32:00,15,High-Value Frequent
15954,United Kingdom,190.75,1,119,190.75,1,2010-04-29 13:35:00,589,Dormant / Inactive
15955,United Kingdom,8085.98,22,3967,367.54,22,2011-11-15 14:15:00,24,High-Value Frequent
15956,United Kingdom,617.6,2,278,308.8,2,2010-06-06 13:06:00,551,Dormant / Inactive
15957,United Kingdom,921.25,3,453,307.08,3,2011-11-08 12:14:00,32,Steady Repeat
15958,United Kingdom,462.12,4,154,115.53,4,2011-09-26 13:41:00,74,Steady Repeat
15959,United Kingdom,542.89,3,269,180.96,3,2010-01-26 16:38:00,682,Dormant / Inactive
15960,United Kingdom,410.95,4,258,102.74,4,2010-11-30 15:57:00,374,Dormant / Inactive
15961,United Kingdom,451.29,1,154,451.29,1,2010-11-25 15:59:00,379,Dormant / Inactive
15962,United Kingdom,289.48,1,228,289.48,1,2010-09-16 13:48:00,449,Dormant / Inactive
15963,United Kingdom,470.76,2,298,235.38,2,2011-11-20 11:33:00,20,Occasional Active
15964,United Kingdom,269.21,1,93,269.21,1,2010-02-14 15:30:00,663,Dormant / Inactive
15965,United Kingdom,2771.94,13,1313,213.23,13,2011-11-22 16:44:00,17,High-Value Frequent
15966,United Kingdom,426.53,1,275,426.53,1,2010-09-15 10:44:00,451,Dormant / Inactive
15967,United Kingdom,2966.0,12,1183,247.17,12,2011-11-16 15:41:00,23,High-Value Frequent
15968,United Kingdom,404.55,1,247,404.55,1,2010-11-16 13:04:00,388,Dormant / Inactive
15969,United Kingdom,1127.05,5,223,225.41,5,2011-12-07 11:06:00,3,Steady Repeat
15970,United Kingdom,1017.32,2,498,508.66,2,2011-02-09 12:08:00,304,Dormant / Inactive
15971,United Kingdom,5902.83,18,2251,327.94,18,2011-11-22 12:50:00,18,High-Value Frequent
15972,United Kingdom,1769.33,5,468,353.87,5,2010-09-09 13:20:00,456,Dormant / Inactive
15973,United Kingdom,680.62,3,195,226.87,3,2010-12-08 11:42:00,367,Dormant / Inactive
15974,United Kingdom,3442.15,7,2262,491.74,7,2011-10-31 13:13:00,39,High-Value Frequent
15975,United Kingdom,371.01,1,243,371.01,1,2011-09-16 13:33:00,84,Occasional Active
15976,United Kingdom,1694.41,6,1053,282.4,6,2011-06-27 13:00:00,165,Steady Repeat
15977,United Kingdom,1054.73,2,1016,527.36,2,2011-11-22 13:29:00,17,Occasional Active
15978,United Kingdom,3279.42,3,2444,1093.14,3,2011-09-23 15:21:00,77,High-Value Occasional
15979,United Kingdom,329.22,1,450,329.22,1,2010-04-16 11:35:00,603,Dormant / Inactive
15980,United Kingdom,6543.68,7,4822,934.81,7,2011-09-12 09:41:00,89,High-Value Frequent
15981,United Kingdom,9362.77,21,4827,445.85,21,2011-11-15 08:00:00,25,High-Value Frequent
15982,United Kingdom,324.51,1,131,324.51,1,2010-04-13 15:47:00,605,Dormant / Inactive
15983,United Kingdom,3110.37,8,1872,388.8,8,2011-11-17 17:34:00,22,High-Value Frequent
15984,United Kingdom,8393.02,30,5730,279.77,30,2011-12-07 12:16:00,3,High-Value Frequent
15985,United Kingdom,2715.28,7,2750,387.9,7,2011-08-08 16:31:00,123,High-Value Frequent
15986,United Kingdom,354.42,2,368,177.21,2,2011-11-09 15:17:00,30,Occasional Active
15987,United Kingdom,1535.99,8,1599,192.0,8,2011-11-27 15:38:00,12,Steady Repeat
15988,United Kingdom,738.89,3,476,246.3,3,2011-11-20 13:23:00,19,Steady Repeat
15989,United Kingdom,368.31,2,169,184.16,2,2010-11-29 12:03:00,376,Dormant / Inactive
15990,United Kingdom,1997.75,7,1086,285.39,7,2011-10-26 15:58:00,44,Steady Repeat
15991,United Kingdom,150.55,1,41,150.55,1,2010-06-23 15:50:00,534,Dormant / Inactive
15992,United Kingdom,896.6,3,514,298.87,3,2011-12-06 11:00:00,4,Steady Repeat
15993,United Kingdom,2777.67,7,2037,396.81,7,2011-12-01 10:45:00,9,High-Value Frequent
15994,United Kingdom,1175.68,3,462,391.89,3,2011-10-16 12:28:00,55,Steady Repeat
15995,United Kingdom,694.54,1,352,694.54,1,2010-10-21 13:57:00,414,Dormant / Inactive
15996,United Kingdom,1386.4,7,643,198.06,7,2011-09-12 15:14:00,88,Steady Repeat
15998,United Kingdom,8274.14,16,5350,517.13,16,2011-11-03 12:45:00,37,High-Value Frequent
15999,United Kingdom,20.4,1,24,20.4,1,2009-12-04 12:31:00,736,Dormant / Inactive
16000,United Kingdom,12393.7,3,5110,4131.23,3,2011-12-07 12:17:00,3,High-Value Occasional
16001,United Kingdom,583.39,1,337,583.39,1,2010-11-23 17:10:00,381,Dormant / Inactive
16002,United Kingdom,169.21,1,70,169.21,1,2010-03-24 13:08:00,625,Dormant / Inactive
16003,United Kingdom,5613.83,10,2210,561.38,10,2011-11-10 09:57:00,30,High-Value Frequent
16004,United Kingdom,2146.39,5,1076,429.28,5,2010-08-22 11:48:00,475,Dormant / Inactive
16005,United Kingdom,2365.49,10,1269,236.55,10,2011-11-27 13:47:00,12,High-Value Frequent
16006,United Kingdom,332.82,2,205,166.41,2,2011-05-12 13:12:00,211,Dormant / Inactive
16007,United Kingdom,3053.06,7,2631,436.15,7,2011-10-23 11:05:00,48,High-Value Frequent
16008,United Kingdom,5339.13,15,3237,355.94,15,2011-11-16 10:32:00,24,High-Value Frequent
16009,United Kingdom,972.11,4,366,243.03,4,2011-11-17 16:51:00,22,Steady Repeat
16010,United Kingdom,1694.86,11,919,154.08,11,2011-04-08 10:14:00,246,Dormant / Inactive
16011,United Kingdom,5601.01,29,3323,193.14,29,2011-12-01 16:31:00,8,High-Value Frequent
16012,United Kingdom,2978.59,5,1760,595.72,5,2011-11-04 13:25:00,35,High-Value Occasional
16013,United Kingdom,56078.44,84,25520,667.6,84,2011-12-06 10:36:00,4,High-Value Frequent
16014,United Kingdom,1100.28,5,462,220.06,5,2011-11-02 12:04:00,38,Steady Repeat
16015,United Kingdom,704.55,3,907,234.85,3,2011-12-06 10:58:00,4,Steady Repeat
16016,United Kingdom,2083.4,11,881,189.4,11,2011-12-06 14:35:00,3,Steady Repeat
16017,United Kingdom,1545.58,5,635,309.12,5,2011-10-23 12:56:00,47,Steady Repeat
16018,United Kingdom,698.13,4,503,174.53,4,2011-10-31 14:13:00,39,Steady Repeat
16019,United Kingdom,17329.16,27,6959,641.82,27,2011-10-24 11:51:00,47,High-Value Frequent
16020,United Kingdom,851.01,3,487,283.67,3,2011-11-23 11:18:00,17,Steady Repeat
16021,United Kingdom,487.03,2,276,243.52,2,2010-11-09 14:48:00,395,Dormant / Inactive
16022,United Kingdom,602.63,1,255,602.63,1,2011-03-24 13:16:00,260,Dormant / Inactive
16023,United Kingdom,719.81,3,358,239.94,3,2011-10-24 16:34:00,46,Steady Repeat
16024,United Kingdom,483.99,3,504,161.33,3,2011-11-27 13:26:00,12,Steady Repeat
16025,United Kingdom,439.66,1,338,439.66,1,2011-11-10 11:45:00,30,Occasional Active
16026,United Kingdom,236.09,1,243,236.09,1,2011-10-27 13:53:00,43,Occasional Active
16027,United Kingdom,2048.36,15,2099,136.56,15,2011-09-09 10:47:00,92,Steady Repeat
16028,United Kingdom,82.2,1,18,82.2,1,2010-04-23 11:45:00,596,Dormant / Inactive
16029,United Kingdom,117763.62,107,54450,1100.59,107,2011-11-01 10:27:00,39,High-Value Frequent
16030,United Kingdom,331.24,1,283,331.24,1,2011-02-03 11:28:00,310,Dormant / Inactive
16031,United Kingdom,547.9,2,421,273.95,2,2011-09-08 13:07:00,92,Occasional Active
16032,United Kingdom,1965.72,6,1467,327.62,6,2010-09-09 18:00:00,456,Dormant / Inactive
16033,United Kingdom,10608.81,27,4200,392.92,27,2011-12-04 12:44:00,6,High-Value Frequent
16034,United Kingdom,911.32,6,585,151.89,6,2011-05-27 16:17:00,196,Dormant / Inactive
16035,United Kingdom,217.73,1,33,217.73,1,2010-05-28 15:09:00,560,Dormant / Inactive
16036,United Kingdom,2556.84,4,1369,639.21,4,2011-09-13 14:53:00,87,High-Value Occasional
16037,United Kingdom,1509.34,5,766,301.87,5,2011-03-15 09:13:00,270,Dormant / Inactive
16038,United Kingdom,471.78,3,244,157.26,3,2011-12-02 12:40:00,8,Steady Repeat
16039,United Kingdom,456.4,2,409,228.2,2,2010-10-12 10:44:00,424,Dormant / Inactive
16040,United Kingdom,2416.9,7,1185,345.27,7,2011-10-05 13:47:00,65,High-Value Frequent
16041,United Kingdom,3166.4,3,1584,1055.47,3,2011-11-09 12:25:00,31,High-Value Occasional
16042,United Kingdom,2245.32,8,1430,280.67,8,2011-11-17 17:50:00,22,Steady Repeat
16043,United Kingdom,1856.59,8,1011,232.07,8,2011-11-02 12:50:00,38,Steady Repeat
16044,United Kingdom,340.84,1,170,340.84,1,2010-09-30 18:12:00,435,Dormant / Inactive
16045,United Kingdom,3434.93,8,2108,429.37,8,2011-08-12 12:41:00,120,High-Value Frequent
16046,United Kingdom,235.78,1,248,235.78,1,2010-05-26 13:18:00,562,Dormant / Inactive
16047,EIRE,107.14,1,1,107.14,1,2010-01-26 16:34:00,682,Dormant / Inactive
16048,United Kingdom,818.79,4,425,204.7,4,2010-12-01 15:28:00,373,Dormant / Inactive
16049,United Kingdom,1852.15,6,1132,308.69,6,2011-10-30 13:19:00,40,Steady Repeat
16050,United Kingdom,300.7,3,388,100.23,3,2011-06-19 11:44:00,174,Steady Repeat
16051,United Kingdom,188.44,1,80,188.44,1,2010-01-27 09:38:00,682,Dormant / Inactive
16052,United Kingdom,362.06,1,282,362.06,1,2011-10-16 15:13:00,54,Occasional Active
16053,United Kingdom,3634.84,6,3067,605.81,6,2011-11-07 11:21:00,33,High-Value Frequent
16054,United Kingdom,2111.88,4,791,527.97,4,2011-07-17 13:08:00,145,Steady Repeat
16055,United Kingdom,134.8,1,22,134.8,1,2011-05-03 09:26:00,221,Dormant / Inactive
16056,United Kingdom,650.75,1,345,650.75,1,2011-10-25 15:19:00,45,Occasional Active
16057,United Kingdom,3854.85,10,1691,385.48,10,2011-11-23 15:23:00,16,High-Value Frequent
16058,United Kingdom,62.7,1,18,62.7,1,2010-10-29 16:48:00,406,Dormant / Inactive
16059,United Kingdom,3053.57,12,1431,254.46,12,2011-10-05 09:56:00,66,High-Value Frequent
16060,United Kingdom,541.95,3,243,180.65,3,2010-11-04 12:10:00,401,Dormant / Inactive
16061,United Kingdom,89.65,1,19,89.65,1,2010-10-04 15:29:00,431,Dormant / Inactive
16062,United Kingdom,2863.45,8,2035,357.93,8,2011-11-30 12:15:00,10,High-Value Frequent
16063,United Kingdom,335.32,1,262,335.32,1,2011-03-24 14:56:00,260,Dormant / Inactive
16064,United Kingdom,109.31,1,55,109.31,1,2009-12-14 16:11:00,725,Dormant / Inactive
16065,United Kingdom,1992.13,8,1207,249.02,8,2010-12-09 13:03:00,365,Dormant / Inactive
16066,United Kingdom,1521.04,5,935,304.21,5,2011-11-23 11:54:00,17,Steady Repeat
16067,United Kingdom,3269.11,3,1236,1089.7,3,2010-05-26 12:33:00,563,High-Value Lapsed
16068,United Kingdom,115.73,1,48,115.73,1,2010-04-25 11:52:00,594,Dormant / Inactive
16069,United Kingdom,457.7,1,138,457.7,1,2010-10-18 10:32:00,418,Dormant / Inactive
16070,United Kingdom,852.15,2,457,426.08,2,2011-11-17 15:50:00,22,Occasional Active
16071,United Kingdom,1076.8,4,697,269.2,4,2011-10-26 11:14:00,45,Steady Repeat
16072,United Kingdom,4180.09,4,1580,1045.02,4,2011-02-24 14:32:00,288,High-Value Lapsed
16073,United Kingdom,122.4,1,48,122.4,1,2011-02-15 15:41:00,297,Dormant / Inactive
16074,United Kingdom,252.5,1,38,252.5,1,2010-11-14 13:19:00,390,Dormant / Inactive
16075,United Kingdom,736.93,2,271,368.46,2,2010-07-25 11:31:00,503,Dormant / Inactive
16076,United Kingdom,2234.73,10,1435,223.47,10,2011-12-06 14:59:00,3,Steady Repeat
16077,United Kingdom,2300.4,1,840,2300.4,1,2010-03-24 10:42:00,626,High-Value Lapsed
16078,United Kingdom,362.99,2,200,181.5,2,2011-03-01 09:47:00,284,Dormant / Inactive
16079,United Kingdom,1352.0,3,864,450.67,3,2011-11-23 12:48:00,17,Steady Repeat
16080,United Kingdom,602.56,4,298,150.64,4,2011-09-19 10:42:00,82,Steady Repeat
16081,United Kingdom,4278.96,8,2177,534.87,8,2011-10-14 13:06:00,56,High-Value Frequent
16082,United Kingdom,106.75,1,39,106.75,1,2010-02-07 15:16:00,670,Dormant / Inactive
16083,United Kingdom,2351.42,4,1514,587.86,4,2011-08-31 10:47:00,101,High-Value Occasional
16084,United Kingdom,436.18,1,216,436.18,1,2011-02-13 16:05:00,299,Dormant / Inactive
16085,United Kingdom,2341.03,12,1382,195.09,12,2011-11-16 13:24:00,23,High-Value Frequent
16086,United Kingdom,2687.73,10,1450,268.77,10,2011-10-11 13:09:00,59,High-Value Frequent
16087,United Kingdom,1739.92,5,664,347.98,5,2010-11-15 16:44:00,389,Dormant / Inactive
16088,United Kingdom,1437.43,2,373,718.72,2,2010-05-13 10:16:00,576,Dormant / Inactive
16089,United Kingdom,263.49,2,119,131.74,2,2010-11-18 13:51:00,386,Dormant / Inactive
16090,United Kingdom,180.56,1,58,180.56,1,2010-03-25 13:05:00,624,Dormant / Inactive
16091,United Kingdom,315.06,2,154,157.53,2,2011-07-08 08:45:00,155,Occasional Active
16092,United Kingdom,1587.94,6,1188,264.66,6,2011-08-17 10:46:00,115,Steady Repeat
16093,United Kingdom,17.0,1,20,17.0,1,2011-08-25 11:09:00,107,Occasional Active
16094,United Kingdom,3695.56,11,2020,335.96,11,2011-11-28 12:45:00,12,High-Value Frequent
16095,United Kingdom,447.05,1,265,447.05,1,2010-09-09 16:54:00,456,Dormant / Inactive
16096,United Kingdom,1584.97,4,700,396.24,4,2011-03-20 13:38:00,264,Dormant / Inactive
16097,United Kingdom,185.05,1,87,185.05,1,2011-04-13 13:47:00,240,Dormant / Inactive
16098,United Kingdom,4010.7,14,2008,286.48,14,2011-09-13 09:59:00,88,High-Value Frequent
16099,United Kingdom,1573.2,7,960,224.74,7,2011-10-20 13:13:00,50,Steady Repeat
16100,United Kingdom,582.64,1,438,582.64,1,2010-09-03 11:39:00,463,Dormant / Inactive
16101,United Kingdom,3229.16,4,1844,807.29,4,2011-09-30 10:18:00,71,High-Value Occasional
16102,United Kingdom,1842.14,3,942,614.05,3,2011-10-28 13:19:00,42,Steady Repeat
16103,United Kingdom,6191.71,22,2639,281.44,22,2011-12-02 14:16:00,7,High-Value Frequent
16104,United Kingdom,2774.46,9,1047,308.27,9,2011-10-09 10:23:00,62,High-Value Frequent
16105,United Kingdom,2386.19,5,2125,477.24,5,2011-04-05 10:13:00,249,High-Value Lapsed
16106,United Kingdom,108.38,1,74,108.38,1,2011-10-05 10:37:00,66,Occasional Active
16107,United Kingdom,3204.16,7,1176,457.74,7,2011-11-22 09:40:00,18,High-Value Frequent
16108,United Kingdom,2235.92,4,1473,558.98,4,2011-09-16 11:48:00,85,Steady Repeat
16109,United Kingdom,939.48,3,1092,313.16,3,2011-05-05 09:17:00,219,Dormant / Inactive
16110,United Kingdom,1781.59,4,880,445.4,4,2011-10-25 14:35:00,45,Steady Repeat
16111,United Kingdom,549.33,1,233,549.33,1,2010-10-07 19:51:00,428,Dormant / Inactive
16112,United Kingdom,195.74,4,574,48.94,4,2011-07-19 14:28:00,143,Steady Repeat
16113,United Kingdom,161.38,1,176,161.38,1,2011-06-09 16:16:00,183,Dormant / Inactive
16114,United Kingdom,135.75,1,43,135.75,1,2011-06-22 10:13:00,171,Occasional Active
16115,United Kingdom,2553.8,12,1589,212.82,12,2011-11-30 11:32:00,10,High-Value Frequent
16116,United Kingdom,612.78,1,248,612.78,1,2011-05-12 12:01:00,212,Dormant / Inactive
16117,United Kingdom,654.4,3,321,218.13,3,2011-06-03 11:42:00,190,Dormant / Inactive
16118,United Kingdom,4376.25,1,2851,4376.25,1,2010-02-25 09:40:00,653,High-Value Lapsed
16119,United Kingdom,1720.81,8,811,215.1,8,2011-12-01 15:11:00,8,Steady Repeat
16120,United Kingdom,2967.51,6,2161,494.58,6,2011-10-11 14:22:00,59,High-Value Frequent
16121,United Kingdom,1450.04,5,879,290.01,5,2011-10-13 12:59:00,57,Steady Repeat
16122,United Kingdom,895.62,6,1280,149.27,6,2011-09-27 15:34:00,73,Steady Repeat
16123,United Kingdom,307.78,1,170,307.78,1,2011-10-19 09:18:00,52,Occasional Active
16124,United Kingdom,1772.49,4,797,443.12,4,2011-01-26 14:45:00,317,Dormant / Inactive
16125,United Kingdom,4292.35,14,1819,306.6,14,2010-12-07 15:48:00,367,High-Value Lapsed
16126,United Kingdom,14644.6,15,6140,976.31,15,2011-11-10 16:03:00,29,High-Value Frequent
16127,United Kingdom,801.31,2,391,400.66,2,2011-10-31 13:58:00,39,Occasional Active
16128,United Kingdom,3801.05,11,2445,345.55,11,2011-11-22 11:14:00,18,High-Value Frequent
16129,United Kingdom,1396.05,3,1261,465.35,3,2010-10-28 14:29:00,407,Dormant / Inactive
16130,United Kingdom,987.48,4,296,246.87,4,2010-10-13 15:14:00,422,Dormant / Inactive
16131,United Kingdom,9957.42,12,4768,829.78,12,2011-10-19 11:53:00,52,High-Value Frequent
16132,United Kingdom,664.2,2,280,332.1,2,2010-06-13 13:49:00,544,Dormant / Inactive
16133,United Kingdom,22992.26,56,13653,410.58,56,2011-12-06 11:24:00,4,High-Value Frequent
16134,United Kingdom,2145.34,5,1637,429.07,5,2011-11-18 10:05:00,22,Steady Repeat
16135,United Kingdom,819.45,2,395,409.72,2,2011-03-22 12:30:00,263,Dormant / Inactive
16136,United Kingdom,946.8,4,674,236.7,4,2011-10-11 09:10:00,60,Steady Repeat
16137,United Kingdom,422.7,1,210,422.7,1,2010-01-28 15:04:00,680,Dormant / Inactive
16138,United Kingdom,910.35,3,774,303.45,3,2010-11-26 12:13:00,379,Dormant / Inactive
16139,United Kingdom,1111.15,5,602,222.23,5,2011-11-21 08:37:00,19,Steady Repeat
16140,United Kingdom,1433.46,3,1272,477.82,3,2011-10-05 12:15:00,66,Steady Repeat
16141,United Kingdom,955.94,2,410,477.97,2,2011-09-12 13:11:00,88,Occasional Active
16142,United Kingdom,535.34,1,422,535.34,1,2011-04-04 10:16:00,250,Dormant / Inactive
16143,United Kingdom,4555.08,12,1866,379.59,12,2011-12-06 14:13:00,3,High-Value Frequent
16144,United Kingdom,175.2,1,16,175.2,1,2011-04-07 10:09:00,247,Dormant / Inactive
16145,United Kingdom,6805.44,19,5270,358.18,19,2011-12-01 10:33:00,9,High-Value Frequent
16146,United Kingdom,946.38,4,544,236.6,4,2011-07-05 14:20:00,157,Steady Repeat
16147,United Kingdom,2398.91,5,1395,479.78,5,2011-07-29 09:57:00,134,High-Value Occasional
16148,United Kingdom,386.62,2,250,193.31,2,2011-02-16 14:01:00,296,Dormant / Inactive
16149,United Kingdom,422.22,3,598,140.74,3,2011-12-05 11:29:00,5,Steady Repeat
16150,United Kingdom,4002.17,10,1990,400.22,10,2011-10-28 12:39:00,43,High-Value Frequent
16152,United Kingdom,1829.04,1,642,1829.04,1,2011-03-16 09:47:00,269,Dormant / Inactive
16153,United Kingdom,5133.49,11,3693,466.68,11,2011-10-21 10:50:00,50,High-Value Frequent
16155,United Kingdom,796.9,5,495,159.38,5,2010-11-23 12:03:00,382,Dormant / Inactive
16156,United Kingdom,6188.18,20,3205,309.41,20,2011-12-01 12:42:00,9,High-Value Frequent
16157,United Kingdom,656.69,3,347,218.9,3,2011-11-24 11:41:00,16,Steady Repeat
16158,United Kingdom,628.32,9,182,69.81,9,2010-07-05 13:55:00,522,Dormant / Inactive
16159,United Kingdom,1232.79,4,635,308.2,4,2011-03-03 12:27:00,282,Dormant / Inactive
16160,United Kingdom,1025.44,2,1162,512.72,2,2011-10-05 14:19:00,65,Occasional Active
16161,United Kingdom,12580.06,43,6255,292.56,43,2011-12-08 12:10:00,2,High-Value Frequent
16162,United Kingdom,37.4,1,4,37.4,1,2011-04-01 15:03:00,252,Dormant / Inactive
16163,United Kingdom,2407.98,6,676,401.33,6,2011-04-21 15:15:00,232,High-Value Lapsed
16164,United Kingdom,822.48,3,433,274.16,3,2011-11-22 15:04:00,17,Steady Repeat
16165,United Kingdom,79.9,1,2,79.9,1,2010-07-22 14:17:00,505,Dormant / Inactive
16166,United Kingdom,435.83,2,173,217.92,2,2010-10-07 15:44:00,428,Dormant / Inactive
16167,United Kingdom,1386.12,5,1494,277.22,5,2010-10-21 15:33:00,414,Dormant / Inactive
16168,United Kingdom,10360.67,66,4975,156.98,66,2011-11-29 12:45:00,11,High-Value Frequent
16169,United Kingdom,1822.97,4,1325,455.74,4,2011-12-01 15:28:00,8,Steady Repeat
16170,United Kingdom,6869.0,20,6056,343.45,20,2011-10-20 08:21:00,51,High-Value Frequent
16171,United Kingdom,73.2,1,24,73.2,1,2011-10-11 14:51:00,59,Occasional Active
16172,United Kingdom,1884.55,8,1419,235.57,8,2011-09-05 13:22:00,95,Steady Repeat
16173,United Kingdom,1418.32,6,575,236.39,6,2011-11-24 10:53:00,16,Steady Repeat
16174,United Kingdom,2246.75,7,1431,320.96,7,2011-08-05 13:26:00,126,Steady Repeat
16175,United Kingdom,1836.44,7,932,262.35,7,2011-09-06 14:32:00,94,Steady Repeat
16176,United Kingdom,2052.69,4,952,513.17,4,2010-10-14 13:54:00,421,Dormant / Inactive
16177,United Kingdom,2247.31,8,1021,280.91,8,2011-10-20 12:57:00,50,Steady Repeat
16178,United Kingdom,612.6,2,304,306.3,2,2011-07-24 16:05:00,138,Occasional Active
16179,United Kingdom,215.83,1,99,215.83,1,2011-10-10 09:41:00,61,Occasional Active
16180,United Kingdom,16249.87,13,9813,1249.99,13,2011-08-31 16:28:00,100,High-Value Frequent
16181,United Kingdom,305.54,1,152,305.54,1,2011-09-27 13:38:00,73,Occasional Active
16182,United Kingdom,9971.65,9,5887,1107.96,9,2011-09-28 13:23:00,72,High-Value Frequent
16183,United Kingdom,1077.81,4,351,269.45,4,2011-10-03 14:59:00,67,Steady Repeat
16184,United Kingdom,1158.79,6,561,193.13,6,2011-10-06 17:43:00,64,Steady Repeat
16185,United Kingdom,644.72,3,321,214.91,3,2011-11-23 09:41:00,17,Steady Repeat
16186,United Kingdom,8718.43,26,6594,335.32,26,2011-11-17 12:43:00,23,High-Value Frequent
16187,United Kingdom,6911.44,15,5048,460.76,15,2011-11-08 09:50:00,32,High-Value Frequent
16188,United Kingdom,1087.66,5,838,217.53,5,2011-10-26 12:19:00,45,Steady Repeat
16189,United Kingdom,215.48,2,134,107.74,2,2011-11-24 11:47:00,16,Occasional Active
16190,United Kingdom,2723.55,8,1231,340.44,8,2011-10-30 15:59:00,40,High-Value Frequent
16191,United Kingdom,15677.82,24,9348,653.24,24,2011-12-07 11:26:00,3,High-Value Frequent
16192,United Kingdom,351.3,1,208,351.3,1,2009-12-04 12:28:00,736,Dormant / Inactive
16193,United Kingdom,630.43,2,379,315.21,2,2011-04-17 11:45:00,237,Dormant / Inactive
16194,United Kingdom,308.6,1,140,308.6,1,2010-11-29 13:28:00,375,Dormant / Inactive
16195,United Kingdom,323.25,1,123,323.25,1,2009-12-16 14:09:00,723,Dormant / Inactive
16196,United Kingdom,93.3,1,26,93.3,1,2010-08-08 11:40:00,489,Dormant / Inactive
16197,United Kingdom,2016.71,9,1420,224.08,9,2010-08-27 12:56:00,469,Dormant / Inactive
16198,United Kingdom,1030.04,2,384,515.02,2,2011-09-25 14:58:00,75,Occasional Active
16199,United Kingdom,942.75,7,321,134.68,7,2010-11-12 12:55:00,392,Dormant / Inactive
16200,United Kingdom,5608.1,12,3068,467.34,12,2011-12-05 14:40:00,4,High-Value Frequent
16201,United Kingdom,2112.12,5,1421,422.42,5,2011-12-06 16:02:00,3,Steady Repeat
16202,United Kingdom,2501.99,9,1307,278.0,9,2010-12-14 10:43:00,361,High-Value Lapsed
16203,United Kingdom,943.84,6,537,157.31,6,2011-10-12 12:31:00,59,Steady Repeat
16204,United Kingdom,918.71,3,671,306.24,3,2011-11-16 13:40:00,23,Steady Repeat
16205,United Kingdom,1820.11,7,1452,260.02,7,2011-11-09 09:32:00,31,Steady Repeat
16206,United Kingdom,2589.87,13,1379,199.22,13,2011-10-16 10:41:00,55,High-Value Frequent
16207,United Kingdom,394.38,1,140,394.38,1,2011-11-14 13:51:00,25,Occasional Active
16208,United Kingdom,3440.45,10,1541,344.04,10,2011-10-26 11:36:00,45,High-Value Frequent
16209,United Kingdom,4146.78,9,1895,460.75,9,2011-09-12 11:58:00,89,High-Value Frequent
16210,United Kingdom,33750.97,35,12397,964.31,35,2011-12-08 12:36:00,2,High-Value Frequent
16211,United Kingdom,1090.59,3,519,363.53,3,2011-09-12 12:11:00,89,Steady Repeat
16212,United Kingdom,1293.71,4,571,323.43,4,2011-11-20 13:00:00,19,Steady Repeat
16213,United Kingdom,159.0,1,48,159.0,1,2011-09-22 10:03:00,79,Occasional Active
16214,United Kingdom,2038.25,4,1308,509.56,4,2011-06-22 11:30:00,171,Steady Repeat
16215,United Kingdom,242.35,1,104,242.35,1,2011-09-20 10:18:00,81,Occasional Active
16216,United Kingdom,914.93,1,254,914.93,1,2011-03-17 15:34:00,267,Dormant / Inactive
16217,United Kingdom,304.25,2,91,152.12,2,2011-04-18 13:31:00,235,Dormant / Inactive
16218,United Kingdom,3968.67,13,2799,305.28,13,2011-11-10 09:59:00,30,High-Value Frequent
16219,United Kingdom,40.8,1,48,40.8,1,2010-07-27 11:44:00,501,Dormant / Inactive
16221,United Kingdom,2019.92,9,1449,224.44,9,2011-11-03 11:43:00,37,Steady Repeat
16222,United Kingdom,1272.05,2,463,636.02,2,2011-01-25 13:38:00,318,Dormant / Inactive
16223,United Kingdom,1087.05,2,643,543.52,2,2010-11-30 11:50:00,375,Dormant / Inactive
16224,United Kingdom,1616.54,5,1555,323.31,5,2011-10-13 17:51:00,57,Steady Repeat
16225,United Kingdom,2859.31,15,1281,190.62,15,2011-10-26 08:30:00,45,High-Value Frequent
16226,United Kingdom,672.17,5,521,134.43,5,2011-05-20 14:41:00,203,Dormant / Inactive
16227,United Kingdom,1027.22,3,436,342.41,3,2011-04-28 13:33:00,225,Dormant / Inactive
16228,United Kingdom,885.71,3,555,295.24,3,2010-11-19 14:20:00,385,Dormant / Inactive
16229,United Kingdom,2867.86,6,1292,477.98,6,2011-09-13 17:16:00,87,High-Value Frequent
16230,United Kingdom,542.03,2,365,271.02,2,2011-06-03 10:06:00,190,Dormant / Inactive
16231,United Kingdom,1074.47,4,563,268.62,4,2010-11-25 15:00:00,379,Dormant / Inactive
16232,United Kingdom,2712.97,7,1849,387.57,7,2011-10-27 12:16:00,44,High-Value Frequent
16233,United Kingdom,1818.31,9,677,202.03,9,2011-09-29 17:27:00,71,Steady Repeat
16234,United Kingdom,333.18,3,170,111.06,3,2010-08-20 14:33:00,476,Dormant / Inactive
16235,United Kingdom,2053.71,9,788,228.19,9,2011-10-30 10:56:00,41,Steady Repeat
16236,United Kingdom,432.2,1,184,432.2,1,2011-09-22 14:10:00,78,Occasional Active
16237,United Kingdom,136.65,1,57,136.65,1,2010-09-28 17:02:00,437,Dormant / Inactive
16238,United Kingdom,63.66,1,85,63.66,1,2010-10-13 12:36:00,423,Dormant / Inactive
16239,United Kingdom,1492.2,6,692,248.7,6,2011-10-14 08:29:00,57,Steady Repeat
16240,United Kingdom,3718.8,2,1641,1859.4,2,2011-11-15 14:30:00,24,High-Value Occasional
16241,United Kingdom,3992.86,16,2258,249.55,16,2011-11-30 11:08:00,10,High-Value Frequent
16242,United Kingdom,7404.65,14,3921,528.9,14,2011-12-01 15:12:00,8,High-Value Frequent
16243,United Kingdom,409.1,2,110,204.55,2,2011-11-06 12:32:00,34,Occasional Active
16244,United Kingdom,1522.75,2,855,761.38,2,2011-05-12 10:18:00,212,Dormant / Inactive
16245,United Kingdom,1413.66,3,1014,471.22,3,2011-11-16 10:14:00,24,Steady Repeat
16246,United Kingdom,821.35,2,336,410.68,2,2010-09-06 12:04:00,460,Dormant / Inactive
16247,United Kingdom,114.56,1,182,114.56,1,2011-06-22 14:23:00,170,Occasional Active
16248,United Kingdom,152.94,1,78,152.94,1,2011-10-09 11:32:00,62,Occasional Active
16249,United Kingdom,1800.07,5,950,360.01,5,2011-10-18 10:07:00,53,Steady Repeat
16250,United Kingdom,565.24,3,268,188.41,3,2011-03-23 15:07:00,261,Dormant / Inactive
16251,United Kingdom,128.31,1,44,128.31,1,2010-07-15 14:55:00,512,Dormant / Inactive
16252,United Kingdom,295.09,1,158,295.09,1,2010-11-22 11:57:00,383,Dormant / Inactive
16253,United Kingdom,7272.2,7,6030,1038.89,7,2011-10-04 09:09:00,67,High-Value Frequent
16254,United Kingdom,967.44,3,543,322.48,3,2010-11-26 13:22:00,378,Dormant / Inactive
16255,United Kingdom,4530.0,15,2876,302.0,15,2011-11-23 12:40:00,17,High-Value Frequent
16256,United Kingdom,1629.37,3,1590,543.12,3,2011-03-18 12:18:00,267,Dormant / Inactive
16257,United Kingdom,46.95,1,2,46.95,1,2011-06-16 10:11:00,177,Occasional Active
16258,United Kingdom,11942.52,15,7200,796.17,15,2011-10-25 13:30:00,45,High-Value Frequent
16259,United Kingdom,340.94,3,143,113.65,3,2010-10-25 14:27:00,410,Dormant / Inactive
16260,United Kingdom,1035.45,1,311,1035.45,1,2011-10-20 09:40:00,51,Occasional Active
16261,United Kingdom,1041.16,6,454,173.53,6,2011-11-22 17:23:00,17,Steady Repeat
16262,United Kingdom,755.15,1,446,755.15,1,2010-11-26 13:22:00,378,Dormant / Inactive
16263,United Kingdom,348.16,1,197,348.16,1,2010-10-12 14:52:00,423,Dormant / Inactive
16264,United Kingdom,823.53,2,616,411.76,2,2010-09-27 15:00:00,438,Dormant / Inactive
16265,United Kingdom,6935.17,12,3214,577.93,12,2011-11-30 16:41:00,9,High-Value Frequent
16266,United Kingdom,1757.95,14,791,125.57,14,2011-09-27 12:08:00,74,Steady Repeat
16267,United Kingdom,186.66,1,198,186.66,1,2010-04-27 14:10:00,591,Dormant / Inactive
16268,United Kingdom,667.65,2,533,333.82,2,2011-09-29 18:30:00,71,Occasional Active
16269,United Kingdom,717.57,1,579,717.57,1,2010-09-28 11:50:00,438,Dormant / Inactive
16270,United Kingdom,1141.24,1,688,1141.24,1,2010-12-21 14:26:00,353,Dormant / Inactive
16271,United Kingdom,3397.82,10,2359,339.78,10,2011-12-07 12:45:00,3,High-Value Frequent
16272,United Kingdom,411.7,1,224,411.7,1,2011-08-15 10:54:00,117,Occasional Active
16273,United Kingdom,318.34,2,40,159.17,2,2010-03-01 13:24:00,648,Dormant / Inactive
16274,United Kingdom,351.75,1,153,351.75,1,2010-12-01 15:35:00,373,Dormant / Inactive
16275,United Kingdom,2151.11,3,1268,717.04,3,2011-05-27 12:41:00,197,Dormant / Inactive
16276,United Kingdom,2629.39,3,1467,876.46,3,2011-06-16 09:34:00,177,High-Value Occasional
16277,United Kingdom,188.69,1,33,188.69,1,2009-12-06 11:27:00,734,Dormant / Inactive
16278,United Kingdom,1117.84,3,342,372.61,3,2011-08-31 17:12:00,100,Steady Repeat
16279,United Kingdom,5698.28,9,3683,633.14,9,2011-11-18 15:00:00,21,High-Value Frequent
16280,United Kingdom,238.05,1,101,238.05,1,2009-12-14 15:49:00,725,Dormant / Inactive
16281,United Kingdom,3424.02,3,1570,1141.34,3,2011-09-28 14:57:00,72,High-Value Occasional
16282,United Kingdom,1307.58,3,790,435.86,3,2011-01-04 11:42:00,340,Dormant / Inactive
16283,United Kingdom,4350.32,8,2867,543.79,8,2011-12-04 12:08:00,6,High-Value Frequent
16284,United Kingdom,1018.48,3,674,339.49,3,2011-11-08 16:12:00,31,Steady Repeat
16285,United Kingdom,176.9,1,60,176.9,1,2010-03-03 16:03:00,646,Dormant / Inactive
16286,United Kingdom,328.95,2,101,164.48,2,2010-08-19 14:48:00,477,Dormant / Inactive
16287,United Kingdom,1006.98,5,1426,201.4,5,2011-06-23 09:08:00,170,Steady Repeat
16288,United Kingdom,129.85,1,19,129.85,1,2010-08-26 14:45:00,470,Dormant / Inactive
16289,United Kingdom,136.31,1,97,136.31,1,2010-09-03 14:02:00,462,Dormant / Inactive
16290,United Kingdom,1957.7,4,957,489.42,4,2010-09-01 11:52:00,465,Dormant / Inactive
16291,Portugal,117.72,1,1,117.72,1,2010-01-26 16:26:00,682,Dormant / Inactive
16292,United Kingdom,1253.76,5,688,250.75,5,2011-08-10 12:24:00,122,Steady Repeat
16293,United Kingdom,4279.2,15,1833,285.28,15,2011-11-18 09:58:00,22,High-Value Frequent
16294,United Kingdom,126.05,1,54,126.05,1,2010-08-20 12:01:00,477,Dormant / Inactive
16295,United Kingdom,1328.55,4,841,332.14,4,2011-11-30 08:17:00,10,Steady Repeat
16296,United Kingdom,1313.67,4,645,328.42,4,2010-03-23 13:11:00,626,Dormant / Inactive
16297,United Kingdom,301.9,1,206,301.9,1,2011-03-16 08:29:00,269,Dormant / Inactive
16298,United Kingdom,1085.7,7,308,155.1,7,2011-11-17 11:59:00,23,Steady Repeat
16299,United Kingdom,193.65,1,107,193.65,1,2010-08-19 17:46:00,477,Dormant / Inactive
16300,United Kingdom,1367.32,3,643,455.77,3,2010-10-05 13:14:00,430,Dormant / Inactive
16301,United Kingdom,107.33,1,41,107.33,1,2009-12-03 10:20:00,737,Dormant / Inactive
16302,United Kingdom,233.22,1,158,233.22,1,2011-08-05 09:44:00,127,Occasional Active
16303,United Kingdom,7928.27,7,3859,1132.61,7,2011-11-14 10:49:00,26,High-Value Frequent
16304,United Kingdom,381.66,1,228,381.66,1,2010-01-14 08:30:00,695,Dormant / Inactive
16305,United Kingdom,361.22,1,256,361.22,1,2011-07-24 12:18:00,139,Occasional Active
16306,United Kingdom,1124.72,7,712,160.67,7,2011-05-10 12:12:00,214,Dormant / Inactive
16307,United Kingdom,1194.92,3,1123,398.31,3,2010-10-06 14:31:00,429,Dormant / Inactive
16308,United Kingdom,5120.0,7,16000,731.43,7,2011-11-02 11:24:00,38,High-Value Frequent
16309,United Kingdom,706.57,2,467,353.28,2,2011-08-25 15:35:00,106,Occasional Active
16310,United Kingdom,460.08,2,270,230.04,2,2010-10-21 14:47:00,414,Dormant / Inactive
16311,United Kingdom,616.26,2,394,308.13,2,2011-11-22 08:54:00,18,Occasional Active
16312,United Kingdom,171.15,1,53,171.15,1,2010-10-03 14:15:00,432,Dormant / Inactive
16313,United Kingdom,274.15,2,165,137.07,2,2011-12-06 13:02:00,3,Occasional Active
16314,United Kingdom,1491.4,3,636,497.13,3,2010-11-15 12:06:00,390,Dormant / Inactive
16315,United Kingdom,402.71,2,143,201.36,2,2011-01-13 11:57:00,331,Dormant / Inactive
16316,United Kingdom,5744.91,13,3057,441.92,13,2011-10-06 13:48:00,64,High-Value Frequent
16317,United Kingdom,2192.51,5,1236,438.5,5,2011-08-12 12:46:00,120,Steady Repeat
16318,United Kingdom,328.15,1,199,328.15,1,2011-11-04 13:05:00,35,Occasional Active
16319,United Kingdom,404.4,1,72,404.4,1,2011-05-06 11:27:00,218,Dormant / Inactive
16320,Unspecified,5628.99,6,3319,938.16,6,2011-06-20 15:25:00,172,High-Value Frequent
16321,Australia,604.55,7,259,86.36,7,2011-09-28 14:55:00,72,Steady Repeat
16322,United Kingdom,326.75,2,231,163.38,2,2011-12-08 15:41:00,1,Occasional Active
16323,United Kingdom,353.66,2,146,176.83,2,2011-05-27 14:48:00,196,Dormant / Inactive
16324,United Kingdom,408.59,3,270,136.2,3,2011-08-03 12:58:00,128,Steady Repeat
16325,United Kingdom,3597.5,12,2464,299.79,12,2011-10-24 08:48:00,47,High-Value Frequent
16326,United Kingdom,4721.25,24,1083,196.72,24,2011-12-04 10:11:00,6,High-Value Frequent
16327,United Kingdom,10159.64,16,8124,634.98,16,2011-11-25 13:23:00,14,High-Value Frequent
16328,United Kingdom,310.83,1,141,310.83,1,2010-05-25 14:02:00,563,Dormant / Inactive
16329,United Kingdom,1664.92,4,797,416.23,4,2010-10-08 12:44:00,428,Dormant / Inactive
16330,United Kingdom,625.38,7,326,89.34,7,2011-11-22 12:24:00,18,Steady Repeat
16331,United Kingdom,2037.7,6,756,339.62,6,2010-10-03 13:47:00,432,Dormant / Inactive
16332,United Kingdom,2000.01,11,1128,181.82,11,2011-11-11 14:22:00,28,Steady Repeat
16333,United Kingdom,26626.8,22,32184,1210.31,22,2011-12-02 12:19:00,8,High-Value Frequent
16334,United Kingdom,263.73,1,206,263.73,1,2010-08-04 16:38:00,492,Dormant / Inactive
16335,United Kingdom,2753.52,7,1004,393.36,7,2010-06-06 11:35:00,552,High-Value Lapsed
16336,United Kingdom,3517.69,4,1473,879.42,4,2010-10-15 12:32:00,421,High-Value Lapsed
16337,United Kingdom,151.05,1,87,151.05,1,2011-11-03 10:03:00,37,Occasional Active
16338,United Kingdom,214.8,1,94,214.8,1,2011-07-05 13:56:00,157,Occasional Active
16339,United Kingdom,94.05,1,21,94.05,1,2011-02-28 13:41:00,284,Dormant / Inactive
16340,United Kingdom,1496.24,3,1319,498.75,3,2011-08-24 14:53:00,107,Steady Repeat
16341,United Kingdom,3850.79,7,3022,550.11,7,2011-11-15 09:12:00,25,High-Value Frequent
16342,United Kingdom,322.41,4,157,80.6,4,2011-09-25 14:36:00,75,Steady Repeat
16343,United Kingdom,614.12,3,345,204.71,3,2011-11-23 17:45:00,16,Steady Repeat
16344,United Kingdom,842.42,4,706,210.6,4,2011-07-04 15:50:00,158,Steady Repeat
16345,United Kingdom,1178.79,2,611,589.4,2,2011-10-26 16:03:00,44,Occasional Active
16346,United Kingdom,224.51,1,289,224.51,1,2010-11-19 15:55:00,385,Dormant / Inactive
16347,United Kingdom,3442.96,11,1715,313.0,11,2011-11-28 13:14:00,11,High-Value Frequent
16348,United Kingdom,1744.42,8,1164,218.05,8,2011-11-07 15:44:00,32,Steady Repeat
16349,United Kingdom,53.5,1,9,53.5,1,2011-02-22 12:40:00,291,Dormant / Inactive
16350,United Kingdom,2253.89,9,1077,250.43,9,2011-11-18 15:53:00,21,High-Value Frequent
16351,United Kingdom,3330.03,13,2165,256.16,13,2011-01-11 10:26:00,333,High-Value Lapsed
16352,United Kingdom,494.44,2,300,247.22,2,2011-11-22 10:32:00,18,Occasional Active
16353,United Kingdom,9795.46,38,3483,257.78,38,2011-12-06 12:23:00,4,High-Value Frequent
16354,United Kingdom,1119.46,5,592,223.89,5,2011-10-07 14:28:00,63,Steady Repeat
16355,United Kingdom,416.35,1,179,416.35,1,2010-11-29 14:21:00,375,Dormant / Inactive
16356,United Kingdom,415.87,6,190,69.31,6,2011-05-26 11:51:00,198,Dormant / Inactive
16357,United Kingdom,868.37,4,389,217.09,4,2011-11-06 16:04:00,33,Steady Repeat
16358,United Kingdom,2919.65,5,2065,583.93,5,2011-12-08 15:09:00,1,High-Value Occasional
16359,United Kingdom,2697.75,16,1764,168.61,16,2011-12-02 17:04:00,7,High-Value Frequent
16360,United Kingdom,3450.41,6,2110,575.07,6,2011-12-05 12:16:00,5,High-Value Frequent
16361,United Kingdom,891.21,4,418,222.8,4,2011-11-30 12:32:00,10,Steady Repeat
16362,United Kingdom,922.16,6,467,153.69,6,2011-11-07 13:01:00,32,Steady Repeat
16363,United Kingdom,109.36,1,52,109.36,1,2011-10-17 14:14:00,53,Occasional Active
16364,United Kingdom,705.79,2,279,352.9,2,2011-11-28 11:27:00,12,Occasional Active
16365,United Kingdom,3167.34,15,1034,211.16,15,2011-11-22 11:24:00,18,High-Value Frequent
16366,United Kingdom,1548.13,4,882,387.03,4,2011-11-21 08:19:00,19,Steady Repeat
16367,United Kingdom,1350.48,3,1103,450.16,3,2011-11-02 13:13:00,37,Steady Repeat
16368,United Kingdom,621.44,3,307,207.15,3,2011-12-07 13:12:00,2,Steady Repeat
16369,United Kingdom,2656.56,7,1589,379.51,7,2011-11-21 16:25:00,18,High-Value Frequent
16370,United Kingdom,1301.91,4,640,325.48,4,2011-09-18 15:55:00,82,Steady Repeat
16371,United Kingdom,157.2,1,108,157.2,1,2010-09-17 12:09:00,449,Dormant / Inactive
16372,United Kingdom,1290.31,5,722,258.06,5,2011-11-06 13:08:00,33,Steady Repeat
16373,United Kingdom,309.49,2,119,154.74,2,2010-11-22 15:50:00,382,Dormant / Inactive
16374,United Kingdom,1723.4,5,771,344.68,5,2011-10-04 15:21:00,66,Steady Repeat
16375,United Kingdom,104.0,2,74,52.0,2,2010-08-26 14:25:00,470,Dormant / Inactive
16376,United Kingdom,974.96,2,691,487.48,2,2011-12-01 11:38:00,9,Occasional Active
16377,United Kingdom,1308.48,2,2928,654.24,2,2011-03-17 15:41:00,267,Dormant / Inactive
16378,United Kingdom,362.95,3,267,120.98,3,2011-04-06 15:07:00,247,Dormant / Inactive
16379,United Kingdom,2157.4,4,1410,539.35,4,2011-12-05 15:38:00,4,Steady Repeat
16380,United Kingdom,1743.15,1,1428,1743.15,1,2011-10-09 15:40:00,61,Occasional Active
16381,United Kingdom,247.85,2,108,123.92,2,2010-11-09 09:56:00,396,Dormant / Inactive
16382,United Kingdom,353.1,2,167,176.55,2,2010-10-27 16:23:00,408,Dormant / Inactive
16383,United Kingdom,2896.69,7,1596,413.81,7,2011-09-26 12:45:00,75,High-Value Frequent
16384,United Kingdom,1358.95,4,861,339.74,4,2011-09-11 11:19:00,90,Steady Repeat
16385,United Kingdom,881.35,5,476,176.27,5,2011-10-10 13:12:00,60,Steady Repeat
16386,United Kingdom,1068.16,3,700,356.05,3,2011-11-11 12:28:00,29,Steady Repeat
16387,United Kingdom,882.46,5,448,176.49,5,2011-01-21 11:34:00,323,Dormant / Inactive
16388,United Kingdom,186.05,1,83,186.05,1,2010-02-24 10:20:00,654,Dormant / Inactive
16389,United Kingdom,1382.07,4,1242,345.52,4,2011-10-17 14:41:00,53,Steady Repeat
16390,United Kingdom,467.5,3,122,155.83,3,2010-06-21 10:11:00,537,Dormant / Inactive
16391,United Kingdom,1052.26,4,715,263.06,4,2010-11-04 12:27:00,401,Dormant / Inactive
16392,United Kingdom,756.7,3,604,252.23,3,2011-03-15 12:11:00,270,Dormant / Inactive
16393,United Kingdom,5297.77,23,3001,230.34,23,2011-12-07 12:51:00,2,High-Value Frequent
16394,United Kingdom,1555.34,5,2604,311.07,5,2011-10-14 09:48:00,57,Steady Repeat
16395,United Kingdom,3518.41,14,2901,251.32,14,2011-10-10 12:50:00,61,High-Value Frequent
16396,United Kingdom,137.8,1,80,137.8,1,2010-08-20 14:17:00,476,Dormant / Inactive
16397,United Kingdom,123.13,1,43,123.13,1,2010-03-21 15:36:00,628,Dormant / Inactive
16398,United Kingdom,1705.8,2,758,852.9,2,2011-07-08 15:16:00,154,Occasional Active
16399,United Kingdom,630.22,3,452,210.07,3,2011-11-20 16:12:00,19,Steady Repeat
16400,United Kingdom,3059.85,9,2066,339.98,9,2011-09-06 12:27:00,95,High-Value Frequent
16401,United Kingdom,6849.15,23,6035,297.79,23,2011-12-08 18:15:00,1,High-Value Frequent
16402,United Kingdom,293.45,2,146,146.72,2,2011-03-20 12:25:00,265,Dormant / Inactive
16403,United Kingdom,177.5,1,114,177.5,1,2011-01-31 13:39:00,312,Dormant / Inactive
16404,United Kingdom,443.05,1,157,443.05,1,2011-09-30 14:55:00,70,Occasional Active
16405,United Kingdom,167.25,2,187,83.62,2,2011-02-10 15:24:00,302,Dormant / Inactive
16406,United Kingdom,528.36,3,257,176.12,3,2011-11-21 11:57:00,19,Steady Repeat
16407,United Kingdom,2761.65,14,1448,197.26,14,2011-11-27 11:05:00,13,High-Value Frequent
16408,United Kingdom,231.93,1,227,231.93,1,2010-04-27 14:08:00,591,Dormant / Inactive
16409,United Kingdom,5652.74,12,3664,471.06,12,2011-11-03 16:45:00,36,High-Value Frequent
16410,United Kingdom,130.32,1,348,130.32,1,2009-12-05 14:51:00,734,Dormant / Inactive
16411,United Kingdom,756.39,4,461,189.1,4,2011-11-20 13:23:00,19,Steady Repeat
16412,United Kingdom,593.19,5,288,118.64,5,2011-10-17 12:35:00,54,Steady Repeat
16413,United Kingdom,522.03,2,283,261.02,2,2011-10-14 12:08:00,57,Occasional Active
16414,United Kingdom,551.21,5,201,110.24,5,2011-11-18 09:42:00,22,Steady Repeat
16415,United Kingdom,696.76,3,508,232.25,3,2011-10-26 13:35:00,44,Steady Repeat
16416,United Kingdom,2957.88,9,2198,328.65,9,2011-11-13 12:50:00,27,High-Value Frequent
16417,United Kingdom,35.7,1,6,35.7,1,2010-08-04 09:08:00,493,Dormant / Inactive
16418,United Kingdom,1028.74,5,564,205.75,5,2011-10-26 12:39:00,45,Steady Repeat
16419,United Kingdom,1463.7,8,701,182.96,8,2011-08-19 12:33:00,113,Steady Repeat
16420,United Kingdom,75.0,1,120,75.0,1,2010-11-08 15:15:00,396,Dormant / Inactive
16421,United Kingdom,526.27,3,123,175.42,3,2010-11-28 13:31:00,376,Dormant / Inactive
16422,United Kingdom,61920.87,109,64225,568.08,109,2011-11-22 14:00:00,17,High-Value Frequent
16423,United Kingdom,346.12,1,230,346.12,1,2011-11-15 09:21:00,25,Occasional Active
16424,United Kingdom,443.06,2,212,221.53,2,2011-06-01 13:40:00,191,Dormant / Inactive
16425,United Kingdom,302.7,1,199,302.7,1,2011-02-10 14:30:00,302,Dormant / Inactive
16426,United Kingdom,1863.76,10,1215,186.38,10,2011-12-07 14:01:00,2,Steady Repeat
16427,United Kingdom,241.06,2,156,120.53,2,2011-03-21 17:10:00,263,Dormant / Inactive
16428,United Kingdom,638.49,3,575,212.83,3,2010-10-22 12:22:00,414,Dormant / Inactive
16429,United Kingdom,284.55,1,9,284.55,1,2011-08-25 13:54:00,106,Occasional Active
16430,United Kingdom,1117.94,7,307,159.71,7,2011-10-13 14:47:00,57,Steady Repeat
16431,United Kingdom,623.28,3,442,207.76,3,2011-05-10 14:09:00,213,Dormant / Inactive
16432,United Kingdom,287.4,1,276,287.4,1,2011-10-06 13:59:00,64,Occasional Active
16433,United Kingdom,384.52,2,214,192.26,2,2011-11-11 14:09:00,28,Occasional Active
16434,United Kingdom,2673.69,12,1310,222.81,12,2011-11-10 14:28:00,29,High-Value Frequent
16435,United Kingdom,1003.07,3,608,334.36,3,2010-07-15 18:22:00,512,Dormant / Inactive
16436,United Kingdom,319.14,3,227,106.38,3,2010-02-09 13:19:00,668,Dormant / Inactive
16437,United Kingdom,301.25,2,197,150.62,2,2010-11-23 16:59:00,381,Dormant / Inactive
16438,United Kingdom,798.35,5,463,159.67,5,2011-12-04 10:51:00,6,Steady Repeat
16439,United Kingdom,310.7,1,74,310.7,1,2009-12-17 14:22:00,722,Dormant / Inactive
16440,United Kingdom,3856.97,6,2108,642.83,6,2011-12-02 12:02:00,8,High-Value Frequent
16441,United Kingdom,1019.13,5,478,203.83,5,2011-10-03 17:48:00,67,Steady Repeat
16442,United Kingdom,891.98,5,580,178.4,5,2011-12-08 11:43:00,2,Steady Repeat
16443,United Kingdom,162.24,1,96,162.24,1,2010-07-07 11:57:00,521,Dormant / Inactive
16444,United Kingdom,3625.88,17,1945,213.29,17,2011-10-24 13:50:00,46,High-Value Frequent
16445,United Kingdom,583.16,4,287,145.79,4,2011-11-06 12:32:00,34,Steady Repeat
16446,United Kingdom,168472.5,2,80997,84236.25,2,2011-12-09 09:15:00,1,High-Value Occasional
16447,United Kingdom,727.1,3,315,242.37,3,2011-07-27 12:45:00,136,Steady Repeat
16448,United Kingdom,361.12,2,176,180.56,2,2011-05-25 16:28:00,198,Dormant / Inactive
16449,United Kingdom,707.69,2,367,353.84,2,2011-05-26 10:25:00,198,Dormant / Inactive
16450,United Kingdom,1505.73,3,681,501.91,3,2011-07-13 11:47:00,150,Steady Repeat
16451,United Kingdom,1013.15,3,524,337.72,3,2011-09-13 09:17:00,88,Steady Repeat
16452,United Kingdom,332.17,2,199,166.08,2,2010-03-19 12:39:00,631,Dormant / Inactive
16453,United Kingdom,251.71,2,139,125.86,2,2010-06-27 12:46:00,531,Dormant / Inactive
16454,United Kingdom,30.95,4,9,7.74,4,2011-10-26 11:40:00,45,Steady Repeat
16455,United Kingdom,3995.57,11,2851,363.23,11,2011-10-07 12:17:00,64,High-Value Frequent
16456,United Kingdom,6000.94,13,3296,461.61,13,2011-09-01 13:50:00,99,High-Value Frequent
16457,United Kingdom,208.36,1,140,208.36,1,2011-05-05 13:19:00,218,Dormant / Inactive
16458,United Kingdom,5690.89,30,3395,189.7,30,2011-12-07 09:34:00,3,High-Value Frequent
16459,United Kingdom,71.79,1,59,71.79,1,2009-12-10 12:42:00,730,Dormant / Inactive
16460,United Kingdom,811.23,3,876,270.41,3,2011-11-11 13:46:00,28,Steady Repeat
16461,United Kingdom,1545.83,3,933,515.28,3,2011-06-15 12:07:00,178,Steady Repeat
16462,United Kingdom,136.0,3,16,45.33,3,2011-09-27 10:24:00,74,Steady Repeat
16463,United Kingdom,1422.4,4,1163,355.6,4,2011-11-18 14:01:00,21,Steady Repeat
16464,United Kingdom,1298.66,3,952,432.89,3,2011-11-20 12:11:00,20,Steady Repeat
16465,United Kingdom,746.24,2,504,373.12,2,2010-10-15 09:27:00,421,Dormant / Inactive
16466,United Kingdom,3767.09,15,1777,251.14,15,2011-11-06 11:35:00,34,High-Value Frequent
16467,United Kingdom,2869.16,7,7384,409.88,7,2010-07-19 11:49:00,509,High-Value Lapsed
16468,United Kingdom,787.52,3,371,262.51,3,2011-09-26 14:13:00,74,Steady Repeat
16469,United Kingdom,803.9,5,332,160.78,5,2011-11-16 12:25:00,24,Steady Repeat
16470,United Kingdom,2416.85,11,1335,219.71,11,2011-10-19 12:11:00,52,High-Value Frequent
16471,United Kingdom,1189.98,4,670,297.5,4,2011-03-10 09:41:00,275,Dormant / Inactive
16472,United Kingdom,789.6,2,252,394.8,2,2010-10-01 13:56:00,434,Dormant / Inactive
16473,United Kingdom,470.83,4,296,117.71,4,2011-06-28 09:10:00,165,Steady Repeat
16474,United Kingdom,1810.65,7,909,258.66,7,2011-12-02 13:02:00,7,Steady Repeat
16475,United Kingdom,544.3,4,319,136.07,4,2011-09-12 14:37:00,88,Steady Repeat
16476,United Kingdom,350.35,1,187,350.35,1,2010-10-04 10:29:00,432,Dormant / Inactive
16477,United Kingdom,4094.37,11,2507,372.22,11,2011-10-07 09:44:00,64,High-Value Frequent
16478,United Kingdom,331.0,3,224,110.33,3,2011-11-14 15:51:00,25,Steady Repeat
16479,United Kingdom,300.83,2,102,150.42,2,2011-11-29 13:40:00,10,Occasional Active
16480,United Kingdom,769.29,1,455,769.29,1,2011-09-25 11:40:00,76,Occasional Active
16481,United Kingdom,453.38,1,201,453.38,1,2010-01-26 13:09:00,682,Dormant / Inactive
16482,United Kingdom,220.62,1,346,220.62,1,2011-11-24 12:33:00,16,Occasional Active
16483,United Kingdom,139.35,1,44,139.35,1,2011-05-31 13:08:00,192,Dormant / Inactive
16484,United Kingdom,404.3,2,200,202.15,2,2011-06-19 12:06:00,174,Occasional Active
16485,United Kingdom,2287.19,5,1153,457.44,5,2011-09-23 15:50:00,77,High-Value Occasional
16486,United Kingdom,134.36,1,24,134.36,1,2010-06-20 12:16:00,538,Dormant / Inactive
16487,United Kingdom,209.4,2,163,104.7,2,2010-05-11 13:38:00,577,Dormant / Inactive
16488,United Kingdom,498.8,3,728,166.27,3,2011-11-06 13:42:00,33,Steady Repeat
16489,United Kingdom,303.7,2,38,151.85,2,2010-11-24 14:40:00,380,Dormant / Inactive
16490,United Kingdom,205.41,1,113,205.41,1,2010-09-29 16:30:00,436,Dormant / Inactive
16491,United Kingdom,1533.16,2,1060,766.58,2,2011-10-24 10:18:00,47,Occasional Active
16492,United Kingdom,385.56,1,235,385.56,1,2010-06-17 08:20:00,541,Dormant / Inactive
16493,United Kingdom,2132.09,7,1988,304.58,7,2011-09-21 11:10:00,80,Steady Repeat
16494,United Kingdom,826.53,1,675,826.53,1,2011-02-16 12:49:00,297,Dormant / Inactive
16495,United Kingdom,648.26,3,328,216.09,3,2011-12-06 13:20:00,3,Steady Repeat
16496,United Kingdom,2330.77,6,1764,388.46,6,2011-12-01 10:31:00,9,High-Value Frequent
16497,United Kingdom,6695.28,23,3050,291.1,23,2011-10-21 10:55:00,50,High-Value Frequent
16498,United Kingdom,100.97,2,45,50.48,2,2011-07-01 15:07:00,161,Occasional Active
16499,United Kingdom,2578.34,8,1364,322.29,8,2010-12-14 13:31:00,360,High-Value Lapsed
16500,United Kingdom,843.91,9,386,93.77,9,2011-12-05 12:04:00,5,Steady Repeat
16501,United Kingdom,1191.23,1,628,1191.23,1,2010-11-21 14:10:00,383,Dormant / Inactive
16502,United Kingdom,258.55,2,220,129.28,2,2010-03-29 13:44:00,620,Dormant / Inactive
16503,United Kingdom,3614.34,11,1535,328.58,11,2011-08-25 11:46:00,107,High-Value Frequent
16504,United Kingdom,465.88,1,510,465.88,1,2011-11-14 15:18:00,25,Occasional Active
16505,United Kingdom,777.6,1,576,777.6,1,2011-11-08 12:14:00,32,Occasional Active
16506,United Kingdom,90.3,2,42,45.15,2,2011-11-20 12:17:00,20,Occasional Active
16507,United Kingdom,142.71,1,111,142.71,1,2010-05-16 12:56:00,572,Dormant / Inactive
16508,United Kingdom,240.95,1,103,240.95,1,2010-03-19 13:41:00,630,Dormant / Inactive
16509,United Kingdom,363.7,1,64,363.7,1,2011-02-16 09:25:00,297,Dormant / Inactive
16510,United Kingdom,1777.5,6,930,296.25,6,2010-12-02 13:39:00,372,Dormant / Inactive
16511,United Kingdom,1760.49,6,769,293.42,6,2011-11-18 10:41:00,22,Steady Repeat
16513,United Kingdom,874.59,4,407,218.65,4,2011-12-05 10:18:00,5,Steady Repeat
16515,United Kingdom,3179.06,10,1573,317.91,10,2011-10-18 13:10:00,52,High-Value Frequent
16516,United Kingdom,101.7,1,58,101.7,1,2011-11-09 14:59:00,30,Occasional Active
16517,United Kingdom,162.7,1,96,162.7,1,2011-03-07 13:50:00,277,Dormant / Inactive
16518,United Kingdom,959.37,4,524,239.84,4,2011-10-09 15:04:00,61,Steady Repeat
16519,United Kingdom,439.06,4,150,109.76,4,2011-11-14 15:41:00,25,Steady Repeat
16520,United Kingdom,2148.38,6,1045,358.06,6,2011-06-06 13:24:00,186,Dormant / Inactive
16521,United Kingdom,1140.11,3,1014,380.04,3,2010-10-20 13:09:00,415,Dormant / Inactive
16522,United Kingdom,433.36,2,212,216.68,2,2010-09-30 10:54:00,436,Dormant / Inactive
16523,United Kingdom,11916.33,28,4979,425.58,28,2011-12-08 09:06:00,2,High-Value Frequent
16524,United Kingdom,306.19,2,259,153.1,2,2010-09-19 13:37:00,446,Dormant / Inactive
16525,United Kingdom,24151.3,48,14430,503.15,48,2011-12-07 15:07:00,2,High-Value Frequent
16526,United Kingdom,717.21,2,279,358.6,2,2011-06-21 12:02:00,172,Occasional Active
16527,United Kingdom,1232.94,2,708,616.47,2,2011-09-19 16:21:00,81,Occasional Active
16528,United Kingdom,244.41,1,171,244.41,1,2011-12-06 12:45:00,4,Occasional Active
16529,United Kingdom,1986.8,4,739,496.7,4,2011-06-02 17:23:00,190,Dormant / Inactive
16530,United Kingdom,48.35,1,17,48.35,1,2010-02-09 15:30:00,668,Dormant / Inactive
16531,United Kingdom,2298.33,11,1863,208.94,11,2011-11-17 16:29:00,22,High-Value Frequent
16532,United Kingdom,8756.64,5,2544,1751.33,5,2011-11-22 11:08:00,18,High-Value Occasional
16533,United Kingdom,1082.81,3,611,360.94,3,2011-11-20 13:08:00,19,Steady Repeat
16534,United Kingdom,635.9,1,168,635.9,1,2010-03-07 15:47:00,642,Dormant / Inactive
16535,United Kingdom,972.04,3,664,324.01,3,2011-12-04 15:18:00,5,Steady Repeat
16536,United Kingdom,548.12,1,250,548.12,1,2011-08-21 15:54:00,110,Occasional Active
16537,United Kingdom,23.35,1,59,23.35,1,2010-03-08 13:41:00,641,Dormant / Inactive
16538,United Kingdom,395.07,3,254,131.69,3,2010-06-16 16:59:00,541,Dormant / Inactive
16539,United Kingdom,3289.66,10,1014,328.97,10,2011-12-07 08:41:00,3,High-Value Frequent
16540,United Kingdom,205.75,1,105,205.75,1,2010-10-21 17:22:00,414,Dormant / Inactive
16541,United Kingdom,424.03,1,173,424.03,1,2009-12-04 13:22:00,735,Dormant / Inactive
16542,United Kingdom,257.32,2,142,128.66,2,2011-10-17 10:47:00,54,Occasional Active
16543,United Kingdom,292.21,1,317,292.21,1,2010-04-27 11:38:00,592,Dormant / Inactive
16544,United Kingdom,376.7,4,150,94.18,4,2010-07-08 11:11:00,520,Dormant / Inactive
16545,United Kingdom,689.82,2,322,344.91,2,2011-06-28 10:37:00,165,Occasional Active
16546,United Kingdom,5307.07,5,4211,1061.41,5,2011-02-22 11:20:00,291,High-Value Lapsed
16547,United Kingdom,104.26,1,108,104.26,1,2010-06-11 13:02:00,546,Dormant / Inactive
16548,United Kingdom,30.15,1,6,30.15,1,2010-04-19 16:15:00,599,Dormant / Inactive
16549,United Kingdom,12781.8,34,7087,375.94,34,2011-11-29 15:06:00,10,High-Value Frequent
16550,United Kingdom,8813.58,18,5405,489.64,18,2011-08-23 11:12:00,109,High-Value Frequent
16551,United Kingdom,2237.12,7,2076,319.59,7,2011-09-05 09:38:00,96,Steady Repeat
16552,United Kingdom,379.73,2,219,189.86,2,2011-04-11 10:04:00,243,Dormant / Inactive
16553,United Kingdom,16584.01,33,16427,502.55,33,2011-06-29 15:42:00,163,High-Value Frequent
16554,United Kingdom,2841.72,8,1346,355.22,8,2011-10-28 14:51:00,42,High-Value Frequent
16555,United Kingdom,1915.68,6,1816,319.28,6,2011-11-04 14:31:00,35,Steady Repeat
16556,United Kingdom,8012.58,17,4353,471.33,17,2011-10-04 11:36:00,67,High-Value Frequent
16557,United Kingdom,281.85,2,111,140.93,2,2011-11-15 14:04:00,24,Occasional Active
16558,United Kingdom,13304.11,38,7813,350.11,38,2011-12-09 10:20:00,1,High-Value Frequent
16559,United Kingdom,175.0,1,61,175.0,1,2010-11-07 13:52:00,397,Dormant / Inactive
16560,United Kingdom,3048.38,8,1603,381.05,8,2011-11-13 10:35:00,27,High-Value Frequent
16561,United Kingdom,511.12,2,244,255.56,2,2011-12-04 11:50:00,6,Occasional Active
16562,United Kingdom,223.86,1,264,223.86,1,2010-08-20 11:45:00,477,Dormant / Inactive
16563,United Kingdom,4412.56,6,2584,735.43,6,2011-10-17 11:51:00,54,High-Value Frequent
16564,United Kingdom,87.8,1,40,87.8,1,2010-05-19 14:41:00,569,Dormant / Inactive
16565,United Kingdom,773.05,4,211,193.26,4,2010-12-10 15:21:00,364,Dormant / Inactive
16566,United Kingdom,614.66,5,362,122.93,5,2011-11-24 16:34:00,15,Steady Repeat
16567,United Kingdom,865.6,2,996,432.8,2,2011-05-29 13:57:00,194,Dormant / Inactive
16568,United Kingdom,1020.9,2,366,510.45,2,2010-10-08 10:54:00,428,Dormant / Inactive
16569,United Kingdom,1455.23,5,988,291.05,5,2011-12-06 15:32:00,3,Steady Repeat
16570,United Kingdom,7434.31,20,4292,371.72,20,2011-11-24 17:02:00,15,High-Value Frequent
16571,United Kingdom,4248.74,10,3703,424.87,10,2011-11-13 11:46:00,27,High-Value Frequent
16572,United Kingdom,1009.6,3,532,336.53,3,2011-08-04 16:34:00,127,Steady Repeat
16573,United Kingdom,663.61,2,360,331.8,2,2011-09-16 09:13:00,85,Occasional Active
16574,United Kingdom,1301.78,3,1002,433.93,3,2011-09-29 13:39:00,71,Steady Repeat
16576,United Kingdom,540.87,2,323,270.44,2,2010-10-15 13:37:00,420,Dormant / Inactive
16577,United Kingdom,380.0,1,142,380.0,1,2010-02-11 09:45:00,667,Dormant / Inactive
16578,United Kingdom,156.6,1,108,156.6,1,2010-03-23 15:11:00,626,Dormant / Inactive
16579,United Kingdom,295.05,1,119,295.05,1,2010-10-10 11:58:00,426,Dormant / Inactive
16581,United Kingdom,105.84,1,134,105.84,1,2011-06-10 10:05:00,183,Dormant / Inactive
16582,United Kingdom,313.62,1,164,313.62,1,2011-08-18 17:02:00,113,Occasional Active
16583,United Kingdom,297.95,2,153,148.98,2,2010-12-01 12:03:00,374,Dormant / Inactive
16584,United Kingdom,3156.17,5,1913,631.23,5,2011-09-20 13:45:00,80,High-Value Occasional
16585,United Kingdom,341.59,2,151,170.8,2,2010-04-25 10:34:00,594,Dormant / Inactive
16586,United Kingdom,1462.78,3,348,487.59,3,2011-04-05 09:32:00,249,Dormant / Inactive
16587,United Kingdom,225.15,1,71,225.15,1,2011-04-21 15:51:00,232,Dormant / Inactive
16588,United Kingdom,1361.28,4,882,340.32,4,2010-11-18 17:56:00,386,Dormant / Inactive
16589,United Kingdom,612.36,4,536,153.09,4,2011-09-29 14:50:00,71,Steady Repeat
16590,United Kingdom,605.9,2,240,302.95,2,2010-11-04 09:06:00,401,Dormant / Inactive
16591,United Kingdom,213.5,1,41,213.5,1,2011-10-02 10:43:00,69,Occasional Active
16592,United Kingdom,7807.91,28,5504,278.85,28,2011-12-05 13:49:00,4,High-Value Frequent
16593,United Kingdom,1071.14,8,377,133.89,8,2011-10-20 12:41:00,51,Steady Repeat
16594,United Kingdom,181.09,1,64,181.09,1,2011-09-25 14:08:00,75,Occasional Active
16595,United Kingdom,1757.75,5,1331,351.55,5,2011-10-09 13:15:00,61,Steady Repeat
16596,United Kingdom,458.98,4,180,114.74,4,2011-11-24 10:02:00,16,Steady Repeat
16597,United Kingdom,90.04,1,184,90.04,1,2011-12-05 15:44:00,4,Occasional Active
16598,United Kingdom,145.05,1,73,145.05,1,2011-02-27 11:42:00,286,Dormant / Inactive
16599,United Kingdom,172.8,1,159,172.8,1,2010-11-19 12:45:00,386,Dormant / Inactive
16600,United Kingdom,2153.41,13,2420,165.65,13,2011-12-05 16:00:00,4,Steady Repeat
16601,United Kingdom,677.0,3,391,225.67,3,2011-10-30 11:09:00,41,Steady Repeat
16602,United Kingdom,763.33,2,429,381.66,2,2011-11-03 15:54:00,36,Occasional Active
16603,United Kingdom,482.47,2,480,241.24,2,2011-09-26 10:06:00,75,Occasional Active
16604,United Kingdom,432.45,2,175,216.22,2,2010-05-26 09:10:00,563,Dormant / Inactive
16605,United Kingdom,60.48,1,144,60.48,1,2009-12-15 19:03:00,724,Dormant / Inactive
16606,United Kingdom,357.66,2,148,178.83,2,2010-10-31 13:57:00,404,Dormant / Inactive
16607,United Kingdom,5706.87,25,4436,228.27,25,2011-11-22 10:24:00,18,High-Value Frequent
16608,United Kingdom,1286.62,2,612,643.31,2,2010-09-12 11:44:00,454,Dormant / Inactive
16609,United Kingdom,5493.46,7,2420,784.78,7,2011-11-24 13:32:00,15,High-Value Frequent
16610,United Kingdom,75.66,1,66,75.66,1,2011-05-04 13:13:00,219,Dormant / Inactive
16611,United Kingdom,1785.13,6,874,297.52,6,2011-06-06 15:46:00,186,Dormant / Inactive
16612,United Kingdom,3245.43,9,1419,360.6,9,2011-11-07 07:38:00,33,High-Value Frequent
16613,United Kingdom,618.59,1,293,618.59,1,2011-09-30 15:52:00,70,Occasional Active
16614,United Kingdom,1179.79,3,349,393.26,3,2011-06-10 11:36:00,183,Dormant / Inactive
16615,United Kingdom,291.5,1,211,291.5,1,2010-03-23 15:13:00,626,Dormant / Inactive
16616,United Kingdom,500.42,2,370,250.21,2,2011-11-24 16:31:00,15,Occasional Active
16617,United Kingdom,151.85,1,91,151.85,1,2011-04-18 10:35:00,236,Dormant / Inactive
16618,United Kingdom,2647.59,5,1363,529.52,5,2011-11-08 13:52:00,31,High-Value Occasional
16619,United Kingdom,1938.33,4,1055,484.58,4,2011-03-21 08:18:00,264,Dormant / Inactive
16620,United Kingdom,1758.93,6,1146,293.16,6,2011-12-06 12:19:00,4,Steady Repeat
16621,United Kingdom,813.48,4,302,203.37,4,2011-10-19 11:38:00,52,Steady Repeat
16622,United Kingdom,225.4,1,44,225.4,1,2010-06-14 10:44:00,544,Dormant / Inactive
16623,United Kingdom,1015.24,4,442,253.81,4,2011-04-08 10:09:00,246,Dormant / Inactive
16624,United Kingdom,810.57,2,488,405.28,2,2011-09-20 12:39:00,81,Occasional Active
16625,United Kingdom,1654.03,5,1057,330.81,5,2011-03-10 12:50:00,275,Dormant / Inactive
16626,United Kingdom,4413.1,17,2690,259.59,17,2011-12-09 11:56:00,1,High-Value Frequent
16627,United Kingdom,322.8,1,162,322.8,1,2011-09-21 14:38:00,79,Occasional Active
16628,United Kingdom,2318.1,7,1260,331.16,7,2011-11-10 12:45:00,30,High-Value Frequent
16629,United Kingdom,408.63,2,489,204.32,2,2011-09-27 10:34:00,74,Occasional Active
16630,United Kingdom,106.8,1,72,106.8,1,2010-10-28 14:30:00,407,Dormant / Inactive
16631,United Kingdom,1892.52,7,775,270.36,7,2010-08-15 11:20:00,482,Dormant / Inactive
16632,United Kingdom,406.4,2,256,203.2,2,2010-08-11 11:39:00,486,Dormant / Inactive
16633,United Kingdom,2883.1,6,1138,480.52,6,2011-11-22 13:41:00,17,High-Value Frequent
16634,United Kingdom,1649.81,6,1257,274.97,6,2011-05-01 12:09:00,223,Dormant / Inactive
16635,United Kingdom,473.0,1,277,473.0,1,2010-10-29 09:41:00,407,Dormant / Inactive
16636,United Kingdom,3802.04,4,2186,950.51,4,2010-09-27 13:13:00,438,High-Value Lapsed
16637,United Kingdom,1154.47,4,927,288.62,4,2011-11-07 13:17:00,32,Steady Repeat
16638,United Kingdom,2380.13,15,1627,158.68,15,2011-11-17 11:09:00,23,High-Value Frequent
16639,United Kingdom,1747.98,4,751,437.0,4,2011-11-08 13:20:00,31,Steady Repeat
16640,United Kingdom,179.4,1,146,179.4,1,2010-11-07 10:48:00,398,Dormant / Inactive
16641,United Kingdom,554.5,2,454,277.25,2,2011-08-26 12:49:00,106,Occasional Active
16642,United Kingdom,1077.45,3,775,359.15,3,2011-12-05 11:31:00,5,Steady Repeat
16643,United Kingdom,923.11,2,553,461.56,2,2011-04-08 08:24:00,246,Dormant / Inactive
16644,United Kingdom,833.78,2,826,416.89,2,2011-06-15 12:39:00,178,Occasional Active
16645,United Kingdom,160.39,1,117,160.39,1,2009-12-04 09:49:00,736,Dormant / Inactive
16646,United Kingdom,678.8,1,1072,678.8,1,2010-09-16 13:28:00,449,Dormant / Inactive
16647,United Kingdom,541.9,4,396,135.48,4,2011-06-23 11:47:00,170,Steady Repeat
16648,United Kingdom,672.8,3,503,224.27,3,2011-10-28 08:58:00,43,Steady Repeat
16649,United Kingdom,306.58,1,82,306.58,1,2010-07-07 15:41:00,520,Dormant / Inactive
16650,United Kingdom,1916.11,7,1511,273.73,7,2011-09-29 09:51:00,72,Steady Repeat
16651,United Kingdom,136.2,1,60,136.2,1,2010-05-02 11:46:00,587,Dormant / Inactive
16652,United Kingdom,17550.39,16,7477,1096.9,16,2011-10-12 09:38:00,59,High-Value Frequent
16653,United Kingdom,1212.66,2,733,606.33,2,2011-11-23 14:51:00,16,Occasional Active
16654,United Kingdom,1484.07,8,640,185.51,8,2011-07-21 15:23:00,141,Steady Repeat
16655,United Kingdom,6423.26,13,3938,494.1,13,2011-11-22 11:25:00,18,High-Value Frequent
16656,United Kingdom,16833.17,30,15433,561.11,30,2011-11-17 14:43:00,22,High-Value Frequent
16657,United Kingdom,874.43,4,1130,218.61,4,2011-11-30 11:48:00,10,Steady Repeat
16658,United Kingdom,690.83,6,277,115.14,6,2010-12-06 13:47:00,368,Dormant / Inactive
16659,United Kingdom,39.12,1,72,39.12,1,2011-06-03 15:03:00,189,Dormant / Inactive
16660,United Kingdom,1879.55,7,991,268.51,7,2011-11-23 14:53:00,16,Steady Repeat
16661,United Kingdom,932.76,4,364,233.19,4,2010-06-17 15:24:00,540,Dormant / Inactive
16662,United Kingdom,151.05,1,35,151.05,1,2010-11-10 16:56:00,394,Dormant / Inactive
16663,United Kingdom,165.0,1,100,165.0,1,2009-12-10 13:12:00,729,Dormant / Inactive
16664,United Kingdom,109.2,1,24,109.2,1,2010-05-19 17:11:00,569,Dormant / Inactive
16665,United Kingdom,135.4,1,59,135.4,1,2010-12-12 14:03:00,362,Dormant / Inactive
16666,United Kingdom,217.71,2,354,108.86,2,2011-11-20 14:01:00,19,Occasional Active
16667,United Kingdom,567.18,2,236,283.59,2,2011-10-02 15:26:00,68,Occasional Active
16668,United Kingdom,862.42,13,773,66.34,13,2011-11-24 17:43:00,15,Steady Repeat
16669,United Kingdom,1348.88,3,881,449.63,3,2011-11-16 12:26:00,24,Steady Repeat
16670,United Kingdom,8030.15,20,4534,401.51,20,2011-11-23 09:34:00,17,High-Value Frequent
16671,United Kingdom,1692.27,3,875,564.09,3,2011-11-11 13:40:00,28,Steady Repeat
16672,United Kingdom,8134.94,20,2832,406.75,20,2011-12-07 16:29:00,2,High-Value Frequent
16673,United Kingdom,171.13,1,95,171.13,1,2010-01-29 14:22:00,679,Dormant / Inactive
16674,United Kingdom,304.24,2,181,152.12,2,2011-10-16 11:31:00,55,Occasional Active
16675,United Kingdom,608.86,2,296,304.43,2,2010-09-24 12:15:00,442,Dormant / Inactive
16676,United Kingdom,2361.9,6,927,393.65,6,2011-11-06 12:01:00,34,High-Value Frequent
16677,United Kingdom,880.62,2,457,440.31,2,2010-10-24 14:53:00,411,Dormant / Inactive
16678,United Kingdom,3109.99,12,2397,259.17,12,2011-12-07 12:17:00,3,High-Value Frequent
16679,United Kingdom,663.31,3,247,221.1,3,2010-12-08 13:51:00,366,Dormant / Inactive
16680,United Kingdom,821.45,3,377,273.82,3,2011-10-27 17:35:00,43,Steady Repeat
16681,United Kingdom,1921.84,7,1492,274.55,7,2011-09-28 11:11:00,73,Steady Repeat
16682,United Kingdom,1028.0,5,1040,205.6,5,2011-12-05 12:13:00,5,Steady Repeat
16683,United Kingdom,320.25,1,190,320.25,1,2010-06-24 10:36:00,534,Dormant / Inactive
16684,United Kingdom,147142.77,55,104810,2675.32,55,2011-12-05 14:06:00,4,High-Value Frequent
16685,United Kingdom,324.24,2,396,162.12,2,2011-10-09 13:58:00,61,Occasional Active
16686,United Kingdom,4881.07,16,3419,305.07,16,2011-10-23 13:49:00,47,High-Value Frequent
16687,United Kingdom,157.63,1,141,157.63,1,2010-11-14 11:46:00,391,Dormant / Inactive
16688,United Kingdom,1260.86,4,804,315.21,4,2011-12-08 15:24:00,1,Steady Repeat
16689,United Kingdom,422.6,2,330,211.3,2,2011-09-25 11:39:00,76,Occasional Active
16690,United Kingdom,353.03,4,209,88.26,4,2011-09-28 15:02:00,72,Steady Repeat
16691,United Kingdom,178.83,2,92,89.42,2,2010-10-17 15:03:00,418,Dormant / Inactive
16692,United Kingdom,1914.7,4,878,478.68,4,2011-03-28 14:46:00,256,Dormant / Inactive
16693,United Kingdom,1179.48,5,658,235.9,5,2011-10-02 11:10:00,69,Steady Repeat
16694,United Kingdom,98.3,1,26,98.3,1,2009-12-16 15:45:00,723,Dormant / Inactive
16695,United Kingdom,191.9,2,184,95.95,2,2010-05-27 12:36:00,562,Dormant / Inactive
16696,United Kingdom,657.9,4,146,164.48,4,2011-07-27 14:23:00,135,Steady Repeat
16697,United Kingdom,112.75,1,27,112.75,1,2011-04-12 17:12:00,241,Dormant / Inactive
16698,United Kingdom,1998.0,2,840,999.0,2,2011-04-27 10:52:00,227,Dormant / Inactive
16699,United Kingdom,994.6,7,640,142.09,7,2010-11-24 14:38:00,380,Dormant / Inactive
16700,United Kingdom,8830.77,25,6644,353.23,25,2011-12-01 11:00:00,9,High-Value Frequent
16701,United Kingdom,9916.73,26,11046,381.41,26,2011-12-01 11:10:00,9,High-Value Frequent
16702,United Kingdom,1110.83,4,692,277.71,4,2010-10-20 14:10:00,415,Dormant / Inactive
16704,United Kingdom,664.16,2,433,332.08,2,2010-03-31 14:02:00,618,Dormant / Inactive
16705,United Kingdom,43515.05,42,22302,1036.07,42,2011-12-09 12:08:00,1,High-Value Frequent
16706,United Kingdom,531.35,3,249,177.12,3,2011-11-02 13:50:00,37,Steady Repeat
16707,United Kingdom,533.41,4,396,133.35,4,2010-11-04 14:39:00,400,Dormant / Inactive
16708,United Kingdom,656.63,1,285,656.63,1,2011-10-25 12:20:00,46,Occasional Active
16709,United Kingdom,9056.01,14,3261,646.86,14,2011-09-16 10:56:00,85,High-Value Frequent
16710,United Kingdom,5921.35,22,4174,269.15,22,2011-11-20 14:50:00,19,High-Value Frequent
16711,United Kingdom,2868.48,9,1212,318.72,9,2011-12-06 16:32:00,3,High-Value Frequent
16712,United Kingdom,4232.87,13,2074,325.61,13,2011-11-30 13:48:00,9,High-Value Frequent
16713,United Kingdom,14115.56,32,8482,441.11,32,2011-11-21 12:36:00,19,High-Value Frequent
16714,United Kingdom,1497.33,4,828,374.33,4,2011-05-05 11:09:00,219,Dormant / Inactive
16715,United Kingdom,625.52,2,1174,312.76,2,2011-09-22 18:15:00,78,Occasional Active
16716,United Kingdom,2149.68,3,912,716.56,3,2011-03-18 10:03:00,267,Dormant / Inactive
16717,United Kingdom,6663.68,14,3145,475.98,14,2011-11-16 12:16:00,24,High-Value Frequent
16718,United Kingdom,3006.08,5,1924,601.22,5,2010-12-05 13:03:00,369,High-Value Lapsed
16719,United Kingdom,3513.62,14,2356,250.97,14,2011-11-25 09:27:00,15,High-Value Frequent
16720,United Kingdom,758.74,3,460,252.91,3,2011-11-13 16:22:00,26,Steady Repeat
16721,United Kingdom,292.47,1,172,292.47,1,2011-03-22 16:08:00,262,Dormant / Inactive
16722,United Kingdom,8189.56,22,7986,372.25,22,2011-11-22 13:28:00,17,High-Value Frequent
16723,United Kingdom,1231.36,4,958,307.84,4,2011-09-09 13:01:00,91,Steady Repeat
16724,United Kingdom,147.35,1,69,147.35,1,2010-10-31 11:40:00,405,Dormant / Inactive
16725,United Kingdom,1688.26,14,700,120.59,14,2011-02-10 16:52:00,302,Dormant / Inactive
16726,United Kingdom,2063.88,7,1323,294.84,7,2011-11-13 14:53:00,26,Steady Repeat
16727,United Kingdom,1377.77,4,1066,344.44,4,2010-12-10 13:48:00,364,Dormant / Inactive
16728,United Kingdom,1048.28,4,671,262.07,4,2011-10-24 14:36:00,46,Steady Repeat
16729,United Kingdom,7205.33,21,5722,343.11,21,2011-11-01 14:29:00,38,High-Value Frequent
16730,United Kingdom,743.11,3,994,247.7,3,2011-10-18 14:11:00,52,Steady Repeat
16731,United Kingdom,170.3,1,124,170.3,1,2010-03-01 15:05:00,648,Dormant / Inactive
16732,United Kingdom,4387.64,4,2414,1096.91,4,2011-11-08 09:54:00,32,High-Value Occasional
16733,United Kingdom,259.68,1,112,259.68,1,2010-06-28 10:12:00,530,Dormant / Inactive
16734,United Kingdom,646.76,3,345,215.59,3,2011-10-18 13:44:00,52,Steady Repeat
16735,United Kingdom,6217.41,14,4240,444.1,14,2011-09-22 11:49:00,79,High-Value Frequent
16736,United Kingdom,2956.56,5,1050,591.31,5,2010-07-22 10:09:00,506,High-Value Lapsed
16737,United Kingdom,835.2,2,576,417.6,2,2011-10-17 13:03:00,53,Occasional Active
16738,United Kingdom,3.75,1,3,3.75,1,2011-02-15 09:46:00,298,Dormant / Inactive
16739,United Kingdom,786.43,2,391,393.22,2,2011-06-16 09:17:00,177,Occasional Active
16740,United Kingdom,226.91,1,110,226.91,1,2010-11-09 13:34:00,395,Dormant / Inactive
16741,United Kingdom,173.06,1,81,173.06,1,2010-03-24 15:15:00,625,Dormant / Inactive
16742,United Kingdom,2799.87,14,2558,199.99,14,2011-10-24 12:02:00,47,High-Value Frequent
16743,United Kingdom,4212.15,14,3707,300.87,14,2011-11-10 13:13:00,29,High-Value Frequent
16744,United Kingdom,1291.91,7,798,184.56,7,2011-11-28 13:06:00,11,Steady Repeat
16745,United Kingdom,7180.7,17,6719,422.39,17,2011-09-14 11:58:00,87,High-Value Frequent
16746,United Kingdom,18046.75,42,11900,429.68,42,2011-12-05 12:33:00,5,High-Value Frequent
16747,United Kingdom,836.06,2,583,418.03,2,2011-11-02 11:37:00,38,Occasional Active
16748,United Kingdom,3637.33,14,2127,259.81,14,2011-11-22 10:17:00,18,High-Value Frequent
16749,United Kingdom,4157.88,2,1910,2078.94,2,2010-04-27 13:06:00,591,High-Value Lapsed
16750,United Kingdom,623.93,5,214,124.79,5,2011-10-26 12:48:00,45,Steady Repeat
16751,United Kingdom,1764.72,1,1031,1764.72,1,2011-11-09 10:48:00,31,Occasional Active
16752,United Kingdom,207.5,1,54,207.5,1,2010-12-02 12:18:00,373,Dormant / Inactive
16753,United Kingdom,223.92,1,189,223.92,1,2011-10-12 13:14:00,58,Occasional Active
16754,United Kingdom,65500.07,29,63551,2258.62,29,2010-12-02 17:38:00,372,High-Value Lapsed
16755,United Kingdom,2864.68,7,1985,409.24,7,2011-08-17 13:21:00,114,High-Value Frequent
16756,United Kingdom,1312.37,7,707,187.48,7,2011-05-09 09:33:00,215,Dormant / Inactive
16757,United Kingdom,270.48,2,180,135.24,2,2011-01-25 11:59:00,319,Dormant / Inactive
16758,United Kingdom,369.34,1,203,369.34,1,2011-10-05 14:47:00,65,Occasional Active
16759,United Kingdom,789.79,3,609,263.26,3,2011-12-02 12:42:00,8,Steady Repeat
16760,United Kingdom,228.0,1,168,228.0,1,2010-10-05 15:55:00,430,Dormant / Inactive
16761,United Kingdom,316.62,1,341,316.62,1,2011-09-04 11:15:00,97,Occasional Active
16762,United Kingdom,1207.24,3,480,402.41,3,2011-11-20 11:43:00,20,Steady Repeat
16763,United Kingdom,964.7,2,492,482.35,2,2011-05-25 11:52:00,199,Dormant / Inactive
16764,United Kingdom,2790.95,13,1253,214.69,13,2011-12-06 11:41:00,4,High-Value Frequent
16765,United Kingdom,454.75,2,311,227.38,2,2011-02-18 15:41:00,294,Dormant / Inactive
16766,United Kingdom,1145.6,2,536,572.8,2,2011-03-11 15:22:00,273,Dormant / Inactive
16767,United Kingdom,8056.76,15,7102,537.12,15,2011-11-09 09:42:00,31,High-Value Frequent
16768,United Kingdom,1698.57,9,774,188.73,9,2011-10-23 10:38:00,48,Steady Repeat
16769,United Kingdom,1117.05,4,295,279.26,4,2011-03-24 13:41:00,260,Dormant / Inactive
16770,United Kingdom,1778.93,9,1052,197.66,9,2011-10-13 12:21:00,58,Steady Repeat
16771,United Kingdom,3949.6,10,2308,394.96,10,2011-11-06 13:28:00,33,High-Value Frequent
16772,United Kingdom,3698.05,3,687,1232.68,3,2010-10-12 13:19:00,423,High-Value Lapsed
16773,United Kingdom,421.24,3,252,140.41,3,2011-10-13 14:37:00,57,Steady Repeat
16774,United Kingdom,1567.48,8,774,195.94,8,2011-10-03 12:41:00,68,Steady Repeat
16775,United Kingdom,2820.84,16,957,176.3,16,2011-11-29 15:22:00,10,High-Value Frequent
16776,United Kingdom,592.51,2,435,296.26,2,2011-10-10 13:04:00,60,Occasional Active
16777,United Kingdom,1292.18,5,470,258.44,5,2011-09-20 13:41:00,80,Steady Repeat
16778,United Kingdom,245.94,2,194,122.97,2,2011-09-26 13:48:00,74,Occasional Active
16779,United Kingdom,32809.03,53,19411,619.04,53,2011-12-07 14:54:00,2,High-Value Frequent
16780,United Kingdom,596.4,3,352,198.8,3,2011-08-31 16:09:00,100,Steady Repeat
16781,United Kingdom,623.0,2,192,311.5,2,2010-12-02 14:26:00,372,Dormant / Inactive
16782,United Kingdom,9636.12,38,4027,253.58,38,2011-11-29 13:20:00,10,High-Value Frequent
16783,United Kingdom,391.95,1,163,391.95,1,2010-09-29 11:53:00,437,Dormant / Inactive
16784,United Kingdom,892.33,5,494,178.47,5,2011-11-20 12:20:00,20,Steady Repeat
16785,United Kingdom,533.78,1,313,533.78,1,2010-10-26 10:36:00,410,Dormant / Inactive
16786,United Kingdom,51.84,1,72,51.84,1,2010-11-11 08:25:00,394,Dormant / Inactive
16787,United Kingdom,1017.53,4,472,254.38,4,2010-11-07 11:01:00,398,Dormant / Inactive
16788,United Kingdom,1928.93,5,965,385.79,5,2011-08-08 14:53:00,123,Steady Repeat
16789,United Kingdom,80.8,1,32,80.8,1,2011-12-01 15:12:00,8,Occasional Active
16790,United Kingdom,1545.62,6,898,257.6,6,2011-12-06 11:53:00,4,Steady Repeat
16791,United Kingdom,3957.63,15,1854,263.84,15,2011-11-10 19:12:00,29,High-Value Frequent
16792,United Kingdom,623.46,5,324,124.69,5,2011-03-02 14:41:00,282,Dormant / Inactive
16793,United Kingdom,243.84,1,146,243.84,1,2011-10-13 15:08:00,57,Occasional Active
16794,United Kingdom,2052.7,15,1576,136.85,15,2011-12-08 17:54:00,1,Steady Repeat
16795,United Kingdom,2062.41,3,1214,687.47,3,2010-12-09 14:08:00,365,Dormant / Inactive
16796,United Kingdom,305.62,1,186,305.62,1,2011-09-11 14:01:00,89,Occasional Active
16797,United Kingdom,1802.02,5,898,360.4,5,2010-11-11 19:14:00,393,Dormant / Inactive
16798,United Kingdom,841.16,3,205,280.39,3,2010-06-03 19:01:00,554,Dormant / Inactive
16799,United Kingdom,452.78,2,162,226.39,2,2010-10-03 14:28:00,432,Dormant / Inactive
16800,United Kingdom,1162.65,1,524,1162.65,1,2011-11-28 14:06:00,11,Occasional Active
16801,United Kingdom,1594.23,4,493,398.56,4,2011-06-29 15:33:00,163,Steady Repeat
16802,United Kingdom,582.61,2,369,291.3,2,2010-01-29 13:44:00,679,Dormant / Inactive
16803,United Kingdom,332.3,1,245,332.3,1,2011-10-05 14:28:00,65,Occasional Active
16804,United Kingdom,536.99,3,246,179.0,3,2011-11-16 16:43:00,23,Steady Repeat
16805,United Kingdom,1091.34,5,1120,218.27,5,2011-06-19 11:23:00,174,Steady Repeat
16806,United Kingdom,762.16,4,356,190.54,4,2011-08-28 15:27:00,103,Steady Repeat
16807,United Kingdom,2123.88,6,1433,353.98,6,2011-07-20 12:00:00,143,Steady Repeat
16808,United Kingdom,288.42,2,196,144.21,2,2011-09-01 19:34:00,99,Occasional Active
16809,United Kingdom,1727.43,9,1093,191.94,9,2011-11-16 15:45:00,23,Steady Repeat
16810,United Kingdom,842.04,2,372,421.02,2,2011-05-31 15:32:00,192,Dormant / Inactive
16811,United Kingdom,547.07,2,477,273.54,2,2011-12-05 11:39:00,5,Occasional Active
16812,United Kingdom,2392.0,4,1116,598.0,4,2010-12-14 12:35:00,361,High-Value Lapsed
16813,United Kingdom,1652.18,10,1501,165.22,10,2011-12-01 14:03:00,8,Steady Repeat
16814,United Kingdom,11924.85,36,4844,331.25,36,2011-11-25 13:27:00,14,High-Value Frequent
16815,United Kingdom,406.02,2,237,203.01,2,2010-09-12 10:59:00,454,Dormant / Inactive
16816,United Kingdom,417.06,4,274,104.26,4,2011-08-28 14:16:00,103,Steady Repeat
16817,United Kingdom,2560.7,13,1401,196.98,13,2011-12-07 11:03:00,3,High-Value Frequent
16818,United Kingdom,3349.57,11,2164,304.51,11,2011-11-29 10:41:00,11,High-Value Frequent
16819,United Kingdom,182.59,2,253,91.3,2,2010-08-31 17:37:00,465,Dormant / Inactive
16820,United Kingdom,497.61,1,307,497.61,1,2011-09-05 12:06:00,96,Occasional Active
16821,United Kingdom,113.35,1,13,113.35,1,2010-11-23 10:04:00,382,Dormant / Inactive
16822,United Kingdom,181.39,1,171,181.39,1,2010-01-22 14:22:00,686,Dormant / Inactive
16823,United Kingdom,2243.09,7,1166,320.44,7,2011-04-26 15:00:00,227,Dormant / Inactive
16824,United Kingdom,686.24,3,390,228.75,3,2011-11-24 12:38:00,16,Steady Repeat
16825,United Kingdom,1826.89,5,1297,365.38,5,2011-11-01 11:51:00,39,Steady Repeat
16826,United Kingdom,341.7,1,158,341.7,1,2011-10-19 14:05:00,51,Occasional Active
16827,United Kingdom,392.13,5,125,78.43,5,2010-11-11 14:04:00,393,Dormant / Inactive
16828,United Kingdom,128.5,2,59,64.25,2,2011-09-07 15:10:00,93,Occasional Active
16829,United Kingdom,513.32,2,215,256.66,2,2011-07-06 10:48:00,157,Occasional Active
16830,United Kingdom,1207.5,4,699,301.88,4,2011-11-01 11:35:00,39,Steady Repeat
16831,United Kingdom,91.8,1,48,91.8,1,2010-05-24 09:08:00,565,Dormant / Inactive
16832,United Kingdom,417.61,5,179,83.52,5,2011-06-08 15:36:00,184,Dormant / Inactive
16833,United Kingdom,2409.04,6,878,401.51,6,2011-12-08 14:39:00,1,High-Value Frequent
16834,United Kingdom,898.96,2,760,449.48,2,2011-04-26 09:37:00,228,Dormant / Inactive
16835,United Kingdom,1456.66,6,496,242.78,6,2011-08-03 13:50:00,128,Steady Repeat
16836,United Kingdom,782.37,4,539,195.59,4,2011-10-31 10:05:00,40,Steady Repeat
16837,United Kingdom,3170.98,11,1563,288.27,11,2011-11-08 14:27:00,31,High-Value Frequent
16838,United Kingdom,1159.61,4,509,289.9,4,2011-05-26 13:13:00,197,Dormant / Inactive
16839,United Kingdom,21758.25,44,11295,494.51,44,2011-12-01 09:03:00,9,High-Value Frequent
16840,United Kingdom,139.85,2,117,69.92,2,2010-04-15 15:48:00,603,Dormant / Inactive
16841,United Kingdom,4006.06,12,3478,333.84,12,2011-11-03 11:51:00,37,High-Value Frequent
16842,United Kingdom,1264.19,3,693,421.4,3,2011-08-31 10:42:00,101,Steady Repeat
16843,United Kingdom,19571.43,35,18502,559.18,35,2011-10-28 09:06:00,43,High-Value Frequent
16844,United Kingdom,614.34,2,281,307.17,2,2010-05-26 10:29:00,563,Dormant / Inactive
16845,United Kingdom,253.88,1,167,253.88,1,2010-03-31 13:09:00,618,Dormant / Inactive
16846,United Kingdom,842.41,3,517,280.8,3,2011-10-20 13:55:00,50,Steady Repeat
16847,United Kingdom,614.89,2,255,307.44,2,2011-10-27 13:29:00,43,Occasional Active
16848,United Kingdom,1411.62,4,780,352.9,4,2011-10-18 08:42:00,53,Steady Repeat
16849,United Kingdom,124.57,1,33,124.57,1,2011-06-06 09:16:00,187,Dormant / Inactive
16850,United Kingdom,332.41,1,249,332.41,1,2011-01-10 11:09:00,334,Dormant / Inactive
16851,United Kingdom,342.45,3,271,114.15,3,2011-12-05 13:32:00,4,Steady Repeat
16852,United Kingdom,144.91,2,56,72.46,2,2011-11-29 13:22:00,10,Occasional Active
16854,United Kingdom,1408.96,2,997,704.48,2,2010-10-18 16:31:00,417,Dormant / Inactive
16855,United Kingdom,328.4,2,164,164.2,2,2011-11-16 12:03:00,24,Occasional Active
16856,United Kingdom,358.49,3,171,119.5,3,2011-11-25 08:59:00,15,Steady Repeat
16857,United Kingdom,352.8,1,168,352.8,1,2010-09-23 10:49:00,443,Dormant / Inactive
16858,United Kingdom,4292.59,10,1423,429.26,10,2010-12-06 09:52:00,369,High-Value Lapsed
16859,United Kingdom,1932.41,7,1899,276.06,7,2011-07-18 12:19:00,145,Steady Repeat
16860,United Kingdom,1610.62,3,625,536.87,3,2010-09-13 10:05:00,453,Dormant / Inactive
16861,United Kingdom,946.59,5,616,189.32,5,2011-10-11 09:05:00,60,Steady Repeat
16862,United Kingdom,662.33,4,513,165.58,4,2010-06-10 13:05:00,547,Dormant / Inactive
16863,United Kingdom,834.27,3,640,278.09,3,2011-11-08 15:26:00,31,Steady Repeat
16864,United Kingdom,409.25,2,283,204.62,2,2010-10-01 16:16:00,434,Dormant / Inactive
16865,United Kingdom,130.95,1,157,130.95,1,2010-11-03 11:34:00,402,Dormant / Inactive
16866,United Kingdom,207.74,3,60,69.25,3,2011-07-22 10:06:00,141,Steady Repeat
16867,United Kingdom,76.74,1,58,76.74,1,2010-01-19 09:11:00,690,Dormant / Inactive
16868,United Kingdom,384.56,3,112,128.19,3,2010-11-10 13:17:00,394,Dormant / Inactive
16869,United Kingdom,817.12,4,583,204.28,4,2011-11-17 12:02:00,23,Steady Repeat
16870,United Kingdom,450.16,1,278,450.16,1,2010-08-27 13:53:00,469,Dormant / Inactive
16871,United Kingdom,2812.34,6,1253,468.72,6,2011-11-17 19:27:00,22,High-Value Frequent
16872,United Kingdom,1213.13,6,1079,202.19,6,2011-09-23 16:05:00,77,Steady Repeat
16873,United Kingdom,14617.39,12,8601,1218.12,12,2011-12-05 12:05:00,5,High-Value Frequent
16874,United Kingdom,209.89,1,78,209.89,1,2010-11-25 13:08:00,379,Dormant / Inactive
16875,United Kingdom,4234.53,11,2099,384.96,11,2011-10-03 13:39:00,67,High-Value Frequent
16876,United Kingdom,136.01,1,181,136.01,1,2010-11-01 11:59:00,404,Dormant / Inactive
16877,United Kingdom,846.62,6,458,141.1,6,2011-11-27 13:47:00,12,Steady Repeat
16878,United Kingdom,13.3,1,12,13.3,1,2011-09-16 17:39:00,84,Occasional Active
16880,United Kingdom,1813.21,8,904,226.65,8,2011-11-09 11:33:00,31,Steady Repeat
16881,United Kingdom,432.0,1,600,432.0,1,2011-10-04 10:33:00,67,Occasional Active
16882,United Kingdom,705.12,3,424,235.04,3,2011-10-04 10:42:00,67,Steady Repeat
16883,United Kingdom,2246.06,19,1016,118.21,19,2011-06-05 12:51:00,187,Dormant / Inactive
16884,United Kingdom,1070.97,4,520,267.74,4,2011-11-02 11:52:00,38,Steady Repeat
16885,United Kingdom,684.6,4,358,171.15,4,2011-11-24 13:40:00,15,Steady Repeat
16886,United Kingdom,134.0,1,48,134.0,1,2010-09-09 15:08:00,456,Dormant / Inactive
16887,United Kingdom,658.17,3,423,219.39,3,2011-11-04 14:07:00,35,Steady Repeat
16888,United Kingdom,434.2,3,145,144.73,3,2010-11-04 12:39:00,401,Dormant / Inactive
16889,United Kingdom,2526.65,6,1611,421.11,6,2011-05-29 11:05:00,195,High-Value Lapsed
16890,United Kingdom,285.41,3,243,95.14,3,2010-08-20 11:23:00,477,Dormant / Inactive
16891,United Kingdom,1727.94,11,652,157.09,11,2011-12-08 11:15:00,2,Steady Repeat
16892,United Kingdom,754.75,7,367,107.82,7,2011-12-08 13:18:00,1,Steady Repeat
16893,United Kingdom,249.89,2,117,124.94,2,2010-12-08 12:06:00,367,Dormant / Inactive
16894,United Kingdom,1306.96,3,503,435.65,3,2010-07-25 15:43:00,502,Dormant / Inactive
16895,United Kingdom,1102.9,5,421,220.58,5,2011-10-06 12:15:00,65,Steady Repeat
16896,United Kingdom,103.95,1,18,103.95,1,2010-06-02 15:40:00,555,Dormant / Inactive
16897,United Kingdom,289.78,2,73,144.89,2,2011-02-13 15:02:00,299,Dormant / Inactive
16898,United Kingdom,885.21,5,695,177.04,5,2011-11-13 15:44:00,26,Steady Repeat
16899,United Kingdom,1695.77,8,811,211.97,8,2011-12-02 12:03:00,8,Steady Repeat
16900,United Kingdom,887.11,3,833,295.7,3,2011-11-23 10:32:00,17,Steady Repeat
16901,United Kingdom,204.26,1,42,204.26,1,2009-12-10 16:30:00,729,Dormant / Inactive
16902,United Kingdom,1706.88,1,629,1706.88,1,2011-08-15 14:17:00,116,Occasional Active
16903,United Kingdom,1041.75,3,717,347.25,3,2011-11-10 15:32:00,29,Steady Repeat
16904,United Kingdom,4675.36,21,2607,222.64,21,2011-12-05 13:10:00,4,High-Value Frequent
16905,United Kingdom,4706.77,17,1913,276.87,17,2011-12-04 14:01:00,5,High-Value Frequent
16906,United Kingdom,1410.92,7,590,201.56,7,2011-09-19 11:49:00,82,Steady Repeat
16907,United Kingdom,1470.89,9,451,163.43,9,2011-11-10 18:04:00,29,Steady Repeat
16908,United Kingdom,252.59,1,61,252.59,1,2009-12-17 13:35:00,722,Dormant / Inactive
16909,United Kingdom,379.14,1,436,379.14,1,2011-09-28 16:45:00,72,Occasional Active
16910,United Kingdom,1508.96,8,884,188.62,8,2011-12-05 12:51:00,4,Steady Repeat
16911,United Kingdom,255.25,2,161,127.62,2,2010-03-14 12:18:00,636,Dormant / Inactive
16912,United Kingdom,4460.51,15,1689,297.37,15,2011-11-11 12:18:00,29,High-Value Frequent
16913,United Kingdom,423.91,3,229,141.3,3,2011-02-22 12:56:00,290,Dormant / Inactive
16914,United Kingdom,183.76,1,112,183.76,1,2011-11-03 15:27:00,36,Occasional Active
16915,United Kingdom,1543.18,11,190,140.29,11,2011-11-30 16:39:00,9,Steady Repeat
16916,United Kingdom,902.02,4,649,225.5,4,2011-11-16 12:08:00,24,Steady Repeat
16917,United Kingdom,1851.88,2,792,925.94,2,2011-03-08 11:55:00,277,Dormant / Inactive
16918,United Kingdom,3206.54,16,2066,200.41,16,2011-10-21 12:50:00,50,High-Value Frequent
16919,United Kingdom,4909.66,24,2333,204.57,24,2011-07-06 13:35:00,156,High-Value Frequent
16920,United Kingdom,355.45,1,81,355.45,1,2010-10-24 14:07:00,411,Dormant / Inactive
16921,United Kingdom,409.21,3,275,136.4,3,2011-10-09 16:22:00,61,Steady Repeat
16922,United Kingdom,611.08,1,281,611.08,1,2010-05-16 11:24:00,573,Dormant / Inactive
16923,United Kingdom,13157.13,32,6190,411.16,32,2011-11-27 13:00:00,12,High-Value Frequent
16924,United Kingdom,829.89,3,467,276.63,3,2011-11-18 12:53:00,21,Steady Repeat
16925,United Kingdom,125.65,1,123,125.65,1,2010-06-17 15:03:00,540,Dormant / Inactive
16926,United Kingdom,1169.61,5,197,233.92,5,2010-12-03 13:42:00,371,Dormant / Inactive
16927,United Kingdom,543.05,3,993,181.02,3,2011-08-16 11:10:00,116,Steady Repeat
16928,United Kingdom,3897.53,29,2587,134.4,29,2011-09-20 15:10:00,80,High-Value Frequent
16929,United Kingdom,1295.39,7,929,185.06,7,2011-12-06 08:37:00,4,Steady Repeat
16930,United Kingdom,378.89,3,339,126.3,3,2011-11-13 16:13:00,26,Steady Repeat
16931,United Kingdom,5032.22,23,3357,218.79,23,2011-12-04 13:15:00,5,High-Value Frequent
16932,United Kingdom,412.55,3,217,137.52,3,2011-10-17 14:12:00,53,Steady Repeat
16933,United Kingdom,3099.3,9,1533,344.37,9,2011-12-08 12:54:00,1,High-Value Frequent
16934,United Kingdom,2083.14,6,936,347.19,6,2011-10-16 12:40:00,55,Steady Repeat
16935,United Kingdom,530.86,3,273,176.95,3,2010-11-23 09:16:00,382,Dormant / Inactive
16936,United Kingdom,548.29,2,339,274.14,2,2011-11-14 11:04:00,26,Occasional Active
16937,United Kingdom,196.25,1,123,196.25,1,2010-07-28 17:56:00,499,Dormant / Inactive
16938,United Kingdom,6995.36,9,5041,777.26,9,2011-12-01 10:20:00,9,High-Value Frequent
16939,United Kingdom,433.85,3,229,144.62,3,2010-08-08 12:24:00,489,Dormant / Inactive
16940,United Kingdom,6427.66,8,4503,803.46,8,2011-10-18 13:15:00,52,High-Value Frequent
16941,United Kingdom,33.0,1,12,33.0,1,2010-04-07 11:13:00,612,Dormant / Inactive
16942,United Kingdom,1904.99,9,805,211.67,9,2011-11-27 12:40:00,13,Steady Repeat
16943,United Kingdom,1299.49,5,147,259.9,5,2011-05-12 11:57:00,212,Dormant / Inactive
16944,United Kingdom,101.36,1,27,101.36,1,2010-04-09 11:03:00,610,Dormant / Inactive
16945,United Kingdom,8548.16,33,5889,259.04,33,2011-11-18 11:39:00,22,High-Value Frequent
16946,United Kingdom,1222.04,5,509,244.41,5,2010-11-21 14:06:00,383,Dormant / Inactive
16947,United Kingdom,955.21,5,655,191.04,5,2011-04-18 09:38:00,236,Dormant / Inactive
16948,United Kingdom,868.77,7,2091,124.11,7,2011-07-24 12:46:00,139,Steady Repeat
16949,United Kingdom,1286.27,6,791,214.38,6,2011-12-06 11:07:00,4,Steady Repeat
16950,United Kingdom,3541.77,10,2432,354.18,10,2011-10-14 09:06:00,57,High-Value Frequent
16951,United Kingdom,1277.75,3,1318,425.92,3,2011-07-28 12:05:00,135,Steady Repeat
16952,United Kingdom,795.83,5,343,159.17,5,2011-08-22 13:03:00,109,Steady Repeat
16953,United Kingdom,20.8,1,10,20.8,1,2011-11-09 15:54:00,30,Occasional Active
16954,United Kingdom,6081.88,20,4086,304.09,20,2011-12-09 09:46:00,1,High-Value Frequent
16955,United Kingdom,1120.31,6,723,186.72,6,2011-06-08 10:36:00,185,Dormant / Inactive
16956,United Kingdom,308.74,1,114,308.74,1,2011-11-22 08:56:00,18,Occasional Active
16957,United Kingdom,416.64,2,172,208.32,2,2011-04-14 13:56:00,239,Dormant / Inactive
16958,United Kingdom,778.49,1,514,778.49,1,2010-09-30 14:25:00,435,Dormant / Inactive
16959,United Kingdom,117.35,1,49,117.35,1,2011-09-13 15:03:00,87,Occasional Active
16960,United Kingdom,1990.88,8,1492,248.86,8,2011-11-01 11:35:00,39,Steady Repeat
16961,United Kingdom,794.56,3,482,264.85,3,2011-08-15 13:46:00,116,Steady Repeat
16962,United Kingdom,251.04,1,158,251.04,1,2010-10-26 11:36:00,410,Dormant / Inactive
16963,United Kingdom,110.55,1,35,110.55,1,2011-06-05 13:48:00,187,Dormant / Inactive
16964,United Kingdom,207.85,2,49,103.92,2,2009-12-06 12:53:00,733,Dormant / Inactive
16965,United Kingdom,201.19,1,291,201.19,1,2011-04-27 12:08:00,227,Dormant / Inactive
16966,United Kingdom,2154.97,7,1981,307.85,7,2011-12-01 13:40:00,8,Steady Repeat
16967,United Kingdom,319.02,1,333,319.02,1,2011-06-03 14:24:00,189,Dormant / Inactive
16968,United Kingdom,439.43,2,326,219.72,2,2011-12-05 15:02:00,4,Occasional Active
16969,United Kingdom,650.41,3,816,216.8,3,2011-10-31 13:12:00,39,Steady Repeat
16970,United Kingdom,71.4,1,12,71.4,1,2010-03-23 13:50:00,626,Dormant / Inactive
16971,United Kingdom,357.21,1,72,357.21,1,2011-11-01 15:06:00,38,Occasional Active
16972,United Kingdom,749.0,2,183,374.5,2,2010-11-22 10:59:00,383,Dormant / Inactive
16973,United Kingdom,127.0,1,60,127.0,1,2010-11-18 13:56:00,386,Dormant / Inactive
16974,United Kingdom,365.5,2,70,182.75,2,2010-07-05 10:18:00,523,Dormant / Inactive
16975,United Kingdom,926.12,3,586,308.71,3,2010-10-12 17:53:00,423,Dormant / Inactive
16976,United Kingdom,251.52,1,88,251.52,1,2011-03-17 16:33:00,267,Dormant / Inactive
16977,United Kingdom,496.0,4,142,124.0,4,2010-11-09 13:17:00,395,Dormant / Inactive
16978,United Kingdom,768.88,3,285,256.29,3,2011-09-23 12:50:00,78,Steady Repeat
16979,United Kingdom,2859.74,9,1451,317.75,9,2011-12-06 12:21:00,4,High-Value Frequent
16980,United Kingdom,1422.83,3,990,474.28,3,2011-03-29 16:36:00,255,Dormant / Inactive
16982,United Kingdom,384.06,1,182,384.06,1,2011-10-10 12:28:00,61,Occasional Active
16983,United Kingdom,3490.53,11,2315,317.32,11,2011-11-27 12:10:00,13,High-Value Frequent
16984,United Kingdom,10350.53,9,5127,1150.06,9,2011-09-12 13:43:00,88,High-Value Frequent
16985,United Kingdom,10923.16,23,3103,474.92,23,2011-11-22 13:33:00,17,High-Value Frequent
16986,United Kingdom,4888.75,11,2539,444.43,11,2011-11-10 11:55:00,30,High-Value Frequent
16987,United Kingdom,2521.4,11,671,229.22,11,2011-12-06 17:26:00,3,High-Value Frequent
16988,United Kingdom,382.67,2,158,191.34,2,2011-12-04 16:02:00,5,Occasional Active
16989,United Kingdom,1133.25,6,1233,188.88,6,2011-12-02 16:39:00,7,Steady Repeat
16990,United Kingdom,344.0,2,200,172.0,2,2011-05-05 08:30:00,219,Dormant / Inactive
16991,United Kingdom,1041.21,1,793,1041.21,1,2010-10-14 14:08:00,421,Dormant / Inactive
16992,United Kingdom,5476.5,13,2061,421.27,13,2011-11-29 11:50:00,11,High-Value Frequent
16993,United Kingdom,1950.95,2,285,975.48,2,2010-09-02 12:16:00,464,Dormant / Inactive
16996,United Kingdom,2123.61,9,919,235.96,9,2011-11-09 16:43:00,30,Steady Repeat
16997,United Kingdom,702.0,3,360,234.0,3,2011-02-24 17:28:00,288,Dormant / Inactive
16998,United Kingdom,402.0,5,104,80.4,5,2011-07-13 09:44:00,150,Steady Repeat
16999,United Kingdom,484.82,2,294,242.41,2,2011-11-16 13:53:00,23,Occasional Active
17000,United Kingdom,406.3,2,305,203.15,2,2010-11-08 13:35:00,396,Dormant / Inactive
17001,United Kingdom,6640.8,19,3782,349.52,19,2011-12-09 09:38:00,1,High-Value Frequent
17002,United Kingdom,2571.55,7,1265,367.36,7,2011-09-15 12:40:00,86,High-Value Frequent
17003,United Kingdom,828.21,4,494,207.05,4,2010-11-02 13:15:00,402,Dormant / Inactive
17004,United Kingdom,2324.36,4,1233,581.09,4,2011-10-24 14:25:00,46,High-Value Occasional
17005,United Kingdom,622.36,2,691,311.18,2,2010-08-26 10:57:00,471,Dormant / Inactive
17006,United Kingdom,1635.27,8,572,204.41,8,2011-12-05 12:09:00,5,Steady Repeat
17007,United Kingdom,1120.1,7,717,160.01,7,2011-10-20 10:47:00,51,Steady Repeat
17008,United Kingdom,81.36,1,24,81.36,1,2010-10-06 15:19:00,429,Dormant / Inactive
17009,United Kingdom,242.06,1,336,242.06,1,2010-06-06 16:01:00,551,Dormant / Inactive
17010,United Kingdom,195.36,1,118,195.36,1,2011-11-21 14:49:00,18,Occasional Active
17011,United Kingdom,671.7,3,792,223.9,3,2011-11-09 13:30:00,30,Steady Repeat
17012,United Kingdom,360.61,1,251,360.61,1,2009-12-14 17:34:00,725,Dormant / Inactive
17014,United Kingdom,583.43,3,243,194.48,3,2011-12-01 14:09:00,8,Steady Repeat
17015,United Kingdom,1838.61,3,1978,612.87,3,2011-11-11 10:45:00,29,Steady Repeat
17016,United Kingdom,552.4,1,309,552.4,1,2010-05-12 12:32:00,577,Dormant / Inactive
17017,United Kingdom,12576.99,29,9397,433.69,29,2011-12-07 09:32:00,3,High-Value Frequent
17018,United Kingdom,2287.7,6,456,381.28,6,2011-10-30 11:42:00,41,High-Value Frequent
17019,United Kingdom,3602.29,11,2396,327.48,11,2011-11-28 13:06:00,11,High-Value Frequent
17020,United Kingdom,935.62,2,860,467.81,2,2010-06-15 13:06:00,542,Dormant / Inactive
17021,United Kingdom,1182.22,6,992,197.04,6,2010-09-23 20:01:00,442,Dormant / Inactive
17022,United Kingdom,260.0,2,180,130.0,2,2011-11-08 17:09:00,31,Occasional Active
17023,United Kingdom,800.18,3,530,266.73,3,2010-10-18 15:37:00,417,Dormant / Inactive
17024,United Kingdom,95.85,3,69,31.95,3,2011-10-25 13:47:00,45,Steady Repeat
17025,United Kingdom,1349.67,5,885,269.93,5,2011-10-10 09:06:00,61,Steady Repeat
17026,United Kingdom,175.83,3,107,58.61,3,2011-06-07 14:28:00,185,Dormant / Inactive
17027,United Kingdom,1310.63,9,645,145.63,9,2011-09-22 12:24:00,79,Steady Repeat
17028,United Kingdom,1593.83,3,856,531.28,3,2010-05-07 15:33:00,581,Dormant / Inactive
17029,United Kingdom,2137.3,7,1265,305.33,7,2011-08-21 11:06:00,111,Steady Repeat
17030,United Kingdom,146.87,1,146,146.87,1,2011-10-07 08:49:00,64,Occasional Active
17031,United Kingdom,2773.85,6,1595,462.31,6,2011-11-28 10:23:00,12,High-Value Frequent
17032,United Kingdom,2984.32,8,1667,373.04,8,2010-06-10 12:16:00,548,High-Value Lapsed
17033,United Kingdom,1332.79,4,871,333.2,4,2011-09-14 14:34:00,86,Steady Repeat
17034,United Kingdom,1276.42,5,694,255.28,5,2011-11-23 15:14:00,16,Steady Repeat
17035,United Kingdom,613.59,4,327,153.4,4,2011-04-08 11:23:00,246,Dormant / Inactive
17036,United Kingdom,176.9,1,76,176.9,1,2010-11-21 14:26:00,383,Dormant / Inactive
17037,United Kingdom,1267.32,1,656,1267.32,1,2011-09-13 12:49:00,88,Occasional Active
17038,United Kingdom,743.17,2,535,371.58,2,2011-11-09 13:50:00,30,Occasional Active
17039,United Kingdom,1954.99,1,689,1954.99,1,2010-04-14 12:56:00,604,Dormant / Inactive
17040,United Kingdom,463.25,2,189,231.62,2,2011-07-25 10:19:00,138,Occasional Active
17041,United Kingdom,1655.2,6,1303,275.87,6,2011-11-13 11:21:00,27,Steady Repeat
17042,United Kingdom,1036.58,5,990,207.32,5,2011-12-07 12:26:00,3,Steady Repeat
17043,United Kingdom,2593.65,8,1616,324.21,8,2011-11-07 15:33:00,32,High-Value Frequent
17044,United Kingdom,11962.3,12,5722,996.86,12,2011-11-14 14:28:00,25,High-Value Frequent
17045,United Kingdom,827.68,5,294,165.54,5,2011-08-18 17:09:00,113,Steady Repeat
17046,United Kingdom,1906.07,5,1636,381.21,5,2011-07-05 14:24:00,157,Steady Repeat
17047,United Kingdom,2289.23,6,1184,381.54,6,2011-09-15 13:27:00,85,High-Value Frequent
17048,United Kingdom,2071.68,7,1068,295.95,7,2011-08-14 11:49:00,118,Steady Repeat
17049,United Kingdom,9942.53,19,4273,523.29,19,2011-12-07 10:48:00,3,High-Value Frequent
17050,United Kingdom,4648.59,11,2432,422.6,11,2011-09-04 13:48:00,96,High-Value Frequent
17051,United Kingdom,706.49,4,507,176.62,4,2011-05-29 14:13:00,194,Dormant / Inactive
17052,United Kingdom,399.09,1,251,399.09,1,2011-11-11 14:50:00,28,Occasional Active
17053,United Kingdom,498.48,1,122,498.48,1,2011-08-01 10:23:00,131,Occasional Active
17054,United Kingdom,1356.33,5,804,271.27,5,2011-11-11 12:56:00,28,Steady Repeat
17055,United Kingdom,232.85,1,83,232.85,1,2010-09-20 12:21:00,446,Dormant / Inactive
17056,United Kingdom,128.6,1,26,128.6,1,2009-12-01 12:55:00,738,Dormant / Inactive
17057,United Kingdom,294.74,1,129,294.74,1,2010-04-22 19:21:00,596,Dormant / Inactive
17058,United Kingdom,1179.89,3,592,393.3,3,2011-09-19 10:13:00,82,Steady Repeat
17059,United Kingdom,4864.57,9,3107,540.51,9,2011-11-10 12:27:00,30,High-Value Frequent
17060,United Kingdom,234.24,1,216,234.24,1,2011-03-18 13:27:00,266,Dormant / Inactive
17061,United Kingdom,5232.23,11,1526,475.66,11,2011-09-27 11:24:00,74,High-Value Frequent
17062,United Kingdom,889.75,6,644,148.29,6,2011-01-30 11:01:00,314,Dormant / Inactive
17063,United Kingdom,3638.53,13,1899,279.89,13,2011-11-18 16:19:00,21,High-Value Frequent
17064,United Kingdom,855.45,3,316,285.15,3,2011-10-12 10:18:00,59,Steady Repeat
17065,United Kingdom,194.7,2,82,97.35,2,2010-03-12 11:41:00,638,Dormant / Inactive
17066,United Kingdom,228.34,1,93,228.34,1,2009-12-13 13:24:00,726,Dormant / Inactive
17067,United Kingdom,454.54,3,322,151.51,3,2009-12-15 08:39:00,725,Dormant / Inactive
17068,United Kingdom,8987.68,47,4351,191.23,47,2011-11-27 13:14:00,12,High-Value Frequent
17069,United Kingdom,5517.23,14,3230,394.09,14,2011-11-11 17:13:00,28,High-Value Frequent
17070,United Kingdom,437.42,2,232,218.71,2,2011-08-17 17:01:00,114,Occasional Active
17071,United Kingdom,3793.71,13,1934,291.82,13,2011-11-11 16:31:00,28,High-Value Frequent
17072,United Kingdom,273.35,1,212,273.35,1,2010-03-24 16:33:00,625,Dormant / Inactive
17073,United Kingdom,1446.09,4,759,361.52,4,2011-11-22 11:47:00,18,Steady Repeat
17074,United Kingdom,203.05,1,19,203.05,1,2010-05-26 12:04:00,563,Dormant / Inactive
17075,United Kingdom,2236.63,10,785,223.66,10,2011-11-22 11:58:00,18,Steady Repeat
17076,United Kingdom,1242.75,6,514,207.12,6,2011-11-03 17:53:00,36,Steady Repeat
17077,United Kingdom,306.0,1,36,306.0,1,2010-05-10 16:36:00,578,Dormant / Inactive
17078,United Kingdom,378.2,2,788,189.1,2,2011-11-03 19:17:00,36,Occasional Active
17079,United Kingdom,118.8,1,24,118.8,1,2011-09-22 15:34:00,78,Occasional Active
17080,United Kingdom,957.53,7,569,136.79,7,2011-11-17 12:59:00,22,Steady Repeat
17081,United Kingdom,949.39,6,381,158.23,6,2011-11-14 12:56:00,25,Steady Repeat
17082,United Kingdom,4732.03,6,2526,788.67,6,2011-11-06 15:17:00,33,High-Value Frequent
17083,United Kingdom,4049.79,9,1955,449.98,9,2011-08-22 15:43:00,109,High-Value Frequent
17084,United Kingdom,5001.21,3,3178,1667.07,3,2011-11-04 14:54:00,35,High-Value Occasional
17085,United Kingdom,7847.67,28,3583,280.27,28,2011-08-08 14:15:00,123,High-Value Frequent
17086,United Kingdom,2050.08,6,1859,341.68,6,2011-12-02 13:54:00,7,Steady Repeat
17087,United Kingdom,221.53,1,113,221.53,1,2009-12-02 10:41:00,738,Dormant / Inactive
17088,United Kingdom,1991.01,4,868,497.75,4,2011-11-11 14:23:00,28,Steady Repeat
17089,United Kingdom,128.45,1,35,128.45,1,2010-11-18 15:33:00,386,Dormant / Inactive
17090,United Kingdom,3080.18,13,1344,236.94,13,2011-12-05 13:44:00,4,High-Value Frequent
17091,United Kingdom,7495.75,19,3732,394.51,19,2011-12-07 10:43:00,3,High-Value Frequent
17092,United Kingdom,5511.41,11,3768,501.04,11,2011-10-20 19:51:00,50,High-Value Frequent
17093,United Kingdom,235.88,1,114,235.88,1,2010-04-26 10:22:00,593,Dormant / Inactive
17094,United Kingdom,402.2,2,212,201.1,2,2011-01-21 13:09:00,322,Dormant / Inactive
17095,United Kingdom,2572.25,7,1695,367.46,7,2011-11-17 12:21:00,23,High-Value Frequent
17096,United Kingdom,3697.93,11,1559,336.18,11,2011-11-24 15:01:00,15,High-Value Frequent
17097,Spain,1143.36,9,582,127.04,9,2011-12-07 17:05:00,2,Steady Repeat
17098,United Kingdom,591.07,3,125,197.02,3,2010-11-23 12:13:00,382,Dormant / Inactive
17099,United Kingdom,582.17,1,317,582.17,1,2010-06-24 16:25:00,533,Dormant / Inactive
17100,United Kingdom,971.74,2,800,485.87,2,2011-11-21 16:36:00,18,Occasional Active
17101,United Kingdom,2507.05,7,1175,358.15,7,2011-11-29 13:57:00,10,High-Value Frequent
17102,United Kingdom,25.5,1,2,25.5,1,2011-03-23 10:08:00,262,Dormant / Inactive
17103,United Kingdom,424.3,1,471,424.3,1,2009-12-17 14:08:00,722,Dormant / Inactive
17104,United Kingdom,474.03,1,149,474.03,1,2010-10-12 12:21:00,424,Dormant / Inactive
17105,United Kingdom,665.78,2,693,332.89,2,2011-07-03 15:53:00,159,Occasional Active
17106,United Kingdom,481.58,1,153,481.58,1,2010-11-15 14:11:00,389,Dormant / Inactive
17107,United Kingdom,16052.72,10,7530,1605.27,10,2011-11-06 14:14:00,33,High-Value Frequent
17108,United Kingdom,174.95,1,31,174.95,1,2010-02-14 12:22:00,664,Dormant / Inactive
17109,United Kingdom,1291.71,8,788,161.46,8,2011-11-10 16:59:00,29,Steady Repeat
17110,United Kingdom,499.9,3,136,166.63,3,2011-06-27 12:58:00,165,Steady Repeat
17111,United Kingdom,459.58,2,581,229.79,2,2011-10-23 15:59:00,47,Occasional Active
17112,United Kingdom,197.57,1,130,197.57,1,2010-07-25 11:14:00,503,Dormant / Inactive
17113,United Kingdom,2305.59,6,913,384.27,6,2010-05-14 13:59:00,574,High-Value Lapsed
17114,United Kingdom,801.12,8,215,100.14,8,2011-12-04 12:17:00,6,Steady Repeat
17115,United Kingdom,2761.49,7,885,394.5,7,2011-12-01 14:30:00,8,High-Value Frequent
17116,United Kingdom,389.78,1,392,389.78,1,2010-03-01 16:29:00,648,Dormant / Inactive
17117,United Kingdom,116.2,1,68,116.2,1,2011-02-24 13:54:00,288,Dormant / Inactive
17118,United Kingdom,157.02,1,154,157.02,1,2011-01-26 12:19:00,318,Dormant / Inactive
17119,United Kingdom,606.91,2,334,303.46,2,2011-12-06 14:40:00,3,Occasional Active
17120,United Kingdom,307.46,1,120,307.46,1,2011-04-20 15:21:00,233,Dormant / Inactive
17121,United Kingdom,314.74,1,106,314.74,1,2010-11-02 11:47:00,403,Dormant / Inactive
17122,United Kingdom,570.5,4,368,142.62,4,2011-08-12 14:33:00,119,Steady Repeat
17123,United Kingdom,977.17,3,676,325.72,3,2011-07-01 10:47:00,162,Steady Repeat
17124,United Kingdom,294.24,1,129,294.24,1,2011-06-07 14:02:00,185,Dormant / Inactive
17125,United Kingdom,230.5,1,281,230.5,1,2011-10-20 14:41:00,50,Occasional Active
17126,United Kingdom,2016.43,9,1426,224.05,9,2011-07-10 13:52:00,152,Steady Repeat
17127,United Kingdom,1155.03,5,340,231.01,5,2010-10-07 09:54:00,429,Dormant / Inactive
17128,United Kingdom,157.09,1,76,157.09,1,2011-01-09 12:02:00,335,Dormant / Inactive
17129,United Kingdom,31.85,1,5,31.85,1,2010-07-07 13:46:00,520,Dormant / Inactive
17131,United Kingdom,2463.17,5,983,492.63,5,2011-12-04 12:52:00,5,High-Value Occasional
17132,United Kingdom,1220.91,2,963,610.46,2,2010-09-13 16:31:00,452,Dormant / Inactive
17133,United Kingdom,14622.33,12,10107,1218.53,12,2011-11-24 12:27:00,16,High-Value Frequent
17134,United Kingdom,625.3,3,144,208.43,3,2011-08-25 09:53:00,107,Steady Repeat
17135,United Kingdom,1722.18,10,1686,172.22,10,2011-11-23 16:48:00,16,Steady Repeat
17136,United Kingdom,231.68,1,256,231.68,1,2010-02-15 13:13:00,662,Dormant / Inactive
17137,United Kingdom,1099.81,6,680,183.3,6,2010-10-19 14:51:00,416,Dormant / Inactive
17138,United Kingdom,4417.27,7,2024,631.04,7,2011-03-09 11:54:00,276,High-Value Lapsed
17139,United Kingdom,19566.76,25,9853,782.67,25,2011-11-24 10:12:00,16,High-Value Frequent
17140,United Kingdom,454.12,1,296,454.12,1,2011-04-06 13:33:00,247,Dormant / Inactive
17141,United Kingdom,727.58,4,423,181.9,4,2010-10-17 14:54:00,418,Dormant / Inactive
17142,United Kingdom,1275.25,4,322,318.81,4,2011-04-14 18:22:00,239,Dormant / Inactive
17143,United Kingdom,880.97,2,314,440.48,2,2010-10-18 15:27:00,417,Dormant / Inactive
17144,United Kingdom,984.57,2,483,492.28,2,2011-12-08 17:57:00,1,Occasional Active
17145,United Kingdom,3120.91,4,2591,780.23,4,2010-07-15 09:02:00,513,High-Value Lapsed
17146,United Kingdom,5852.64,13,2188,450.2,13,2011-08-26 12:44:00,106,High-Value Frequent
17147,United Kingdom,3199.95,9,1308,355.55,9,2011-11-17 12:32:00,23,High-Value Frequent
17148,United Kingdom,124.88,1,82,124.88,1,2011-10-19 09:59:00,52,Occasional Active
17149,United Kingdom,143.1,1,18,143.1,1,2010-09-14 14:56:00,451,Dormant / Inactive
17150,United Kingdom,1357.95,6,397,226.32,6,2010-11-28 11:27:00,377,Dormant / Inactive
17151,United Kingdom,231.9,1,42,231.9,1,2009-12-04 14:56:00,735,Dormant / Inactive
17152,United Kingdom,2016.5,4,577,504.12,4,2011-05-29 12:19:00,195,Dormant / Inactive
17153,United Kingdom,213.78,1,104,213.78,1,2011-11-15 13:42:00,24,Occasional Active
17154,United Kingdom,329.34,1,490,329.34,1,2011-09-25 13:42:00,75,Occasional Active
17155,United Kingdom,892.46,7,987,127.49,7,2011-11-22 12:38:00,18,Steady Repeat
17156,United Kingdom,591.87,1,391,591.87,1,2010-08-05 11:30:00,492,Dormant / Inactive
17157,United Kingdom,5151.9,19,2092,271.15,19,2011-12-02 09:10:00,8,High-Value Frequent
17158,United Kingdom,1980.0,5,1147,396.0,5,2011-11-07 15:15:00,32,Steady Repeat
17159,United Kingdom,2099.59,5,1348,419.92,5,2011-11-18 10:52:00,22,Steady Repeat
17160,United Kingdom,10209.16,17,8390,600.54,17,2011-11-08 14:05:00,31,High-Value Frequent
17161,United Kingdom,856.01,1,537,856.01,1,2010-09-21 16:44:00,444,Dormant / Inactive
17162,United Kingdom,1715.46,10,1001,171.55,10,2011-11-11 11:34:00,29,Steady Repeat
17163,United Kingdom,699.78,4,531,174.94,4,2011-11-18 08:57:00,22,Steady Repeat
17164,United Kingdom,2467.35,7,1501,352.48,7,2011-11-07 09:14:00,33,High-Value Frequent
17165,United Kingdom,1794.32,6,788,299.05,6,2011-02-28 16:39:00,284,Dormant / Inactive
17166,United Kingdom,206.34,2,78,103.17,2,2011-11-01 09:46:00,39,Occasional Active
17167,United Kingdom,867.11,3,429,289.04,3,2010-11-25 10:05:00,380,Dormant / Inactive
17168,United Kingdom,400.2,1,220,400.2,1,2010-07-29 12:33:00,499,Dormant / Inactive
17169,United Kingdom,1156.73,3,671,385.58,3,2011-10-13 10:25:00,58,Steady Repeat
17170,United Kingdom,178.68,2,152,89.34,2,2010-11-30 15:55:00,374,Dormant / Inactive
17171,United Kingdom,384.59,2,225,192.3,2,2011-02-23 16:37:00,289,Dormant / Inactive
17172,United Kingdom,956.57,3,1215,318.86,3,2011-09-22 09:36:00,79,Steady Repeat
17173,United Kingdom,3766.6,8,1122,470.82,8,2011-12-04 14:40:00,5,High-Value Frequent
17174,United Kingdom,59.9,1,41,59.9,1,2011-05-06 11:47:00,218,Dormant / Inactive
17175,United Kingdom,1443.69,4,866,360.92,4,2011-10-26 15:31:00,44,Steady Repeat
17176,United Kingdom,902.32,3,576,300.77,3,2011-05-22 12:41:00,202,Dormant / Inactive
17177,United Kingdom,119.5,1,40,119.5,1,2010-07-22 14:53:00,505,Dormant / Inactive
17178,United Kingdom,432.96,1,100,432.96,1,2009-12-08 16:20:00,731,Dormant / Inactive
17179,United Kingdom,1507.26,6,625,251.21,6,2011-06-14 16:48:00,178,Steady Repeat
17180,United Kingdom,2236.77,11,1809,203.34,11,2011-10-14 15:46:00,56,Steady Repeat
17181,United Kingdom,309.85,3,268,103.28,3,2011-10-13 14:48:00,57,Steady Repeat
17182,United Kingdom,321.3,2,54,160.65,2,2010-10-13 10:09:00,423,Dormant / Inactive
17183,United Kingdom,3347.31,6,1296,557.88,6,2011-12-02 10:07:00,8,High-Value Frequent
17184,United Kingdom,198.41,2,73,99.2,2,2010-05-19 14:24:00,569,Dormant / Inactive
17185,United Kingdom,229.46,3,119,76.49,3,2010-04-27 12:15:00,592,Dormant / Inactive
17186,United Kingdom,144.0,2,200,72.0,2,2011-10-24 10:20:00,47,Occasional Active
17187,United Kingdom,467.71,2,426,233.86,2,2011-04-27 12:39:00,227,Dormant / Inactive
17188,United Kingdom,4592.93,13,2569,353.3,13,2011-11-28 13:53:00,11,High-Value Frequent
17189,United Kingdom,953.63,5,601,190.73,5,2011-08-25 19:39:00,106,Steady Repeat
17190,United Kingdom,1726.57,7,2218,246.65,7,2011-10-12 11:33:00,59,Steady Repeat
17191,United Kingdom,4310.34,15,2208,287.36,15,2011-11-11 16:58:00,28,High-Value Frequent
17192,United Kingdom,75.28,1,45,75.28,1,2010-06-21 16:07:00,536,Dormant / Inactive
17193,United Kingdom,2310.04,9,1668,256.67,9,2011-11-04 12:47:00,36,High-Value Frequent
17194,United Kingdom,812.5,3,420,270.83,3,2011-03-11 12:05:00,274,Dormant / Inactive
17195,United Kingdom,562.98,1,486,562.98,1,2010-02-22 13:05:00,655,Dormant / Inactive
17196,United Kingdom,327.75,1,154,327.75,1,2010-10-08 11:31:00,428,Dormant / Inactive
17197,United Kingdom,1013.01,1,191,1013.01,1,2011-11-10 10:32:00,30,Occasional Active
17198,United Kingdom,692.22,3,357,230.74,3,2011-11-16 10:39:00,24,Steady Repeat
17199,United Kingdom,135.04,1,232,135.04,1,2010-05-06 13:53:00,582,Dormant / Inactive
17200,United Kingdom,356.71,4,367,89.18,4,2010-11-17 13:04:00,387,Dormant / Inactive
17201,United Kingdom,1143.1,4,1004,285.77,4,2011-10-17 11:55:00,54,Steady Repeat
17202,United Kingdom,160.65,1,55,160.65,1,2010-10-15 11:25:00,421,Dormant / Inactive
17203,United Kingdom,5564.09,10,4597,556.41,10,2011-11-04 12:27:00,36,High-Value Frequent
17204,United Kingdom,5504.69,9,2651,611.63,9,2011-06-17 14:46:00,175,High-Value Frequent
17205,United Kingdom,999.35,3,2214,333.12,3,2011-10-17 12:46:00,54,Steady Repeat
17206,United Kingdom,204.24,1,76,204.24,1,2011-10-17 13:25:00,53,Occasional Active
17207,United Kingdom,292.62,1,233,292.62,1,2010-02-25 19:08:00,652,Dormant / Inactive
17208,United Kingdom,111.15,1,101,111.15,1,2010-11-09 12:50:00,396,Dormant / Inactive
17209,United Kingdom,595.7,3,723,198.57,3,2010-02-28 16:01:00,649,Dormant / Inactive
17210,United Kingdom,251.72,1,242,251.72,1,2010-11-12 12:15:00,393,Dormant / Inactive
17211,United Kingdom,3773.35,13,2141,290.26,13,2011-11-13 12:03:00,27,High-Value Frequent
17212,United Kingdom,794.41,3,727,264.8,3,2011-03-31 19:42:00,253,Dormant / Inactive
17213,United Kingdom,4869.4,13,2087,374.57,13,2011-10-30 14:53:00,40,High-Value Frequent
17214,United Kingdom,1059.12,6,272,176.52,6,2011-10-10 13:17:00,60,Steady Repeat
17215,United Kingdom,186.15,1,104,186.15,1,2010-09-01 13:39:00,464,Dormant / Inactive
17216,United Kingdom,63.6,1,21,63.6,1,2010-06-03 13:03:00,554,Dormant / Inactive
17217,United Kingdom,210.1,2,93,105.05,2,2011-04-19 17:19:00,234,Dormant / Inactive
17218,United Kingdom,3891.39,18,2066,216.19,18,2011-12-05 13:52:00,4,High-Value Frequent
17219,United Kingdom,259.13,2,188,129.56,2,2011-11-08 11:25:00,32,Occasional Active
17220,United Kingdom,4457.31,21,2663,212.25,21,2011-11-15 13:47:00,24,High-Value Frequent
17221,United Kingdom,976.62,5,713,195.32,5,2011-12-02 13:35:00,7,Steady Repeat
17222,United Kingdom,1579.51,6,857,263.25,6,2011-10-05 13:58:00,65,Steady Repeat
17223,United Kingdom,558.04,3,155,186.01,3,2011-02-02 15:57:00,310,Dormant / Inactive
17224,United Kingdom,100.86,1,65,100.86,1,2010-07-26 13:30:00,501,Dormant / Inactive
17225,United Kingdom,131.15,1,36,131.15,1,2010-05-07 11:38:00,582,Dormant / Inactive
17226,United Kingdom,895.47,3,853,298.49,3,2011-02-04 11:52:00,309,Dormant / Inactive
17227,United Kingdom,1878.93,12,1681,156.58,12,2011-11-21 10:51:00,19,Steady Repeat
17228,United Kingdom,2820.03,13,2354,216.93,13,2011-11-24 10:24:00,16,High-Value Frequent
17229,United Kingdom,318.76,2,185,159.38,2,2011-09-04 13:56:00,96,Occasional Active
17230,United Kingdom,9388.49,18,3753,521.58,18,2011-03-20 16:12:00,264,High-Value Lapsed
17231,United Kingdom,7064.8,25,3681,282.59,25,2011-11-27 15:18:00,12,High-Value Frequent
17232,United Kingdom,417.77,2,202,208.88,2,2011-12-07 12:21:00,3,Occasional Active
17233,United Kingdom,560.86,3,298,186.95,3,2011-11-04 14:06:00,35,Steady Repeat
17234,United Kingdom,149.89,1,55,149.89,1,2011-06-10 11:20:00,183,Dormant / Inactive
17235,United Kingdom,1562.98,8,845,195.37,8,2011-11-14 15:51:00,25,Steady Repeat
17236,United Kingdom,1929.26,12,804,160.77,12,2011-11-27 12:00:00,13,Steady Repeat
17237,United Kingdom,994.13,4,414,248.53,4,2011-11-28 15:02:00,11,Steady Repeat
17238,United Kingdom,7331.67,32,3555,229.11,32,2011-12-07 11:35:00,3,High-Value Frequent
17239,United Kingdom,1189.45,4,515,297.36,4,2011-01-31 09:41:00,313,Dormant / Inactive
17240,United Kingdom,130.6,1,108,130.6,1,2010-04-22 15:44:00,596,Dormant / Inactive
17241,United Kingdom,2736.64,12,859,228.05,12,2010-11-19 13:01:00,385,High-Value Lapsed
17242,United Kingdom,2889.28,5,1459,577.86,5,2011-08-23 14:55:00,108,High-Value Occasional
17243,United Kingdom,20203.58,69,7932,292.81,69,2011-12-08 13:26:00,1,High-Value Frequent
17244,United Kingdom,1826.04,5,1419,365.21,5,2011-10-17 15:19:00,53,Steady Repeat
17245,United Kingdom,371.63,2,307,185.82,2,2011-05-19 10:43:00,205,Dormant / Inactive
17246,United Kingdom,38.92,2,36,19.46,2,2010-06-11 12:36:00,547,Dormant / Inactive
17247,United Kingdom,280.09,1,105,280.09,1,2011-11-24 15:21:00,15,Occasional Active
17248,United Kingdom,500.54,2,276,250.27,2,2011-08-11 13:34:00,120,Occasional Active
17249,United Kingdom,68.03,1,79,68.03,1,2010-10-07 11:33:00,429,Dormant / Inactive
17250,United Kingdom,381.97,2,167,190.98,2,2011-12-06 12:15:00,4,Occasional Active
17251,United Kingdom,798.98,3,377,266.33,3,2010-12-12 11:06:00,363,Dormant / Inactive
17252,United Kingdom,348.91,2,192,174.46,2,2011-08-15 09:45:00,117,Occasional Active
17253,United Kingdom,178.26,1,43,178.26,1,2011-11-21 12:59:00,18,Occasional Active
17254,United Kingdom,469.48,3,397,156.49,3,2011-12-05 12:46:00,5,Steady Repeat
17255,United Kingdom,781.7,4,583,195.42,4,2011-10-30 12:18:00,41,Steady Repeat
17256,United Kingdom,498.93,5,299,99.79,5,2011-08-24 13:30:00,107,Steady Repeat
17257,United Kingdom,189.78,2,187,94.89,2,2010-09-29 12:51:00,436,Dormant / Inactive
17258,United Kingdom,417.3,2,188,208.65,2,2010-11-08 12:37:00,397,Dormant / Inactive
17259,United Kingdom,1452.39,6,844,242.07,6,2011-07-14 15:01:00,148,Steady Repeat
17260,United Kingdom,120.95,1,23,120.95,1,2010-10-24 13:21:00,411,Dormant / Inactive
17261,United Kingdom,221.59,1,95,221.59,1,2010-07-18 11:49:00,510,Dormant / Inactive
17262,United Kingdom,2488.76,11,635,226.25,11,2011-10-18 12:56:00,52,High-Value Frequent
17263,United Kingdom,63.44,1,36,63.44,1,2011-05-15 14:32:00,208,Dormant / Inactive
17264,United Kingdom,268.28,1,217,268.28,1,2010-10-11 12:52:00,424,Dormant / Inactive
17265,United Kingdom,550.01,2,389,275.0,2,2011-07-24 10:49:00,139,Occasional Active
17266,United Kingdom,501.72,5,243,100.34,5,2011-12-07 14:12:00,2,Steady Repeat
17267,United Kingdom,317.2,2,158,158.6,2,2011-08-04 17:22:00,127,Occasional Active
17268,United Kingdom,1733.89,11,1395,157.63,11,2011-08-24 10:06:00,108,Steady Repeat
17269,United Kingdom,491.81,1,314,491.81,1,2010-11-19 11:12:00,386,Dormant / Inactive
17270,United Kingdom,601.45,2,420,300.73,2,2010-08-27 14:09:00,469,Dormant / Inactive
17271,United Kingdom,204.3,1,113,204.3,1,2009-12-03 13:49:00,736,Dormant / Inactive
17272,United Kingdom,2148.63,4,1778,537.16,4,2011-10-28 16:37:00,42,Steady Repeat
17273,United Kingdom,141.12,1,133,141.12,1,2010-10-11 15:57:00,424,Dormant / Inactive
17274,United Kingdom,573.22,2,271,286.61,2,2011-11-04 13:16:00,35,Occasional Active
17275,United Kingdom,114.1,1,71,114.1,1,2010-11-21 13:26:00,383,Dormant / Inactive
17276,United Kingdom,502.49,1,187,502.49,1,2010-11-02 16:20:00,402,Dormant / Inactive
17277,United Kingdom,1065.35,2,430,532.67,2,2011-04-26 12:47:00,228,Dormant / Inactive
17278,United Kingdom,271.24,2,195,135.62,2,2011-04-12 13:10:00,241,Dormant / Inactive
17279,United Kingdom,187.83,1,48,187.83,1,2011-10-13 11:58:00,58,Occasional Active
17280,United Kingdom,118.86,1,74,118.86,1,2010-09-27 16:46:00,438,Dormant / Inactive
17281,United Kingdom,797.85,6,295,132.98,6,2010-11-30 18:05:00,374,Dormant / Inactive
17282,United Kingdom,2308.54,5,2332,461.71,5,2011-08-01 14:29:00,130,High-Value Occasional
17283,United Kingdom,188.46,1,179,188.46,1,2010-11-26 11:53:00,379,Dormant / Inactive
17284,United Kingdom,2788.06,8,2069,348.51,8,2011-10-10 14:38:00,60,High-Value Frequent
17285,United Kingdom,407.94,2,134,203.97,2,2010-03-21 13:38:00,628,Dormant / Inactive
17286,United Kingdom,389.18,3,368,129.73,3,2011-11-18 12:47:00,22,Steady Repeat
17287,United Kingdom,3826.86,21,1955,182.23,21,2011-11-13 13:27:00,26,High-Value Frequent
17288,United Kingdom,2468.43,11,1699,224.4,11,2011-11-30 16:09:00,9,High-Value Frequent
17289,United Kingdom,2041.8,9,1237,226.87,9,2011-11-08 12:01:00,32,Steady Repeat
17290,United Kingdom,1487.96,8,1139,186.0,8,2011-12-06 12:38:00,4,Steady Repeat
17291,United Kingdom,550.8,1,72,550.8,1,2011-02-04 13:04:00,308,Dormant / Inactive
17292,United Kingdom,271.75,2,131,135.88,2,2010-08-24 17:14:00,472,Dormant / Inactive
17293,United Kingdom,3750.63,17,2228,220.63,17,2011-12-01 14:37:00,8,High-Value Frequent
17294,United Kingdom,467.79,2,297,233.9,2,2010-02-08 16:12:00,669,Dormant / Inactive
17295,United Kingdom,547.0,3,293,182.33,3,2011-11-11 10:49:00,29,Steady Repeat
17296,United Kingdom,338.13,1,216,338.13,1,2009-12-09 14:01:00,730,Dormant / Inactive
17297,United Kingdom,128.18,1,65,128.18,1,2011-11-22 14:43:00,17,Occasional Active
17298,United Kingdom,954.26,5,852,190.85,5,2011-08-30 16:43:00,101,Steady Repeat
17299,United Kingdom,993.23,6,919,165.54,6,2011-11-28 12:01:00,12,Steady Repeat
17300,United Kingdom,393.64,2,467,196.82,2,2010-11-14 10:56:00,391,Dormant / Inactive
17301,United Kingdom,294.39,2,216,147.2,2,2011-11-18 13:43:00,21,Occasional Active
17302,United Kingdom,1135.63,5,575,227.13,5,2011-11-25 09:36:00,15,Steady Repeat
17303,United Kingdom,250.04,1,144,250.04,1,2010-12-13 13:32:00,361,Dormant / Inactive
17304,United Kingdom,111.5,1,73,111.5,1,2010-06-23 16:23:00,534,Dormant / Inactive
17305,United Kingdom,2135.46,1,1006,2135.46,1,2010-03-01 12:47:00,649,Dormant / Inactive
17306,United Kingdom,9782.35,21,13747,465.83,21,2011-11-29 12:14:00,11,High-Value Frequent
17307,United Kingdom,3999.89,11,3667,363.63,11,2010-11-09 13:40:00,395,High-Value Lapsed
17308,United Kingdom,4511.76,2,5148,2255.88,2,2010-11-11 13:19:00,393,High-Value Lapsed
17309,United Kingdom,320.39,3,181,106.8,3,2011-09-05 15:20:00,95,Steady Repeat
17310,United Kingdom,1025.1,2,402,512.55,2,2010-11-17 16:00:00,387,Dormant / Inactive
17311,United Kingdom,3566.56,6,2755,594.43,6,2011-09-22 14:11:00,78,High-Value Frequent
17312,United Kingdom,644.3,3,372,214.77,3,2011-07-24 11:52:00,139,Steady Repeat
17313,United Kingdom,2328.84,1,1402,2328.84,1,2011-11-08 15:45:00,31,High-Value Occasional
17314,United Kingdom,4904.43,17,3663,288.5,17,2011-11-15 09:41:00,25,High-Value Frequent
17315,United Kingdom,9599.58,43,5088,223.25,43,2011-12-08 12:15:00,2,High-Value Frequent
17316,United Kingdom,124.45,1,44,124.45,1,2010-10-15 14:35:00,420,Dormant / Inactive
17317,United Kingdom,2600.34,3,1146,866.78,3,2011-10-24 17:19:00,46,High-Value Occasional
17318,United Kingdom,157.33,1,59,157.33,1,2009-12-14 13:11:00,725,Dormant / Inactive
17319,United Kingdom,29.1,1,14,29.1,1,2010-02-08 15:47:00,669,Dormant / Inactive
17320,United Kingdom,2444.85,6,1182,407.48,6,2011-08-31 13:31:00,100,High-Value Frequent
17321,United Kingdom,1665.21,6,790,277.54,6,2011-12-01 13:41:00,8,Steady Repeat
17322,United Kingdom,922.59,5,631,184.52,5,2010-11-28 14:41:00,376,Dormant / Inactive
17323,United Kingdom,1551.04,12,1426,129.25,12,2011-11-24 17:29:00,15,Steady Repeat
17324,United Kingdom,2171.07,12,1485,180.92,12,2011-11-22 10:34:00,18,Steady Repeat
17325,United Kingdom,609.57,3,465,203.19,3,2011-03-04 13:09:00,280,Dormant / Inactive
17326,United Kingdom,312.35,2,136,156.18,2,2010-10-27 15:38:00,408,Dormant / Inactive
17327,United Kingdom,152.35,2,59,76.18,2,2010-10-26 09:54:00,410,Dormant / Inactive
17328,United Kingdom,104.7,1,86,104.7,1,2010-02-04 17:11:00,673,Dormant / Inactive
17329,United Kingdom,998.53,5,430,199.71,5,2011-11-25 14:24:00,14,Steady Repeat
17330,United Kingdom,423.8,4,122,105.95,4,2011-11-17 08:56:00,23,Steady Repeat
17331,United Kingdom,175.2,1,16,175.2,1,2011-08-08 11:55:00,124,Occasional Active
17332,United Kingdom,838.27,5,794,167.65,5,2010-06-29 16:10:00,528,Dormant / Inactive
17333,United Kingdom,494.25,1,375,494.25,1,2011-09-15 10:11:00,86,Occasional Active
17334,United Kingdom,635.15,3,566,211.72,3,2011-02-10 14:59:00,302,Dormant / Inactive
17335,United Kingdom,497.04,2,210,248.52,2,2010-11-21 10:17:00,384,Dormant / Inactive
17336,United Kingdom,81.12,1,48,81.12,1,2010-08-24 15:37:00,472,Dormant / Inactive
17337,United Kingdom,1981.06,4,1247,495.26,4,2011-07-11 14:55:00,151,Steady Repeat
17338,United Kingdom,11889.33,17,5780,699.37,17,2011-11-22 14:23:00,17,High-Value Frequent
17339,United Kingdom,302.36,3,172,100.79,3,2011-09-06 13:29:00,94,Steady Repeat
17340,United Kingdom,19617.95,18,9497,1089.89,18,2011-11-10 10:45:00,30,High-Value Frequent
17341,United Kingdom,1272.21,5,831,254.44,5,2011-07-06 12:33:00,157,Steady Repeat
17342,United Kingdom,1227.54,4,521,306.88,4,2010-11-25 11:07:00,380,Dormant / Inactive
17343,United Kingdom,1259.94,6,454,209.99,6,2010-12-19 15:07:00,355,Dormant / Inactive
17344,United Kingdom,457.36,2,200,228.68,2,2011-10-24 12:56:00,46,Occasional Active
17345,United Kingdom,1586.63,10,2008,158.66,10,2011-11-24 15:03:00,15,Steady Repeat
17346,United Kingdom,4998.61,26,3439,192.25,26,2011-12-06 12:18:00,4,High-Value Frequent
17347,United Kingdom,228.96,1,216,228.96,1,2011-09-14 13:12:00,86,Occasional Active
17348,United Kingdom,2442.29,9,2766,271.37,9,2011-11-25 11:25:00,15,High-Value Frequent
17349,United Kingdom,772.41,5,772,154.48,5,2011-06-13 14:29:00,179,Steady Repeat
17350,United Kingdom,1893.7,7,1178,270.53,7,2011-12-01 15:47:00,8,Steady Repeat
17351,United Kingdom,1988.23,12,383,165.69,12,2011-11-03 18:45:00,36,Steady Repeat
17352,United Kingdom,36.25,1,15,36.25,1,2010-01-12 16:13:00,696,Dormant / Inactive
17353,United Kingdom,3242.0,4,2168,810.5,4,2011-08-02 17:19:00,129,High-Value Occasional
17354,United Kingdom,3133.96,4,2531,783.49,4,2011-10-20 10:34:00,51,High-Value Occasional
17355,United Kingdom,273.31,1,249,273.31,1,2010-11-18 13:18:00,386,Dormant / Inactive
17356,United Kingdom,946.47,5,925,189.29,5,2011-02-01 11:07:00,312,Dormant / Inactive
17357,United Kingdom,384.39,2,152,192.2,2,2011-11-15 16:30:00,24,Occasional Active
17358,United Kingdom,861.01,5,430,172.2,5,2011-02-09 16:57:00,303,Dormant / Inactive
17359,United Kingdom,284.46,2,237,142.23,2,2011-11-28 14:37:00,11,Occasional Active
17360,United Kingdom,1200.51,6,624,200.08,6,2011-11-22 13:11:00,17,Steady Repeat
17361,United Kingdom,871.79,5,380,174.36,5,2011-10-21 15:43:00,49,Steady Repeat
17362,United Kingdom,1024.04,7,549,146.29,7,2011-04-14 14:43:00,239,Dormant / Inactive
17363,United Kingdom,920.46,3,499,306.82,3,2010-11-09 17:11:00,395,Dormant / Inactive
17364,United Kingdom,11972.92,28,7464,427.6,28,2011-12-09 09:00:00,1,High-Value Frequent
17365,United Kingdom,8184.49,15,8015,545.63,15,2011-11-27 12:13:00,13,High-Value Frequent
17366,United Kingdom,1077.24,2,504,538.62,2,2010-10-03 16:04:00,432,Dormant / Inactive
17367,United Kingdom,167.55,1,149,167.55,1,2011-04-15 14:21:00,238,Dormant / Inactive
17368,United Kingdom,2758.29,14,2319,197.02,14,2011-11-16 15:26:00,23,High-Value Frequent
17369,United Kingdom,979.2,1,1152,979.2,1,2010-09-10 09:49:00,456,Dormant / Inactive
17370,United Kingdom,446.18,4,540,111.54,4,2011-09-28 10:14:00,73,Steady Repeat
17371,United Kingdom,655.37,6,281,109.23,6,2011-11-22 13:30:00,17,Steady Repeat
17372,United Kingdom,4347.31,28,1863,155.26,28,2011-10-30 11:37:00,41,High-Value Frequent
17373,United Kingdom,1167.5,7,738,166.79,7,2011-10-30 15:28:00,40,Steady Repeat
17374,United Kingdom,727.11,3,155,242.37,3,2011-05-05 09:05:00,219,Dormant / Inactive
17375,United Kingdom,660.55,4,480,165.14,4,2011-05-24 15:45:00,199,Dormant / Inactive
17376,United Kingdom,453.64,4,244,113.41,4,2011-09-30 12:36:00,71,Steady Repeat
17377,United Kingdom,17644.27,78,7335,226.21,78,2011-11-16 11:17:00,24,High-Value Frequent
17378,United Kingdom,10.95,1,1,10.95,1,2010-11-30 18:46:00,374,Dormant / Inactive
17379,United Kingdom,389.72,1,623,389.72,1,2011-11-28 13:56:00,11,Occasional Active
17380,United Kingdom,645.0,3,252,215.0,3,2010-10-01 16:42:00,434,Dormant / Inactive
17381,United Kingdom,36398.65,38,42879,957.86,38,2011-12-01 11:59:00,9,High-Value Frequent
17382,United Kingdom,902.28,8,457,112.78,8,2011-10-05 13:05:00,65,Steady Repeat
17383,United Kingdom,304.09,2,160,152.04,2,2011-12-05 17:36:00,4,Occasional Active
17384,United Kingdom,507.55,3,121,169.18,3,2011-11-20 15:48:00,19,Steady Repeat
17385,United Kingdom,256.11,1,197,256.11,1,2011-11-25 11:02:00,15,Occasional Active
17386,United Kingdom,2812.77,7,1955,401.82,7,2011-12-02 11:28:00,8,High-Value Frequent
17387,United Kingdom,746.81,2,522,373.4,2,2011-11-20 11:00:00,20,Occasional Active
17388,United Kingdom,2675.37,11,2555,243.22,11,2011-09-23 10:31:00,78,High-Value Frequent
17389,United Kingdom,57215.33,61,17880,937.96,61,2011-12-09 09:38:00,1,High-Value Frequent
17390,United Kingdom,149.3,1,49,149.3,1,2010-10-15 11:29:00,421,Dormant / Inactive
17391,United Kingdom,508.8,2,480,254.4,2,2011-06-29 09:58:00,164,Occasional Active
17392,United Kingdom,585.92,3,450,195.31,3,2011-02-06 12:48:00,307,Dormant / Inactive
17393,United Kingdom,381.15,2,238,190.58,2,2010-10-25 11:10:00,411,Dormant / Inactive
17394,United Kingdom,203.87,1,241,203.87,1,2011-05-04 13:22:00,219,Dormant / Inactive
17395,United Kingdom,97.5,1,66,97.5,1,2010-07-19 15:34:00,508,Dormant / Inactive
17396,United Kingdom,8409.6,14,2313,600.69,14,2011-10-31 14:12:00,39,High-Value Frequent
17397,United Kingdom,1198.28,3,691,399.43,3,2011-11-17 14:08:00,22,Steady Repeat
17398,United Kingdom,653.38,3,310,217.79,3,2011-08-17 09:48:00,115,Steady Repeat
17400,United Kingdom,4623.28,8,2185,577.91,8,2011-08-05 15:38:00,126,High-Value Frequent
17401,United Kingdom,114.85,1,34,114.85,1,2010-06-16 16:54:00,541,Dormant / Inactive
17402,United Kingdom,4635.56,23,1450,201.55,23,2011-12-05 10:15:00,5,High-Value Frequent
17403,United Kingdom,382.87,2,188,191.44,2,2011-11-03 15:18:00,36,Occasional Active
17404,Sweden,47781.12,23,50679,2077.44,23,2011-12-05 16:26:00,4,High-Value Frequent
17405,United Kingdom,1031.41,3,726,343.8,3,2011-12-08 17:12:00,1,Steady Repeat
17406,United Kingdom,4186.95,13,1847,322.07,13,2011-01-10 15:07:00,333,High-Value Lapsed
17407,United Kingdom,552.9,1,426,552.9,1,2010-10-24 11:57:00,412,Dormant / Inactive
17408,United Kingdom,316.09,3,163,105.36,3,2011-06-29 12:53:00,163,Steady Repeat
17409,United Kingdom,7793.51,10,4089,779.35,10,2011-06-08 10:36:00,185,High-Value Lapsed
17410,United Kingdom,1214.72,5,616,242.94,5,2011-11-23 15:46:00,16,Steady Repeat
17411,United Kingdom,1425.38,5,608,285.08,5,2011-11-27 14:25:00,12,Steady Repeat
17412,United Kingdom,4220.22,16,2554,263.76,16,2011-12-07 11:36:00,3,High-Value Frequent
17413,United Kingdom,560.14,2,302,280.07,2,2010-10-31 12:33:00,405,Dormant / Inactive
17414,United Kingdom,2249.52,6,6256,374.92,6,2011-10-27 12:13:00,44,High-Value Frequent
17415,United Kingdom,507.84,1,114,507.84,1,2011-09-21 12:50:00,80,Occasional Active
17416,United Kingdom,17298.45,22,8769,786.29,22,2011-11-10 12:47:00,30,High-Value Frequent
17417,United Kingdom,164.18,1,76,164.18,1,2010-06-09 10:00:00,549,Dormant / Inactive
17418,United Kingdom,670.06,3,521,223.35,3,2011-10-28 13:00:00,42,Steady Repeat
17419,United Kingdom,6126.25,18,2884,340.35,18,2011-11-28 13:47:00,11,High-Value Frequent
17420,United Kingdom,953.58,6,446,158.93,6,2011-10-20 14:52:00,50,Steady Repeat
17421,United Kingdom,1059.41,3,807,353.14,3,2010-11-18 16:57:00,386,Dormant / Inactive
17422,United Kingdom,3594.76,11,3538,326.8,11,2011-11-23 13:27:00,16,High-Value Frequent
17423,United Kingdom,1118.95,3,790,372.98,3,2011-10-24 13:36:00,46,Steady Repeat
17425,United Kingdom,759.17,2,407,379.58,2,2011-11-20 15:30:00,19,Occasional Active
17426,United Kingdom,8077.77,13,5187,621.37,13,2011-12-01 18:07:00,8,High-Value Frequent
17427,United Kingdom,100.8,1,34,100.8,1,2011-09-29 11:29:00,72,Occasional Active
17428,United Kingdom,31466.76,45,17356,699.26,45,2011-12-09 09:45:00,1,High-Value Frequent
17429,United Kingdom,1357.46,5,1286,271.49,5,2011-08-03 13:22:00,128,Steady Repeat
17430,United Kingdom,622.57,4,455,155.64,4,2011-11-07 09:24:00,33,Steady Repeat
17431,United Kingdom,403.3,1,292,403.3,1,2011-01-30 14:36:00,313,Dormant / Inactive
17432,United Kingdom,1728.99,9,1008,192.11,9,2011-11-21 17:33:00,18,Steady Repeat
17433,United Kingdom,569.96,2,305,284.98,2,2011-09-12 14:24:00,88,Occasional Active
17434,United Kingdom,2373.82,7,1693,339.12,7,2011-12-07 13:16:00,2,High-Value Frequent
17435,United Kingdom,331.35,1,195,331.35,1,2010-10-24 13:55:00,411,Dormant / Inactive
17436,United Kingdom,534.06,5,178,106.81,5,2011-12-08 12:30:00,2,Steady Repeat
17437,United Kingdom,369.68,1,283,369.68,1,2010-06-28 11:11:00,530,Dormant / Inactive
17438,United Kingdom,1422.77,5,553,284.55,5,2011-03-31 10:26:00,254,Dormant / Inactive
17439,United Kingdom,325.74,1,370,325.74,1,2010-02-22 12:48:00,656,Dormant / Inactive
17440,United Kingdom,323.58,4,282,80.9,4,2011-07-06 11:54:00,157,Steady Repeat
17441,United Kingdom,293.35,1,245,293.35,1,2009-12-07 13:32:00,732,Dormant / Inactive
17442,United Kingdom,4620.3,15,3134,308.02,15,2011-11-03 09:17:00,37,High-Value Frequent
17443,Canada,534.24,1,504,534.24,1,2011-05-04 10:47:00,220,Dormant / Inactive
17444,Canada,2940.04,3,2119,980.01,3,2011-07-15 12:05:00,148,High-Value Occasional
17446,United Kingdom,120.9,2,198,60.45,2,2011-06-16 10:42:00,177,Occasional Active
17447,United Kingdom,541.53,2,443,270.76,2,2011-10-30 14:18:00,40,Occasional Active
17448,United Kingdom,14523.67,46,11534,315.73,46,2010-07-30 14:07:00,497,High-Value Lapsed
17449,United Kingdom,4868.15,13,2483,374.47,13,2011-12-07 16:56:00,2,High-Value Frequent
17450,United Kingdom,244784.25,51,83914,4799.69,51,2011-12-01 13:29:00,8,High-Value Frequent
17451,United Kingdom,1721.4,7,1203,245.91,7,2011-12-08 15:02:00,1,Steady Repeat
17453,United Kingdom,486.72,2,219,243.36,2,2011-11-22 09:42:00,18,Occasional Active
17454,United Kingdom,1547.94,10,727,154.79,10,2011-05-31 13:58:00,192,Dormant / Inactive
17455,United Kingdom,131.7,1,66,131.7,1,2011-05-20 12:31:00,204,Dormant / Inactive
17456,United Kingdom,975.56,2,508,487.78,2,2010-12-09 15:23:00,365,Dormant / Inactive
17457,United Kingdom,5984.81,14,2695,427.49,14,2011-08-05 12:48:00,127,High-Value Frequent
17458,United Kingdom,529.58,2,282,264.79,2,2011-11-24 13:01:00,15,Occasional Active
17459,United Kingdom,657.3,2,537,328.65,2,2011-10-27 13:25:00,43,Occasional Active
17460,United Kingdom,2157.97,16,954,134.87,16,2011-09-06 15:04:00,94,Steady Repeat
17461,United Kingdom,735.82,3,770,245.27,3,2011-11-17 10:21:00,23,Steady Repeat
17462,United Kingdom,675.69,2,227,337.84,2,2011-10-10 13:56:00,60,Occasional Active
17463,United Kingdom,2535.26,7,1480,362.18,7,2011-11-23 13:40:00,16,High-Value Frequent
17464,United Kingdom,907.14,3,608,302.38,3,2011-07-04 13:19:00,158,Steady Repeat
17465,United Kingdom,2542.79,7,1477,363.26,7,2010-10-10 11:56:00,426,High-Value Lapsed
17466,United Kingdom,763.28,2,306,381.64,2,2011-11-29 13:15:00,10,Occasional Active
17467,United Kingdom,102.6,1,20,102.6,1,2010-11-09 12:58:00,395,Dormant / Inactive
17468,United Kingdom,194.8,3,184,64.93,3,2011-11-29 15:33:00,10,Steady Repeat
17469,United Kingdom,5051.25,17,2304,297.13,17,2011-11-23 13:15:00,16,High-Value Frequent
17470,United Kingdom,2626.47,11,2731,238.77,11,2011-10-26 12:42:00,45,High-Value Frequent
17471,United Kingdom,321.65,1,153,321.65,1,2010-08-22 11:53:00,475,Dormant / Inactive
17472,United Kingdom,922.35,4,551,230.59,4,2011-06-01 14:57:00,191,Dormant / Inactive
17473,United Kingdom,607.0,2,270,303.5,2,2010-10-27 11:45:00,409,Dormant / Inactive
17474,United Kingdom,1047.0,1,200,1047.0,1,2010-04-19 10:43:00,600,Dormant / Inactive
17475,United Kingdom,194.37,1,178,194.37,1,2011-09-21 14:55:00,79,Occasional Active
17476,United Kingdom,489.86,2,224,244.93,2,2010-11-09 10:21:00,396,Dormant / Inactive
17477,United Kingdom,1144.3,2,225,572.15,2,2010-04-06 10:06:00,613,Dormant / Inactive
17478,United Kingdom,1272.8,2,516,636.4,2,2010-10-27 15:01:00,408,Dormant / Inactive
17479,United Kingdom,389.26,1,266,389.26,1,2010-03-17 09:26:00,633,Dormant / Inactive
17480,United Kingdom,882.23,2,581,441.12,2,2011-09-23 11:39:00,78,Occasional Active
17481,United Kingdom,1255.59,4,1061,313.9,4,2011-12-06 12:28:00,4,Steady Repeat
17482,United Kingdom,775.64,2,240,387.82,2,2010-08-09 15:33:00,487,Dormant / Inactive
17483,United Kingdom,591.73,4,265,147.93,4,2011-10-05 13:10:00,65,Steady Repeat
17484,United Kingdom,209.57,2,339,104.78,2,2010-05-12 15:41:00,576,Dormant / Inactive
17486,United Kingdom,396.87,1,191,396.87,1,2011-03-23 14:00:00,261,Dormant / Inactive
17487,United Kingdom,160.55,1,37,160.55,1,2009-12-11 15:06:00,728,Dormant / Inactive
17488,United Kingdom,336.5,1,136,336.5,1,2010-03-08 14:07:00,641,Dormant / Inactive
17489,United Kingdom,376.64,2,428,188.32,2,2011-10-12 08:56:00,59,Occasional Active
17490,United Kingdom,2750.5,9,1531,305.61,9,2011-12-09 09:08:00,1,High-Value Frequent
17491,United Kingdom,5653.67,17,3362,332.57,17,2011-12-08 16:18:00,1,High-Value Frequent
17492,United Kingdom,1122.42,3,450,374.14,3,2011-04-05 15:21:00,248,Dormant / Inactive
17493,United Kingdom,100.91,1,62,100.91,1,2010-11-19 16:57:00,385,Dormant / Inactive
17494,United Kingdom,54.7,1,26,54.7,1,2010-07-26 10:06:00,502,Dormant / Inactive
17495,United Kingdom,806.72,3,367,268.91,3,2011-12-02 12:08:00,8,Steady Repeat
17496,United Kingdom,1412.89,4,675,353.22,4,2010-12-16 08:39:00,359,Dormant / Inactive
17497,United Kingdom,287.25,2,59,143.62,2,2010-11-14 14:17:00,390,Dormant / Inactive
17498,United Kingdom,272.22,1,394,272.22,1,2011-09-25 12:25:00,76,Occasional Active
17499,United Kingdom,1341.39,2,1086,670.7,2,2011-02-23 09:14:00,290,Dormant / Inactive
17500,United Kingdom,1138.0,3,17,379.33,3,2011-11-22 14:25:00,17,Steady Repeat
17501,United Kingdom,288.6,2,160,144.3,2,2011-05-03 09:47:00,221,Dormant / Inactive
17502,United Kingdom,689.1,4,376,172.28,4,2011-11-30 13:13:00,9,Steady Repeat
17503,United Kingdom,558.96,2,486,279.48,2,2011-12-07 09:18:00,3,Occasional Active
17504,United Kingdom,9490.17,18,5420,527.23,18,2011-05-17 12:59:00,206,High-Value Lapsed
17505,United Kingdom,2435.48,5,1242,487.1,5,2011-07-01 12:50:00,162,High-Value Occasional
17506,United Kingdom,302.2,1,139,302.2,1,2011-09-25 11:39:00,76,Occasional Active
17507,United Kingdom,605.58,2,359,302.79,2,2011-03-23 11:48:00,262,Dormant / Inactive
17508,Greece,4579.23,8,2891,572.4,8,2011-03-04 08:10:00,281,High-Value Lapsed
17509,United Kingdom,6083.64,8,3512,760.46,8,2011-10-13 10:26:00,58,High-Value Frequent
17510,United Kingdom,514.56,2,422,257.28,2,2011-11-15 10:00:00,25,Occasional Active
17511,United Kingdom,172132.87,60,117174,2868.88,60,2011-12-07 10:12:00,3,High-Value Frequent
17512,United Kingdom,5467.82,18,5434,303.77,18,2011-11-11 12:11:00,29,High-Value Frequent
17513,United Kingdom,1158.8,3,440,386.27,3,2011-09-28 16:42:00,72,Steady Repeat
17514,United Kingdom,522.0,2,284,261.0,2,2011-08-03 15:45:00,128,Occasional Active
17515,United Kingdom,1602.51,9,527,178.06,9,2011-11-08 14:04:00,31,Steady Repeat
17516,United Kingdom,947.5,6,522,157.92,6,2011-11-24 16:51:00,15,Steady Repeat
17517,United Kingdom,153.94,1,102,153.94,1,2011-02-04 11:48:00,309,Dormant / Inactive
17518,United Kingdom,329.42,2,267,164.71,2,2010-10-10 12:40:00,426,Dormant / Inactive
17519,United Kingdom,4774.17,15,3230,318.28,15,2011-11-22 16:43:00,17,High-Value Frequent
17520,United Kingdom,546.81,1,365,546.81,1,2011-10-17 12:04:00,54,Occasional Active
17521,United Kingdom,1278.06,5,806,255.61,5,2011-11-10 11:22:00,30,Steady Repeat
17522,United Kingdom,1070.71,5,1034,214.14,5,2011-12-08 12:31:00,2,Steady Repeat
17523,United Kingdom,652.74,4,872,163.18,4,2011-11-28 13:20:00,11,Steady Repeat
17524,United Kingdom,539.14,3,362,179.71,3,2010-12-13 14:32:00,361,Dormant / Inactive
17525,United Kingdom,1161.9,3,338,387.3,3,2010-12-15 12:05:00,360,Dormant / Inactive
17526,United Kingdom,3939.24,12,1442,328.27,12,2011-12-05 11:05:00,5,High-Value Frequent
17527,United Kingdom,939.37,4,488,234.84,4,2011-10-17 12:32:00,54,Steady Repeat
17528,United Kingdom,3628.5,8,2138,453.56,8,2011-12-08 13:27:00,1,High-Value Frequent
17529,United Kingdom,1240.25,2,790,620.12,2,2010-04-08 17:51:00,610,Dormant / Inactive
17530,United Kingdom,2791.69,12,1741,232.64,12,2011-12-08 18:42:00,1,High-Value Frequent
17531,United Kingdom,1266.82,3,472,422.27,3,2011-06-02 19:17:00,190,Dormant / Inactive
17532,United Kingdom,65.34,1,30,65.34,1,2010-11-19 08:13:00,386,Dormant / Inactive
17533,United Kingdom,34.8,1,24,34.8,1,2010-10-01 09:14:00,435,Dormant / Inactive
17534,United Kingdom,1668.83,5,860,333.77,5,2011-10-17 12:47:00,54,Steady Repeat
17535,United Kingdom,164.4,1,136,164.4,1,2011-03-04 15:20:00,280,Dormant / Inactive
17536,United Kingdom,364.83,3,201,121.61,3,2011-06-15 13:23:00,177,Steady Repeat
17537,United Kingdom,887.67,2,699,443.84,2,2011-11-10 10:56:00,30,Occasional Active
17538,United Kingdom,98.42,1,134,98.42,1,2011-11-14 12:12:00,26,Occasional Active
17539,United Kingdom,1176.84,4,708,294.21,4,2010-04-01 12:07:00,618,Dormant / Inactive
17540,United Kingdom,1590.6,6,588,265.1,6,2011-11-15 11:56:00,25,Steady Repeat
17541,United Kingdom,119.86,1,44,119.86,1,2010-07-18 11:36:00,510,Dormant / Inactive
17542,United Kingdom,340.85,3,323,113.62,3,2011-03-15 11:45:00,270,Dormant / Inactive
17543,United Kingdom,120.05,1,62,120.05,1,2010-06-08 12:41:00,550,Dormant / Inactive
17544,United Kingdom,944.82,3,410,314.94,3,2010-11-14 15:08:00,390,Dormant / Inactive
17545,United Kingdom,1409.86,6,682,234.98,6,2011-10-27 14:04:00,43,Steady Repeat
17547,United Kingdom,727.85,2,223,363.92,2,2010-11-29 09:41:00,376,Dormant / Inactive
17548,United Kingdom,731.26,4,494,182.82,4,2011-04-20 12:01:00,234,Dormant / Inactive
17549,United Kingdom,148.86,2,210,74.43,2,2011-11-16 09:59:00,24,Occasional Active
17550,United Kingdom,2506.64,9,968,278.52,9,2011-05-26 14:09:00,197,High-Value Lapsed
17551,United Kingdom,290.34,1,142,290.34,1,2010-12-15 14:12:00,359,Dormant / Inactive
17552,United Kingdom,2786.77,12,1951,232.23,12,2011-10-10 17:00:00,60,High-Value Frequent
17553,United Kingdom,3757.6,4,2288,939.4,4,2011-08-02 10:00:00,130,High-Value Occasional
17554,United Kingdom,1952.45,5,1763,390.49,5,2011-12-08 14:15:00,1,Steady Repeat
17555,United Kingdom,1045.74,5,739,209.15,5,2011-11-20 12:22:00,20,Steady Repeat
17556,United Kingdom,300.67,2,184,150.34,2,2011-05-18 10:48:00,206,Dormant / Inactive
17557,United Kingdom,575.46,4,310,143.86,4,2011-11-25 12:57:00,14,Steady Repeat
17558,United Kingdom,259.17,1,54,259.17,1,2010-11-11 14:36:00,393,Dormant / Inactive
17559,United Kingdom,167.62,1,270,167.62,1,2010-07-15 12:02:00,513,Dormant / Inactive
17560,United Kingdom,1895.8,8,1588,236.98,8,2011-09-06 09:18:00,95,Steady Repeat
17561,United Kingdom,703.02,4,381,175.76,4,2011-11-20 12:53:00,19,Steady Repeat
17562,United Kingdom,1122.38,7,817,160.34,7,2011-11-25 14:21:00,14,Steady Repeat
17563,United Kingdom,392.38,2,256,196.19,2,2010-05-10 14:54:00,578,Dormant / Inactive
17564,United Kingdom,454.01,3,146,151.34,3,2011-11-15 13:27:00,24,Steady Repeat
17565,United Kingdom,131.83,1,67,131.83,1,2010-05-02 11:54:00,587,Dormant / Inactive
17566,United Kingdom,869.77,2,497,434.88,2,2011-12-01 19:54:00,8,Occasional Active
17567,United Kingdom,4838.08,9,2908,537.56,9,2011-12-02 15:48:00,7,High-Value Frequent
17568,United Kingdom,374.45,1,275,374.45,1,2010-03-16 16:45:00,633,Dormant / Inactive
17569,United Kingdom,344.14,1,159,344.14,1,2011-01-11 14:15:00,332,Dormant / Inactive
17570,United Kingdom,100.0,1,1,100.0,1,2010-11-23 11:56:00,382,Dormant / Inactive
17571,United Kingdom,1630.91,5,991,326.18,5,2011-10-20 15:57:00,50,Steady Repeat
17572,United Kingdom,652.21,10,327,65.22,10,2011-09-29 17:53:00,71,Steady Repeat
17573,United Kingdom,380.6,3,308,126.87,3,2011-11-10 13:01:00,29,Steady Repeat
17574,United Kingdom,185.65,1,77,185.65,1,2011-04-11 09:47:00,243,Dormant / Inactive
17575,United Kingdom,171.7,1,72,171.7,1,2010-02-10 13:48:00,667,Dormant / Inactive
17576,United Kingdom,8711.95,41,4583,212.49,41,2011-12-01 17:56:00,8,High-Value Frequent
17577,United Kingdom,348.75,2,179,174.38,2,2010-03-04 13:01:00,645,Dormant / Inactive
17578,United Kingdom,1047.33,7,529,149.62,7,2011-05-05 18:38:00,218,Dormant / Inactive
17579,United Kingdom,753.28,4,375,188.32,4,2011-12-05 12:28:00,5,Steady Repeat
17580,United Kingdom,541.02,5,223,108.2,5,2011-04-01 12:41:00,253,Dormant / Inactive
17581,United Kingdom,17951.17,43,9519,417.47,43,2011-12-09 12:21:00,1,High-Value Frequent
17582,United Kingdom,1446.95,5,603,289.39,5,2011-04-17 13:18:00,236,Dormant / Inactive
17583,United Kingdom,135.95,1,55,135.95,1,2010-05-28 14:24:00,560,Dormant / Inactive
17584,United Kingdom,5309.42,6,2464,884.9,6,2011-12-02 17:12:00,7,High-Value Frequent
17585,United Kingdom,2064.71,7,2510,294.96,7,2011-08-22 13:30:00,109,Steady Repeat
17586,United Kingdom,167.4,1,68,167.4,1,2010-03-30 13:12:00,619,Dormant / Inactive
17587,United Kingdom,176.71,1,67,176.71,1,2010-03-21 14:16:00,628,Dormant / Inactive
17588,United Kingdom,2939.55,7,1379,419.94,7,2011-08-31 13:37:00,100,High-Value Frequent
17589,United Kingdom,13837.94,18,8704,768.77,18,2011-10-10 16:58:00,60,High-Value Frequent
17590,United Kingdom,1468.02,3,822,489.34,3,2011-12-07 12:55:00,2,Steady Repeat
17591,United Kingdom,2339.32,8,1028,292.42,8,2011-09-27 13:42:00,73,High-Value Frequent
17592,United Kingdom,148.3,1,38,148.3,1,2009-12-01 10:49:00,739,Dormant / Inactive
17593,United Kingdom,8092.32,11,5595,735.67,11,2011-12-06 10:30:00,4,High-Value Frequent
17594,United Kingdom,2497.88,4,1368,624.47,4,2011-09-15 16:34:00,85,High-Value Occasional
17595,United Kingdom,386.69,2,228,193.34,2,2011-11-27 16:08:00,12,Occasional Active
17596,United Kingdom,4491.46,13,7010,345.5,13,2011-11-16 14:11:00,23,High-Value Frequent
17597,United Kingdom,3484.09,5,2215,696.82,5,2011-05-10 11:54:00,214,High-Value Lapsed
17598,United Kingdom,409.98,1,126,409.98,1,2010-11-23 17:43:00,381,Dormant / Inactive
17599,United Kingdom,52.05,1,11,52.05,1,2010-08-19 12:50:00,478,Dormant / Inactive
17600,United Kingdom,161.67,1,144,161.67,1,2011-11-22 09:43:00,18,Occasional Active
17601,United Kingdom,413.08,2,295,206.54,2,2011-04-14 18:02:00,239,Dormant / Inactive
17602,United Kingdom,7354.43,14,5880,525.32,14,2011-12-07 13:53:00,2,High-Value Frequent
17603,United Kingdom,1788.38,4,638,447.1,4,2011-09-22 14:18:00,78,Steady Repeat
17604,United Kingdom,942.38,6,614,157.06,6,2011-05-06 13:43:00,217,Dormant / Inactive
17605,United Kingdom,160.75,1,71,160.75,1,2010-04-28 14:45:00,590,Dormant / Inactive
17606,United Kingdom,87.3,1,42,87.3,1,2009-12-02 13:32:00,737,Dormant / Inactive
17607,United Kingdom,333.81,1,269,333.81,1,2010-11-28 13:11:00,376,Dormant / Inactive
17608,United Kingdom,488.06,4,528,122.02,4,2011-11-06 13:06:00,33,Steady Repeat
17609,United Kingdom,1887.9,11,1321,171.63,11,2011-10-30 12:28:00,41,Steady Repeat
17610,United Kingdom,1511.94,5,893,302.39,5,2010-06-17 16:34:00,540,Dormant / Inactive
17611,United Kingdom,8337.53,28,5341,297.77,28,2011-12-02 13:29:00,7,High-Value Frequent
17612,United Kingdom,5394.86,18,3521,299.71,18,2011-10-17 14:59:00,53,High-Value Frequent
17613,United Kingdom,4544.55,14,2490,324.61,14,2011-11-17 10:51:00,23,High-Value Frequent
17614,United Kingdom,386.32,1,235,386.32,1,2011-10-13 16:01:00,57,Occasional Active
17615,United Kingdom,721.8,6,378,120.3,6,2011-08-01 14:06:00,130,Steady Repeat
17616,United Kingdom,734.4,4,288,183.6,4,2011-06-19 10:11:00,174,Steady Repeat
17617,United Kingdom,385.19,1,249,385.19,1,2010-05-30 12:48:00,559,Dormant / Inactive
17618,United Kingdom,4001.64,11,1798,363.79,11,2011-12-04 11:50:00,6,High-Value Frequent
17619,United Kingdom,214.37,1,124,214.37,1,2011-01-31 14:18:00,312,Dormant / Inactive
17620,United Kingdom,81.44,1,60,81.44,1,2011-10-11 12:08:00,60,Occasional Active
17621,United Kingdom,3175.12,6,1110,529.19,6,2011-11-18 17:11:00,21,High-Value Frequent
17622,United Kingdom,1130.21,2,379,565.1,2,2010-04-21 12:36:00,598,Dormant / Inactive
17623,United Kingdom,2365.77,7,799,337.97,7,2011-11-07 11:32:00,33,High-Value Frequent
17624,United Kingdom,1568.63,4,958,392.16,4,2011-11-25 10:52:00,15,Steady Repeat
17625,United Kingdom,5978.9,8,3505,747.36,8,2011-11-21 13:36:00,18,High-Value Frequent
17626,United Kingdom,254.0,1,202,254.0,1,2010-04-16 12:15:00,603,Dormant / Inactive
17627,United Kingdom,296.36,1,676,296.36,1,2010-08-18 11:27:00,479,Dormant / Inactive
17628,United Kingdom,75.75,1,79,75.75,1,2011-09-19 15:21:00,81,Occasional Active
17629,United Kingdom,2455.52,10,1903,245.55,10,2011-12-04 10:56:00,6,High-Value Frequent
17630,United Kingdom,503.6,2,158,251.8,2,2011-06-23 11:58:00,170,Occasional Active
17631,United Kingdom,998.49,7,591,142.64,7,2011-12-08 09:47:00,2,Steady Repeat
17633,United Kingdom,2057.39,7,899,293.91,7,2011-11-08 13:25:00,31,Steady Repeat
17634,United Kingdom,2358.59,9,838,262.07,9,2011-11-03 13:09:00,36,High-Value Frequent
17635,United Kingdom,1265.58,3,770,421.86,3,2010-10-11 15:12:00,424,Dormant / Inactive
17636,United Kingdom,285.56,1,182,285.56,1,2011-11-20 14:40:00,19,Occasional Active
17637,United Kingdom,547.06,2,280,273.53,2,2011-11-08 12:51:00,31,Occasional Active
17638,United Kingdom,842.4,2,432,421.2,2,2010-03-02 14:32:00,647,Dormant / Inactive
17639,United Kingdom,615.17,6,576,102.53,6,2011-03-08 15:22:00,276,Dormant / Inactive
17640,United Kingdom,3168.94,6,1692,528.16,6,2011-09-14 09:13:00,87,High-Value Frequent
17642,United Kingdom,1824.49,5,1475,364.9,5,2011-08-12 09:11:00,120,Steady Repeat
17643,United Kingdom,439.7,2,226,219.85,2,2010-12-01 14:38:00,373,Dormant / Inactive
17644,United Kingdom,6028.6,20,3469,301.43,20,2011-12-08 13:43:00,1,High-Value Frequent
17646,United Kingdom,3898.79,12,1308,324.9,12,2011-05-04 13:17:00,219,High-Value Lapsed
17647,United Kingdom,331.66,3,82,110.55,3,2011-10-05 15:38:00,65,Steady Repeat
17648,United Kingdom,2216.37,5,954,443.27,5,2011-10-10 09:41:00,61,Steady Repeat
17649,United Kingdom,1578.89,3,723,526.3,3,2011-07-24 15:53:00,138,Steady Repeat
17650,United Kingdom,166.08,1,150,166.08,1,2011-11-18 14:52:00,21,Occasional Active
17651,United Kingdom,5703.52,16,4086,356.47,16,2011-11-28 10:29:00,12,High-Value Frequent
17652,United Kingdom,4867.72,12,2509,405.64,12,2011-11-14 12:55:00,25,High-Value Frequent
17653,United Kingdom,1207.56,4,1409,301.89,4,2011-11-03 12:46:00,37,Steady Repeat
17654,United Kingdom,117.55,1,41,117.55,1,2011-03-07 13:17:00,277,Dormant / Inactive
17655,United Kingdom,2976.38,9,1268,330.71,9,2011-11-29 11:34:00,11,High-Value Frequent
17656,United Kingdom,1674.69,5,1399,334.94,5,2011-09-27 13:04:00,73,Steady Repeat
17657,United Kingdom,126.0,1,60,126.0,1,2010-10-05 14:52:00,430,Dormant / Inactive
17658,United Kingdom,595.42,2,616,297.71,2,2011-11-14 12:07:00,26,Occasional Active
17659,United Kingdom,3586.99,14,1752,256.21,14,2011-11-22 13:29:00,17,High-Value Frequent
17660,United Kingdom,342.22,2,259,171.11,2,2011-07-21 13:37:00,141,Occasional Active
17662,United Kingdom,412.92,2,184,206.46,2,2010-02-16 09:38:00,662,Dormant / Inactive
17663,United Kingdom,5175.83,17,2297,304.46,17,2011-11-14 08:56:00,26,High-Value Frequent
17664,United Kingdom,1166.23,4,1058,291.56,4,2011-11-21 11:29:00,19,Steady Repeat
17665,United Kingdom,563.1,1,690,563.1,1,2010-08-03 13:12:00,493,Dormant / Inactive
17666,United Kingdom,2047.8,5,1552,409.56,5,2011-12-06 09:06:00,4,Steady Repeat
17667,United Kingdom,3950.7,9,2192,438.97,9,2011-10-04 14:32:00,66,High-Value Frequent
17668,United Kingdom,347.75,2,93,173.88,2,2011-12-08 13:25:00,1,Occasional Active
17669,United Kingdom,6142.35,10,3505,614.24,10,2011-10-28 08:53:00,43,High-Value Frequent
17670,United Kingdom,205.7,1,110,205.7,1,2011-04-26 09:12:00,228,Dormant / Inactive
17671,United Kingdom,2009.16,5,987,401.83,5,2011-11-24 12:21:00,16,Steady Repeat
17672,United Kingdom,5778.63,7,2758,825.52,7,2011-10-20 14:18:00,50,High-Value Frequent
17673,United Kingdom,4173.88,13,3284,321.07,13,2011-12-08 12:50:00,2,High-Value Frequent
17674,United Kingdom,551.04,2,672,275.52,2,2011-09-26 13:35:00,74,Occasional Active
17675,United Kingdom,37642.48,70,16180,537.75,70,2011-12-08 18:03:00,1,High-Value Frequent
17676,United Kingdom,2448.64,10,1764,244.86,10,2011-12-05 15:16:00,4,High-Value Frequent
17677,United Kingdom,35058.46,54,20921,649.23,54,2011-12-08 09:56:00,2,High-Value Frequent
17678,United Kingdom,599.76,2,368,299.88,2,2011-03-21 11:52:00,264,Dormant / Inactive
17679,United Kingdom,3577.61,7,1755,511.09,7,2011-10-18 07:43:00,53,High-Value Frequent
17680,United Kingdom,497.45,3,155,165.82,3,2011-11-16 12:42:00,24,Steady Repeat
17681,United Kingdom,731.2,5,450,146.24,5,2010-04-21 17:22:00,597,Dormant / Inactive
17682,United Kingdom,4065.28,11,2281,369.57,11,2011-11-29 15:59:00,10,High-Value Frequent
17683,United Kingdom,819.01,3,781,273.0,3,2010-11-19 10:11:00,386,Dormant / Inactive
17684,United Kingdom,239.41,1,145,239.41,1,2011-10-27 11:10:00,44,Occasional Active
17685,United Kingdom,5454.95,12,3474,454.58,12,2011-11-23 11:36:00,17,High-Value Frequent
17686,United Kingdom,8296.81,9,3583,921.87,9,2011-12-02 15:39:00,7,High-Value Frequent
17687,United Kingdom,432.68,1,210,432.68,1,2010-10-15 12:30:00,421,Dormant / Inactive
17688,United Kingdom,304.2,1,114,304.2,1,2010-11-11 10:41:00,394,Dormant / Inactive
17689,United Kingdom,317.08,2,300,158.54,2,2010-11-16 13:22:00,388,Dormant / Inactive
17690,United Kingdom,6963.8,20,2939,348.19,20,2011-11-09 15:17:00,30,High-Value Frequent
17691,United Kingdom,637.55,4,315,159.39,4,2010-12-16 17:20:00,358,Dormant / Inactive
17692,United Kingdom,2975.8,12,2338,247.98,12,2011-08-04 14:01:00,127,High-Value Frequent
17693,United Kingdom,200.47,1,231,200.47,1,2011-07-25 15:48:00,137,Occasional Active
17694,United Kingdom,1695.97,3,1493,565.32,3,2011-07-21 12:00:00,142,Steady Repeat
17695,United Kingdom,1746.04,5,1809,349.21,5,2011-07-31 10:40:00,132,Steady Repeat
17696,United Kingdom,7679.59,27,5891,284.43,27,2011-11-01 13:43:00,38,High-Value Frequent
17697,United Kingdom,338.95,1,93,338.95,1,2011-04-17 15:40:00,236,Dormant / Inactive
17698,United Kingdom,154.95,1,93,154.95,1,2011-03-24 11:34:00,261,Dormant / Inactive
17699,United Kingdom,442.0,2,208,221.0,2,2010-08-20 09:39:00,477,Dormant / Inactive
17700,United Kingdom,6679.97,14,3469,477.14,14,2011-11-23 11:51:00,17,High-Value Frequent
17701,United Kingdom,417.95,1,109,417.95,1,2011-04-01 12:25:00,253,Dormant / Inactive
17702,United Kingdom,3144.04,6,2153,524.01,6,2011-11-09 16:03:00,30,High-Value Frequent
17703,United Kingdom,1094.84,4,897,273.71,4,2011-11-04 15:51:00,35,Steady Repeat
17704,United Kingdom,885.19,2,343,442.6,2,2011-06-24 09:40:00,169,Occasional Active
17705,United Kingdom,2083.9,11,1301,189.45,11,2011-12-06 13:45:00,3,Steady Repeat
17706,United Kingdom,20272.15,31,7824,653.94,31,2011-12-05 13:34:00,4,High-Value Frequent
17707,United Kingdom,609.3,8,546,76.16,8,2011-06-07 15:03:00,185,Dormant / Inactive
17708,United Kingdom,884.18,4,387,221.04,4,2011-06-05 10:12:00,188,Dormant / Inactive
17709,United Kingdom,671.01,5,295,134.2,5,2011-06-23 11:55:00,170,Steady Repeat
17710,United Kingdom,293.5,1,158,293.5,1,2010-10-12 07:49:00,424,Dormant / Inactive
17711,United Kingdom,385.1,2,246,192.55,2,2011-11-29 11:40:00,11,Occasional Active
17712,United Kingdom,522.91,1,215,522.91,1,2011-10-26 12:28:00,45,Occasional Active
17713,United Kingdom,1198.09,4,989,299.52,4,2010-11-22 16:50:00,382,Dormant / Inactive
17714,United Kingdom,1410.18,5,608,282.04,5,2011-01-23 10:32:00,321,Dormant / Inactive
17715,United Kingdom,489.6,2,576,244.8,2,2011-05-23 12:32:00,201,Dormant / Inactive
17716,United Kingdom,15956.97,24,8819,664.87,24,2011-11-17 12:00:00,23,High-Value Frequent
17717,United Kingdom,376.92,1,344,376.92,1,2010-10-14 12:54:00,421,Dormant / Inactive
17718,United Kingdom,439.18,2,274,219.59,2,2011-04-21 13:39:00,232,Dormant / Inactive
17719,United Kingdom,5396.04,15,2466,359.74,15,2011-11-02 10:36:00,38,High-Value Frequent
17720,United Kingdom,2666.91,10,1589,266.69,10,2011-11-13 15:04:00,26,High-Value Frequent
17721,United Kingdom,307.21,1,107,307.21,1,2010-02-18 15:18:00,659,Dormant / Inactive
17722,United Kingdom,3520.22,5,2412,704.04,5,2011-09-04 15:22:00,96,High-Value Occasional
17723,United Kingdom,3378.4,7,912,482.63,7,2011-08-04 18:37:00,127,High-Value Frequent
17724,United Kingdom,1033.0,3,300,344.33,3,2011-09-29 15:26:00,71,Steady Repeat
17725,United Kingdom,3439.08,11,2162,312.64,11,2011-11-23 16:34:00,16,High-Value Frequent
17726,United Kingdom,1092.06,7,444,156.01,7,2010-11-09 13:37:00,395,Dormant / Inactive
17727,United Kingdom,1060.25,1,645,1060.25,1,2011-11-24 17:06:00,15,Occasional Active
17728,United Kingdom,4238.76,5,2146,847.75,5,2011-12-06 08:52:00,4,High-Value Occasional
17729,United Kingdom,438.65,1,247,438.65,1,2010-04-22 15:03:00,596,Dormant / Inactive
17730,United Kingdom,7773.8,20,5300,388.69,20,2011-12-06 15:43:00,3,High-Value Frequent
17731,United Kingdom,1708.99,6,707,284.83,6,2011-09-21 15:02:00,79,Steady Repeat
17732,United Kingdom,2166.42,8,1058,270.8,8,2010-12-02 09:29:00,373,Dormant / Inactive
17733,United Kingdom,692.19,2,463,346.1,2,2011-11-01 08:16:00,39,Occasional Active
17734,United Kingdom,1442.32,6,741,240.39,6,2011-10-17 12:33:00,54,Steady Repeat
17735,United Kingdom,16790.33,26,10683,645.78,26,2011-12-07 16:47:00,2,High-Value Frequent
17736,United Kingdom,377.44,3,238,125.81,3,2011-11-30 15:36:00,9,Steady Repeat
17737,United Kingdom,168.24,2,108,84.12,2,2011-11-30 15:16:00,9,Occasional Active
17738,United Kingdom,4183.56,13,2776,321.81,13,2011-11-20 15:05:00,19,High-Value Frequent
17739,United Kingdom,7730.59,18,2335,429.48,18,2011-11-28 09:12:00,12,High-Value Frequent
17740,United Kingdom,426.9,6,222,71.15,6,2010-11-15 16:33:00,389,Dormant / Inactive
17741,United Kingdom,101.1,2,114,50.55,2,2010-10-29 11:59:00,407,Dormant / Inactive
17742,United Kingdom,2098.48,11,653,190.77,11,2011-08-18 15:28:00,113,Steady Repeat
17743,United Kingdom,229.2,1,96,229.2,1,2010-09-17 14:54:00,448,Dormant / Inactive
17744,United Kingdom,2649.14,7,3826,378.45,7,2011-12-06 12:11:00,4,High-Value Frequent
17745,United Kingdom,600.34,2,164,300.17,2,2010-08-19 12:30:00,478,Dormant / Inactive
17746,United Kingdom,904.18,4,688,226.04,4,2011-04-13 14:31:00,240,Dormant / Inactive
17747,United Kingdom,71.4,1,12,71.4,1,2011-08-19 08:13:00,113,Occasional Active
17748,United Kingdom,358.15,1,111,358.15,1,2010-06-30 13:49:00,527,Dormant / Inactive
17749,United Kingdom,1026.18,3,446,342.06,3,2011-06-14 15:45:00,178,Steady Repeat
17750,United Kingdom,1710.45,9,3747,190.05,9,2011-12-04 14:09:00,5,Steady Repeat
17751,United Kingdom,157.86,1,147,157.86,1,2010-10-14 13:57:00,421,Dormant / Inactive
17752,United Kingdom,80.64,1,192,80.64,1,2010-12-15 16:19:00,359,Dormant / Inactive
17753,United Kingdom,382.06,4,124,95.52,4,2010-09-01 15:49:00,464,Dormant / Inactive
17754,United Kingdom,4451.22,13,4366,342.4,13,2011-12-09 11:20:00,1,High-Value Frequent
17756,United Kingdom,728.75,3,399,242.92,3,2010-11-29 12:20:00,376,Dormant / Inactive
17757,United Kingdom,9074.05,56,5011,162.04,56,2011-12-08 15:31:00,1,High-Value Frequent
17758,United Kingdom,4964.03,12,3199,413.67,12,2011-11-20 14:45:00,19,High-Value Frequent
17759,United Kingdom,1261.88,5,965,252.38,5,2011-11-22 16:02:00,17,Steady Repeat
17760,United Kingdom,746.39,6,531,124.4,6,2011-11-18 10:56:00,22,Steady Repeat
17761,United Kingdom,712.78,1,398,712.78,1,2011-11-07 10:23:00,33,Occasional Active
17762,United Kingdom,129.75,1,129,129.75,1,2010-09-09 17:40:00,456,Dormant / Inactive
17763,United Kingdom,86.15,4,41,21.54,4,2011-03-21 14:25:00,263,Dormant / Inactive
17764,United Kingdom,1513.57,5,674,302.71,5,2011-10-20 11:03:00,51,Steady Repeat
17765,United Kingdom,524.0,4,195,131.0,4,2011-07-04 12:41:00,159,Steady Repeat
17766,United Kingdom,299.61,2,155,149.8,2,2010-11-23 14:29:00,381,Dormant / Inactive
17767,United Kingdom,413.05,2,198,206.52,2,2011-11-24 14:42:00,15,Occasional Active
17768,United Kingdom,3292.73,7,2339,470.39,7,2011-12-01 13:22:00,8,High-Value Frequent
17769,United Kingdom,7053.38,17,3157,414.9,17,2011-11-27 11:18:00,13,High-Value Frequent
17770,United Kingdom,1143.27,5,365,228.65,5,2011-05-25 12:34:00,199,Dormant / Inactive
17771,United Kingdom,387.41,4,373,96.85,4,2011-10-14 11:43:00,57,Steady Repeat
17772,United Kingdom,360.75,3,113,120.25,3,2011-11-29 11:05:00,11,Steady Repeat
17773,United Kingdom,575.37,2,254,287.68,2,2010-07-13 14:07:00,514,Dormant / Inactive
17774,United Kingdom,3273.83,9,1585,363.76,9,2011-09-04 12:49:00,97,High-Value Frequent
17775,United Kingdom,56.4,1,72,56.4,1,2011-03-30 10:50:00,255,Dormant / Inactive
17776,United Kingdom,330.56,2,273,165.28,2,2010-11-18 12:14:00,387,Dormant / Inactive
17777,United Kingdom,647.56,3,501,215.85,3,2011-11-15 12:02:00,25,Steady Repeat
17778,United Kingdom,197.7,1,214,197.7,1,2010-02-16 12:44:00,662,Dormant / Inactive
17779,United Kingdom,650.32,3,396,216.77,3,2011-11-18 14:15:00,21,Steady Repeat
17780,United Kingdom,346.56,3,156,115.52,3,2010-02-10 13:43:00,667,Dormant / Inactive
17781,United Kingdom,188.02,2,34,94.01,2,2011-07-03 16:00:00,159,Occasional Active
17782,United Kingdom,679.02,2,538,339.51,2,2010-11-22 11:15:00,383,Dormant / Inactive
17783,United Kingdom,376.96,3,438,125.65,3,2011-09-28 16:07:00,72,Steady Repeat
17784,United Kingdom,112.86,1,72,112.86,1,2010-06-07 16:08:00,550,Dormant / Inactive
17785,United Kingdom,403.38,3,227,134.46,3,2011-10-17 13:43:00,53,Steady Repeat
17786,United Kingdom,266.85,2,195,133.43,2,2011-09-15 12:51:00,85,Occasional Active
17787,United Kingdom,1817.54,4,896,454.38,4,2011-07-10 11:24:00,153,Steady Repeat
17788,United Kingdom,1117.9,2,211,558.95,2,2011-09-27 10:09:00,74,Occasional Active
17789,United Kingdom,397.15,2,199,198.58,2,2011-03-03 13:14:00,281,Dormant / Inactive
17790,United Kingdom,2779.41,20,1387,138.97,20,2011-11-13 11:30:00,27,High-Value Frequent
17791,United Kingdom,106.1,1,46,106.1,1,2011-11-10 12:09:00,30,Occasional Active
17792,United Kingdom,368.35,2,149,184.18,2,2010-08-29 14:30:00,467,Dormant / Inactive
17793,United Kingdom,300.34,1,226,300.34,1,2011-11-14 14:24:00,25,Occasional Active
17794,United Kingdom,147.3,2,46,73.65,2,2010-01-22 10:18:00,687,Dormant / Inactive
17795,United Kingdom,342.83,2,305,171.42,2,2011-06-13 12:36:00,180,Occasional Active
17796,United Kingdom,1236.39,7,347,176.63,7,2011-10-30 15:38:00,40,Steady Repeat
17797,United Kingdom,1971.87,8,1086,246.48,8,2011-11-17 13:21:00,22,Steady Repeat
17798,United Kingdom,178.07,1,138,178.07,1,2010-05-07 11:42:00,582,Dormant / Inactive
17799,United Kingdom,6246.93,20,3674,312.35,20,2011-11-17 15:16:00,22,High-Value Frequent
17800,United Kingdom,1187.21,9,732,131.91,9,2011-11-02 12:57:00,37,Steady Repeat
17801,United Kingdom,770.03,3,820,256.68,3,2010-09-14 14:32:00,451,Dormant / Inactive
17802,United Kingdom,4946.22,10,2705,494.62,10,2011-09-18 14:56:00,82,High-Value Frequent
17803,United Kingdom,184.66,1,98,184.66,1,2010-11-12 13:53:00,392,Dormant / Inactive
17804,United Kingdom,383.78,3,194,127.93,3,2010-11-28 14:01:00,376,Dormant / Inactive
17805,United Kingdom,927.03,2,1126,463.52,2,2011-09-27 11:49:00,74,Occasional Active
17806,United Kingdom,546.04,1,727,546.04,1,2011-11-28 14:12:00,11,Occasional Active
17807,United Kingdom,437.87,3,262,145.96,3,2010-11-09 16:21:00,395,Dormant / Inactive
17808,United Kingdom,262.64,4,143,65.66,4,2010-06-09 10:44:00,549,Dormant / Inactive
17809,United Kingdom,10085.89,20,2995,504.29,20,2011-11-23 12:59:00,16,High-Value Frequent
17810,United Kingdom,373.16,2,118,186.58,2,2010-02-09 10:47:00,669,Dormant / Inactive
17811,United Kingdom,9519.8,47,5278,202.55,47,2011-12-05 13:46:00,4,High-Value Frequent
17812,United Kingdom,911.99,7,444,130.28,7,2011-11-27 11:47:00,13,Steady Repeat
17813,United Kingdom,1698.07,5,752,339.61,5,2011-11-25 16:13:00,14,Steady Repeat
17814,United Kingdom,1609.37,2,1435,804.68,2,2010-11-29 14:21:00,375,Dormant / Inactive
17815,United Kingdom,591.96,1,612,591.96,1,2010-11-11 14:39:00,393,Dormant / Inactive
17816,United Kingdom,96.11,6,80,16.02,6,2011-11-03 11:34:00,37,Steady Repeat
17817,United Kingdom,788.15,6,353,131.36,6,2011-12-05 14:39:00,4,Steady Repeat
17818,United Kingdom,124.78,1,86,124.78,1,2009-12-02 11:34:00,738,Dormant / Inactive
17819,United Kingdom,6021.05,12,1610,501.75,12,2011-09-29 10:52:00,72,High-Value Frequent
17820,United Kingdom,180.61,1,111,180.61,1,2010-11-30 17:43:00,374,Dormant / Inactive
17821,United Kingdom,334.62,1,162,334.62,1,2010-10-29 13:20:00,406,Dormant / Inactive
17822,United Kingdom,2162.93,5,1375,432.59,5,2010-10-15 13:47:00,420,Dormant / Inactive
17823,United Kingdom,449.25,2,252,224.62,2,2010-10-14 16:24:00,421,Dormant / Inactive
17824,United Kingdom,298.4,1,408,298.4,1,2011-10-19 14:14:00,51,Occasional Active
17825,United Kingdom,701.96,4,516,175.49,4,2010-04-20 12:01:00,599,Dormant / Inactive
17826,United Kingdom,133.34,1,84,133.34,1,2010-11-30 13:23:00,374,Dormant / Inactive
17827,United Kingdom,2376.17,6,1582,396.03,6,2011-12-04 15:00:00,5,High-Value Frequent
17828,Malta,1820.09,4,667,455.02,4,2011-11-17 08:41:00,23,Steady Repeat
17829,United Arab Emirates,4756.74,5,3009,951.35,5,2011-02-14 12:46:00,299,High-Value Lapsed
17830,United Kingdom,398.7,3,92,132.9,3,2011-12-08 12:28:00,2,Steady Repeat
17831,United Kingdom,35.4,1,12,35.4,1,2011-11-06 15:09:00,33,Occasional Active
17832,United Kingdom,155.37,1,208,155.37,1,2011-10-21 11:43:00,50,Occasional Active
17833,United Kingdom,338.46,1,143,338.46,1,2009-12-16 13:40:00,723,Dormant / Inactive
17834,United Kingdom,689.67,2,639,344.84,2,2010-10-21 12:09:00,415,Dormant / Inactive
17835,United Kingdom,342.24,3,344,114.08,3,2011-12-07 11:48:00,3,Steady Repeat
17836,United Kingdom,110.21,1,88,110.21,1,2011-10-23 16:13:00,47,Occasional Active
17837,United Kingdom,1541.23,8,510,192.65,8,2011-10-28 16:13:00,42,Steady Repeat
17838,United Kingdom,5604.64,13,3491,431.13,13,2011-11-13 11:20:00,27,High-Value Frequent
17839,United Kingdom,318.15,1,257,318.15,1,2011-10-28 17:27:00,42,Occasional Active
17840,United Kingdom,175.9,1,128,175.9,1,2010-09-22 12:24:00,444,Dormant / Inactive
17841,United Kingdom,68545.25,211,36584,324.86,211,2011-12-08 12:07:00,2,High-Value Frequent
17842,United Kingdom,430.69,1,89,430.69,1,2010-04-16 14:23:00,602,Dormant / Inactive
17843,United Kingdom,320.4,2,251,160.2,2,2011-02-09 15:33:00,303,Dormant / Inactive
17844,Canada,51.56,1,52,51.56,1,2011-08-25 11:27:00,107,Occasional Active
17845,United Kingdom,596.09,4,195,149.02,4,2010-06-02 15:20:00,555,Dormant / Inactive
17846,United Kingdom,2033.1,1,1,2033.1,1,2011-09-15 15:20:00,85,Occasional Active
17847,United Kingdom,129.69,2,29,64.84,2,2010-07-12 10:00:00,516,Dormant / Inactive
17848,United Kingdom,3559.11,30,1404,118.64,30,2011-09-19 16:49:00,81,High-Value Frequent
17849,United Kingdom,1063.76,8,224,132.97,8,2011-05-05 13:46:00,218,Dormant / Inactive
17850,United Kingdom,51208.87,155,21052,330.38,155,2010-12-02 15:27:00,372,High-Value Lapsed
17851,United Kingdom,1552.35,6,933,258.72,6,2010-10-13 15:13:00,422,Dormant / Inactive
17852,United Kingdom,657.81,5,372,131.56,5,2011-11-28 12:36:00,12,Steady Repeat
17853,United Kingdom,1596.29,3,625,532.1,3,2010-10-28 15:29:00,407,Dormant / Inactive
17854,United Kingdom,1068.5,6,607,178.08,6,2011-06-07 16:21:00,185,Dormant / Inactive
17855,United Kingdom,208.97,1,197,208.97,1,2010-12-02 09:44:00,373,Dormant / Inactive
17856,United Kingdom,1418.03,4,842,354.51,4,2011-12-08 09:40:00,2,Steady Repeat
17857,United Kingdom,27347.04,24,19906,1139.46,24,2011-12-05 13:13:00,4,High-Value Frequent
17858,United Kingdom,12518.65,30,5383,417.29,30,2011-12-04 11:56:00,6,High-Value Frequent
17859,United Kingdom,141.92,1,102,141.92,1,2011-02-08 10:32:00,305,Dormant / Inactive
17860,United Kingdom,717.39,4,696,179.35,4,2010-12-06 12:41:00,369,Dormant / Inactive
17861,United Kingdom,5088.29,18,4541,282.68,18,2011-12-06 16:21:00,3,High-Value Frequent
17862,United Kingdom,1254.89,4,440,313.72,4,2011-01-20 12:23:00,324,Dormant / Inactive
17863,United Kingdom,5360.48,12,4676,446.71,12,2011-10-11 13:45:00,59,High-Value Frequent
17864,United Kingdom,876.57,5,1015,175.31,5,2011-11-27 11:15:00,13,Steady Repeat
17865,United Kingdom,26312.19,46,12950,572.0,46,2011-11-09 12:08:00,31,High-Value Frequent
17866,United Kingdom,1134.95,3,535,378.32,3,2011-07-20 11:07:00,143,Steady Repeat
17867,United Kingdom,1582.05,15,638,105.47,15,2011-11-09 14:15:00,30,Steady Repeat
17868,United Kingdom,227.15,1,85,227.15,1,2010-11-18 18:55:00,386,Dormant / Inactive
17869,United Kingdom,813.64,7,491,116.23,7,2011-08-24 16:16:00,107,Steady Repeat
17870,United Kingdom,2753.29,13,1699,211.79,13,2011-12-07 15:07:00,2,High-Value Frequent
17871,United Kingdom,1068.95,5,665,213.79,5,2011-05-19 11:32:00,205,Dormant / Inactive
17872,United Kingdom,235.87,1,176,235.87,1,2010-11-23 12:02:00,382,Dormant / Inactive
17873,United Kingdom,6265.33,18,4159,348.07,18,2011-09-20 16:41:00,80,High-Value Frequent
17874,United Kingdom,683.46,6,221,113.91,6,2011-06-07 12:54:00,185,Dormant / Inactive
17875,United Kingdom,167.1,1,98,167.1,1,2010-01-20 15:30:00,688,Dormant / Inactive
17876,United Kingdom,3424.02,3,1958,1141.34,3,2010-11-05 10:52:00,400,High-Value Lapsed
17877,United Kingdom,237.61,1,98,237.61,1,2011-06-22 13:00:00,170,Occasional Active
17878,United Kingdom,1378.93,3,1014,459.64,3,2011-10-27 11:24:00,44,Steady Repeat
17879,United Kingdom,178.52,1,45,178.52,1,2011-06-19 12:36:00,174,Occasional Active
17880,United Kingdom,824.92,3,466,274.97,3,2010-12-10 10:21:00,365,Dormant / Inactive
17881,United Kingdom,133.35,1,32,133.35,1,2011-02-08 17:16:00,304,Dormant / Inactive
17882,United Kingdom,291.56,2,130,145.78,2,2010-11-25 14:40:00,379,Dormant / Inactive
17883,United Kingdom,988.42,7,476,141.2,7,2011-12-06 17:49:00,3,Steady Repeat
17884,United Kingdom,2698.47,20,2749,134.92,20,2011-12-06 11:33:00,4,High-Value Frequent
17885,United Kingdom,156.34,1,110,156.34,1,2011-11-27 14:40:00,12,Occasional Active
17886,United Kingdom,1572.55,6,711,262.09,6,2011-11-08 10:09:00,32,Steady Repeat
17887,United Kingdom,111.35,1,30,111.35,1,2011-08-02 17:29:00,129,Occasional Active
17888,United Kingdom,1807.44,25,1536,72.3,25,2011-11-18 13:45:00,21,Steady Repeat
17889,United Kingdom,746.42,7,403,106.63,7,2011-05-11 16:26:00,212,Dormant / Inactive
17890,United Kingdom,586.89,2,402,293.44,2,2011-01-21 11:19:00,323,Dormant / Inactive
17891,United Kingdom,203.86,1,393,203.86,1,2011-06-30 20:08:00,162,Occasional Active
17892,United Kingdom,244.1,3,109,81.37,3,2011-10-14 16:49:00,56,Steady Repeat
17893,United Kingdom,107.21,1,149,107.21,1,2011-04-28 13:50:00,225,Dormant / Inactive
17894,United Kingdom,2304.58,18,938,128.03,18,2011-09-29 09:23:00,72,High-Value Frequent
17895,United Kingdom,95.45,1,127,95.45,1,2011-10-26 17:00:00,44,Occasional Active
17896,United Kingdom,256.32,1,288,256.32,1,2011-11-16 13:59:00,23,Occasional Active
17897,United Kingdom,2099.89,9,864,233.32,9,2011-06-20 11:23:00,173,Steady Repeat
17898,United Kingdom,299.18,4,251,74.8,4,2011-09-15 14:56:00,85,Steady Repeat
17899,United Kingdom,154.55,1,170,154.55,1,2011-07-03 14:58:00,159,Occasional Active
17900,United Kingdom,112.2,2,73,56.1,2,2011-06-02 14:38:00,190,Dormant / Inactive
17901,United Kingdom,260.08,3,38,86.69,3,2011-11-10 17:29:00,29,Steady Repeat
17902,United Kingdom,216.4,1,526,216.4,1,2010-06-11 12:25:00,547,Dormant / Inactive
17903,United Kingdom,381.09,1,142,381.09,1,2010-11-10 15:39:00,394,Dormant / Inactive
17904,United Kingdom,181.07,1,59,181.07,1,2011-11-18 12:57:00,21,Occasional Active
17905,United Kingdom,2178.87,13,1299,167.61,13,2011-09-29 17:33:00,71,Steady Repeat
17906,United Kingdom,72.9,1,26,72.9,1,2011-04-06 17:25:00,247,Dormant / Inactive
17907,United Kingdom,291.76,1,1046,291.76,1,2010-03-09 12:33:00,641,Dormant / Inactive
17908,United Kingdom,1142.47,5,670,228.49,5,2010-12-01 11:45:00,374,Dormant / Inactive
17909,United Kingdom,110.05,1,35,110.05,1,2009-12-02 13:10:00,737,Dormant / Inactive
17910,United Kingdom,261.7,1,121,261.7,1,2009-12-13 16:04:00,726,Dormant / Inactive
17911,United Kingdom,366.23,1,223,366.23,1,2011-11-30 14:52:00,9,Occasional Active
17912,United Kingdom,374.55,6,215,62.42,6,2011-02-02 14:25:00,310,Dormant / Inactive
17913,United Kingdom,3429.29,14,1725,244.95,14,2011-10-12 10:45:00,59,High-Value Frequent
17914,United Kingdom,329.36,1,457,329.36,1,2011-12-06 11:58:00,4,Occasional Active
17915,United Kingdom,225.78,1,184,225.78,1,2010-06-06 13:22:00,551,Dormant / Inactive
17916,United Kingdom,43.87,2,90,21.94,2,2010-03-21 12:26:00,629,Dormant / Inactive
17917,United Kingdom,335.03,3,184,111.68,3,2011-10-25 13:20:00,45,Steady Repeat
17918,United Kingdom,396.39,3,352,132.13,3,2010-07-27 11:51:00,501,Dormant / Inactive
17919,United Kingdom,1840.32,2,1452,920.16,2,2011-09-12 13:41:00,88,Occasional Active
17920,United Kingdom,23581.78,54,12265,436.7,54,2011-12-05 14:29:00,4,High-Value Frequent
17921,United Kingdom,2394.36,10,991,239.44,10,2011-10-06 18:56:00,64,High-Value Frequent
17922,United Kingdom,170.4,1,49,170.4,1,2010-06-14 16:32:00,543,Dormant / Inactive
17923,United Kingdom,497.0,3,140,165.67,3,2011-03-02 15:15:00,282,Dormant / Inactive
17924,United Kingdom,3257.7,8,1208,407.21,8,2011-11-28 09:11:00,12,High-Value Frequent
17925,United Kingdom,244.08,1,72,244.08,1,2010-12-02 10:10:00,373,Dormant / Inactive
17926,United Kingdom,1035.49,5,572,207.1,5,2011-07-29 14:39:00,133,Steady Repeat
17927,United Kingdom,294.0,1,108,294.0,1,2009-12-18 11:03:00,722,Dormant / Inactive
17928,United Kingdom,341.24,3,222,113.75,3,2011-10-25 13:52:00,45,Steady Repeat
17929,United Kingdom,3082.1,12,434,256.84,12,2011-11-28 16:01:00,11,High-Value Frequent
17930,United Kingdom,4275.22,13,3795,328.86,13,2011-11-04 10:23:00,36,High-Value Frequent
17931,United Kingdom,3402.24,14,1919,243.02,14,2011-07-28 18:33:00,134,High-Value Frequent
17932,United Kingdom,1331.57,3,789,443.86,3,2011-11-10 19:49:00,29,Steady Repeat
17933,United Kingdom,114.69,1,63,114.69,1,2010-03-17 15:11:00,632,Dormant / Inactive
17934,United Kingdom,1049.15,3,628,349.72,3,2011-10-19 11:16:00,52,Steady Repeat
17935,United Kingdom,686.14,7,244,98.02,7,2011-07-24 13:18:00,138,Steady Repeat
17936,United Kingdom,380.13,1,257,380.13,1,2011-12-04 13:32:00,5,Occasional Active
17937,United Kingdom,4301.22,7,1754,614.46,7,2011-12-01 11:45:00,9,High-Value Frequent
17938,United Kingdom,144.29,1,53,144.29,1,2010-10-15 14:27:00,420,Dormant / Inactive
17939,United Kingdom,99.14,1,40,99.14,1,2011-07-03 12:27:00,160,Occasional Active
17940,United Kingdom,30306.79,16,85148,1894.17,16,2011-10-21 13:27:00,49,High-Value Frequent
17941,United Kingdom,1433.28,4,1108,358.32,4,2011-08-01 08:30:00,131,Steady Repeat
17942,United Kingdom,77.5,1,38,77.5,1,2011-12-02 10:45:00,8,Occasional Active
17944,United Kingdom,74.99,1,84,74.99,1,2010-10-12 16:25:00,423,Dormant / Inactive
17945,United Kingdom,360.35,3,244,120.12,3,2010-01-12 11:40:00,697,Dormant / Inactive
17946,United Kingdom,149.58,2,75,74.79,2,2011-04-20 17:00:00,233,Dormant / Inactive
17947,United Kingdom,176.68,1,168,176.68,1,2011-11-02 13:05:00,37,Occasional Active
17948,United Kingdom,358.56,1,144,358.56,1,2011-07-15 12:58:00,147,Occasional Active
17949,United Kingdom,117314.08,118,60538,994.19,118,2011-12-08 18:46:00,1,High-Value Frequent
17950,United Kingdom,1166.29,7,659,166.61,7,2011-09-28 15:18:00,72,Steady Repeat
17951,United Kingdom,1340.58,4,780,335.14,4,2011-10-31 12:30:00,40,Steady Repeat
17952,United Kingdom,788.46,4,477,197.12,4,2010-11-26 13:54:00,378,Dormant / Inactive
17953,United Kingdom,159.17,1,98,159.17,1,2010-06-17 15:08:00,540,Dormant / Inactive
17954,United Kingdom,3804.38,19,3180,200.23,19,2011-12-04 14:15:00,5,High-Value Frequent
17955,United Kingdom,949.9,6,681,158.32,6,2011-05-25 12:00:00,199,Dormant / Inactive
17956,United Kingdom,12.75,1,1,12.75,1,2011-04-04 13:47:00,249,Dormant / Inactive
17957,United Kingdom,111.68,1,287,111.68,1,2011-10-04 14:58:00,66,Occasional Active
17958,United Kingdom,973.88,2,284,486.94,2,2011-08-15 12:19:00,117,Occasional Active
17959,United Kingdom,140.75,1,49,140.75,1,2010-04-26 14:12:00,592,Dormant / Inactive
17960,United Kingdom,135.08,3,60,45.03,3,2011-06-21 14:15:00,171,Steady Repeat
17961,United Kingdom,2866.74,100,1491,28.67,100,2011-11-18 16:55:00,21,High-Value Frequent
17962,United Kingdom,666.96,4,633,166.74,4,2011-07-20 14:16:00,142,Steady Repeat
17963,United Kingdom,643.16,4,341,160.79,4,2010-08-25 15:58:00,471,Dormant / Inactive
17964,United Kingdom,463.21,2,294,231.6,2,2011-11-08 10:44:00,32,Occasional Active
17965,United Kingdom,7006.65,29,4383,241.61,29,2011-11-02 09:31:00,38,High-Value Frequent
17966,United Kingdom,1963.92,10,3918,196.39,10,2011-11-02 10:26:00,38,Steady Repeat
17967,United Kingdom,223.42,2,111,111.71,2,2010-12-03 11:19:00,372,Dormant / Inactive
17968,United Kingdom,590.44,4,352,147.61,4,2010-12-01 12:23:00,374,Dormant / Inactive
17969,United Kingdom,2354.29,20,1014,117.71,20,2011-06-26 13:00:00,166,High-Value Frequent
17970,United Kingdom,562.79,1,513,562.79,1,2011-05-12 20:03:00,211,Dormant / Inactive
17971,United Kingdom,161.94,1,62,161.94,1,2010-06-09 14:04:00,548,Dormant / Inactive
17972,United Kingdom,135.19,1,36,135.19,1,2011-04-12 12:16:00,242,Dormant / Inactive
17973,United Kingdom,337.04,1,176,337.04,1,2011-10-19 10:34:00,52,Occasional Active
17974,United Kingdom,1739.09,6,1189,289.85,6,2011-11-15 11:37:00,25,Steady Repeat
17975,United Kingdom,6696.33,24,2179,279.01,24,2011-11-24 13:27:00,15,High-Value Frequent
17976,United Kingdom,321.79,1,93,321.79,1,2010-12-02 13:49:00,372,Dormant / Inactive
17977,United Kingdom,1511.45,2,1948,755.72,2,2011-11-10 13:28:00,29,Occasional Active
17978,United Kingdom,1159.99,4,1297,290.0,4,2010-12-09 14:05:00,365,Dormant / Inactive
17979,United Kingdom,732.41,4,383,183.1,4,2011-11-04 12:05:00,36,Steady Repeat
17980,United Kingdom,1012.72,4,771,253.18,4,2011-06-27 12:01:00,166,Steady Repeat
17981,United Kingdom,239.12,1,260,239.12,1,2010-10-25 10:40:00,411,Dormant / Inactive
17982,United Kingdom,138.18,1,117,138.18,1,2010-01-28 09:38:00,681,Dormant / Inactive
17983,United Kingdom,171.71,1,108,171.71,1,2010-11-09 13:24:00,395,Dormant / Inactive
17984,United Kingdom,1152.19,5,939,230.44,5,2011-07-17 15:59:00,145,Steady Repeat
17985,United Kingdom,631.35,1,171,631.35,1,2011-11-17 14:24:00,22,Occasional Active
17986,United Kingdom,20.8,1,10,20.8,1,2011-10-14 14:22:00,56,Occasional Active
17987,United Kingdom,965.44,5,981,193.09,5,2011-06-07 14:22:00,185,Dormant / Inactive
17988,United Kingdom,489.54,14,186,34.97,14,2011-11-28 11:00:00,12,Steady Repeat
17989,United Kingdom,207.33,1,300,207.33,1,2010-11-25 13:49:00,379,Dormant / Inactive
17990,United Kingdom,1527.61,6,777,254.6,6,2011-04-17 11:44:00,237,Dormant / Inactive
17991,United Kingdom,300.3,3,93,100.1,3,2011-04-28 15:58:00,225,Dormant / Inactive
17992,United Kingdom,252.88,1,130,252.88,1,2010-11-15 13:04:00,389,Dormant / Inactive
17993,United Kingdom,225.99,1,108,225.99,1,2010-04-01 14:23:00,617,Dormant / Inactive
17994,United Kingdom,2270.03,11,2181,206.37,11,2011-08-10 11:41:00,122,High-Value Frequent
17995,United Kingdom,495.48,3,263,165.16,3,2011-03-03 12:30:00,282,Dormant / Inactive
17996,United Kingdom,482.33,3,587,160.78,3,2010-11-25 11:00:00,380,Dormant / Inactive
17997,United Kingdom,1962.46,8,2273,245.31,8,2011-09-26 16:13:00,74,Steady Repeat
17998,United Kingdom,639.24,3,561,213.08,3,2010-11-24 15:31:00,380,Dormant / Inactive
17999,United Kingdom,528.46,3,286,176.15,3,2011-11-02 15:56:00,37,Steady Repeat
18000,United Kingdom,124.25,1,109,124.25,1,2010-05-24 17:34:00,564,Dormant / Inactive
18001,United Kingdom,924.14,6,874,154.02,6,2011-11-27 16:02:00,12,Steady Repeat
18002,United Kingdom,244.37,4,71,61.09,4,2010-11-29 10:57:00,376,Dormant / Inactive
18003,United Kingdom,353.51,1,297,353.51,1,2010-11-28 15:09:00,376,Dormant / Inactive
18004,United Kingdom,157.92,1,75,157.92,1,2010-12-12 13:47:00,362,Dormant / Inactive
18005,United Kingdom,226.47,2,86,113.24,2,2011-12-06 11:51:00,4,Occasional Active
18006,United Kingdom,969.51,4,395,242.38,4,2011-11-16 16:52:00,23,Steady Repeat
18007,United Kingdom,215.22,1,246,215.22,1,2010-11-12 11:08:00,393,Dormant / Inactive
18008,United Kingdom,19759.08,23,7825,859.09,23,2011-09-30 15:17:00,70,High-Value Frequent
18009,United Kingdom,2144.23,8,651,268.03,8,2011-04-18 13:36:00,235,Dormant / Inactive
18010,United Kingdom,174.8,1,60,174.8,1,2011-03-28 12:27:00,257,Dormant / Inactive
18011,United Kingdom,410.79,2,125,205.4,2,2010-12-01 17:35:00,373,Dormant / Inactive
18012,United Kingdom,115.3,1,63,115.3,1,2009-12-16 13:16:00,723,Dormant / Inactive
18013,United Kingdom,187.29,2,285,93.64,2,2011-07-07 14:11:00,155,Occasional Active
18014,United Kingdom,162.22,1,66,162.22,1,2011-11-11 15:28:00,28,Occasional Active
18015,United Kingdom,120.03,1,157,120.03,1,2011-12-05 14:49:00,4,Occasional Active
18016,United Kingdom,1954.56,7,1207,279.22,7,2011-11-07 13:25:00,32,Steady Repeat
18017,United Kingdom,688.0,4,400,172.0,4,2011-09-19 16:15:00,81,Steady Repeat
18018,United Kingdom,297.99,4,186,74.5,4,2011-08-23 17:37:00,108,Steady Repeat
18019,United Kingdom,38.45,1,7,38.45,1,2011-10-19 12:10:00,52,Occasional Active
18020,United Kingdom,190.48,1,67,190.48,1,2010-06-14 12:31:00,544,Dormant / Inactive
18021,United Kingdom,216.41,2,168,108.2,2,2010-07-18 10:52:00,510,Dormant / Inactive
18022,United Kingdom,1507.25,5,1311,301.45,5,2011-11-04 12:45:00,36,Steady Repeat
18024,United Kingdom,389.78,2,184,194.89,2,2011-07-10 12:40:00,153,Occasional Active
18025,United Kingdom,1177.72,6,1053,196.29,6,2010-11-25 12:37:00,380,Dormant / Inactive
18026,United Kingdom,2074.07,2,530,1037.04,2,2010-07-27 10:37:00,501,Dormant / Inactive
18027,United Kingdom,115.31,1,78,115.31,1,2011-09-02 10:38:00,99,Occasional Active
18028,United Kingdom,192.05,1,133,192.05,1,2010-05-05 13:28:00,583,Dormant / Inactive
18029,United Kingdom,433.77,1,253,433.77,1,2010-03-07 15:30:00,642,Dormant / Inactive
18030,United Kingdom,230.65,2,67,115.32,2,2011-12-05 16:37:00,4,Occasional Active
18031,United Kingdom,451.3,1,298,451.3,1,2010-11-26 11:00:00,379,Dormant / Inactive
18032,United Kingdom,73.5,1,42,73.5,1,2011-01-09 15:32:00,334,Dormant / Inactive
18033,United Kingdom,93.82,1,252,93.82,1,2011-10-05 17:28:00,65,Occasional Active
18034,United Kingdom,754.2,3,951,251.4,3,2011-11-18 12:22:00,22,Steady Repeat
18035,United Kingdom,1260.23,5,1134,252.05,5,2011-11-04 12:39:00,36,Steady Repeat
18036,United Kingdom,1545.49,11,741,140.5,11,2011-11-07 14:40:00,32,Steady Repeat
18037,United Kingdom,167.42,15,37,11.16,15,2011-07-08 13:39:00,154,Steady Repeat
18038,United Kingdom,141.48,1,80,141.48,1,2010-06-01 15:59:00,556,Dormant / Inactive
18039,United Kingdom,548.22,4,555,137.06,4,2010-11-30 13:07:00,374,Dormant / Inactive
18040,United Kingdom,357.2,2,148,178.6,2,2011-11-20 14:20:00,19,Occasional Active
18041,United Kingdom,8018.77,38,7316,211.02,38,2011-11-28 11:39:00,12,High-Value Frequent
18042,United Kingdom,281.15,2,69,140.57,2,2011-10-17 11:49:00,54,Occasional Active
18043,United Kingdom,529.29,3,265,176.43,3,2011-11-15 12:48:00,25,Steady Repeat
18044,United Kingdom,3505.61,18,1598,194.76,18,2011-12-05 14:26:00,4,High-Value Frequent
18045,United Kingdom,178.34,1,138,178.34,1,2011-10-25 13:07:00,45,Occasional Active
18046,United Kingdom,189.63,1,44,189.63,1,2010-02-28 11:36:00,650,Dormant / Inactive
18047,United Kingdom,326.09,2,130,163.04,2,2010-11-23 13:11:00,381,Dormant / Inactive
18048,United Kingdom,394.93,3,256,131.64,3,2011-05-20 14:58:00,203,Dormant / Inactive
18049,United Kingdom,500.92,2,402,250.46,2,2010-09-28 14:26:00,437,Dormant / Inactive
18050,United Kingdom,412.06,2,250,206.03,2,2010-12-15 14:25:00,359,Dormant / Inactive
18051,United Kingdom,2282.28,7,1661,326.04,7,2010-03-15 13:58:00,634,High-Value Lapsed
18052,United Kingdom,10877.18,1,17766,10877.18,1,2010-05-24 11:11:00,565,High-Value Lapsed
18053,United Kingdom,571.07,3,409,190.36,3,2011-09-30 09:05:00,71,Steady Repeat
18054,United Kingdom,176.5,1,96,176.5,1,2010-11-12 08:18:00,393,Dormant / Inactive
18055,United Kingdom,10142.64,14,3534,724.47,14,2011-12-02 14:25:00,7,High-Value Frequent
18056,United Kingdom,554.6,2,334,277.3,2,2011-02-24 14:27:00,288,Dormant / Inactive
18057,United Kingdom,1188.46,3,970,396.15,3,2010-11-11 16:55:00,393,Dormant / Inactive
18058,United Kingdom,774.06,3,394,258.02,3,2011-11-30 08:38:00,10,Steady Repeat
18059,United Kingdom,306.46,3,258,102.15,3,2011-11-16 16:49:00,23,Steady Repeat
18060,United Kingdom,1185.46,2,902,592.73,2,2010-10-27 16:41:00,408,Dormant / Inactive
18061,United Kingdom,6083.81,28,3359,217.28,28,2011-11-18 11:20:00,22,High-Value Frequent
18062,United Kingdom,1632.67,6,831,272.11,6,2011-06-19 14:47:00,173,Steady Repeat
18063,United Kingdom,186.6,2,48,93.3,2,2010-11-14 10:46:00,391,Dormant / Inactive
18064,United Kingdom,4481.83,11,2685,407.44,11,2011-07-29 16:39:00,133,High-Value Frequent
18065,United Kingdom,5866.63,29,2265,202.3,29,2011-12-04 10:30:00,6,High-Value Frequent
18066,United Kingdom,1440.4,3,535,480.13,3,2011-09-25 15:30:00,75,Steady Repeat
18067,United Kingdom,396.33,1,189,396.33,1,2011-10-30 15:58:00,40,Occasional Active
18068,United Kingdom,101.7,1,6,101.7,1,2011-02-23 14:50:00,289,Dormant / Inactive
18069,United Kingdom,4464.92,11,3168,405.9,11,2011-11-13 16:03:00,26,High-Value Frequent
18070,United Kingdom,314.1,1,86,314.1,1,2010-02-08 13:28:00,669,Dormant / Inactive
18071,United Kingdom,1169.68,6,678,194.95,6,2011-03-27 11:59:00,258,Dormant / Inactive
18072,United Kingdom,247.44,1,288,247.44,1,2011-06-07 10:44:00,186,Dormant / Inactive
18073,United Kingdom,3859.82,12,3102,321.65,12,2011-08-17 14:02:00,114,High-Value Frequent
18074,United Kingdom,1019.44,2,361,509.72,2,2010-12-01 09:53:00,374,Dormant / Inactive
18075,United Kingdom,5783.29,20,3281,289.16,20,2011-11-16 15:21:00,23,High-Value Frequent
18076,United Kingdom,151.49,1,164,151.49,1,2010-11-24 14:02:00,380,Dormant / Inactive
18077,United Kingdom,4078.79,18,3020,226.6,18,2011-12-01 13:32:00,8,High-Value Frequent
18078,United Kingdom,725.53,4,370,181.38,4,2011-05-06 14:32:00,217,Dormant / Inactive
18079,United Kingdom,4203.93,5,8730,840.79,5,2011-10-25 15:27:00,45,High-Value Occasional
18080,United Kingdom,1231.5,2,642,615.75,2,2011-11-21 08:02:00,19,Occasional Active
18081,United Kingdom,343.45,3,195,114.48,3,2011-11-03 16:30:00,36,Steady Repeat
18082,United Kingdom,680.84,1,608,680.84,1,2011-11-14 12:45:00,26,Occasional Active
18083,United Kingdom,463.53,1,268,463.53,1,2010-11-07 11:44:00,398,Dormant / Inactive
18084,United Kingdom,795.23,3,755,265.08,3,2011-11-23 13:57:00,16,Steady Repeat
18085,United Kingdom,1341.85,4,507,335.46,4,2011-01-13 15:17:00,330,Dormant / Inactive
18086,United Kingdom,101.34,1,106,101.34,1,2011-03-10 13:34:00,274,Dormant / Inactive
18087,United Kingdom,14761.52,17,7775,868.32,17,2011-09-02 15:12:00,98,High-Value Frequent
18088,United Kingdom,166.03,1,107,166.03,1,2011-10-09 13:41:00,61,Occasional Active
18089,United Kingdom,428.45,1,95,428.45,1,2010-09-19 11:57:00,447,Dormant / Inactive
18090,United Kingdom,321.9,1,307,321.9,1,2010-10-14 12:32:00,422,Dormant / Inactive
18091,United Kingdom,360.85,1,539,360.85,1,2010-04-25 13:18:00,593,Dormant / Inactive
18092,United Kingdom,14693.72,18,8298,816.32,18,2011-12-07 13:14:00,2,High-Value Frequent
18093,United Kingdom,4452.71,8,3429,556.59,8,2011-09-07 15:43:00,93,High-Value Frequent
18094,United Kingdom,6391.52,13,4164,491.66,13,2011-09-19 09:28:00,82,High-Value Frequent
18095,United Kingdom,2303.09,5,1623,460.62,5,2011-01-31 12:50:00,313,High-Value Lapsed
18096,United Kingdom,1657.87,6,1409,276.31,6,2011-11-28 12:44:00,12,Steady Repeat
18097,United Kingdom,4627.92,11,2716,420.72,11,2011-12-02 11:16:00,8,High-Value Frequent
18098,United Kingdom,527.94,1,215,527.94,1,2010-11-08 16:31:00,396,Dormant / Inactive
18099,United Kingdom,168.31,1,149,168.31,1,2011-08-04 15:52:00,127,Occasional Active
18100,United Kingdom,451.56,1,440,451.56,1,2010-06-07 14:19:00,550,Dormant / Inactive
18101,United Kingdom,622.01,5,247,124.4,5,2011-11-28 13:37:00,11,Steady Repeat
18102,United Kingdom,580987.04,145,181645,4006.81,145,2011-12-09 11:50:00,1,High-Value Frequent
18103,United Kingdom,105.8,1,23,105.8,1,2010-06-08 13:36:00,549,Dormant / Inactive
18104,United Kingdom,754.64,1,362,754.64,1,2011-11-02 14:07:00,37,Occasional Active
18105,United Kingdom,113.48,1,46,113.48,1,2011-11-02 12:04:00,38,Occasional Active
18106,United Kingdom,1441.06,6,506,240.18,6,2011-01-14 12:23:00,330,Dormant / Inactive
18107,United Kingdom,165.88,1,65,165.88,1,2010-09-23 13:03:00,442,Dormant / Inactive
18108,United Kingdom,848.81,3,261,282.94,3,2011-03-30 13:56:00,254,Dormant / Inactive
18109,United Kingdom,9555.71,38,4822,251.47,38,2011-12-08 11:36:00,2,High-Value Frequent
18110,United Kingdom,392.28,2,169,196.14,2,2011-11-20 12:34:00,20,Occasional Active
18111,United Kingdom,405.85,1,232,405.85,1,2010-04-29 12:58:00,589,Dormant / Inactive
18112,United Kingdom,773.36,4,443,193.34,4,2011-11-27 14:43:00,12,Steady Repeat
18113,United Kingdom,76.32,1,72,76.32,1,2010-12-06 12:31:00,369,Dormant / Inactive
18114,United Kingdom,220.1,1,55,220.1,1,2011-02-22 13:20:00,290,Dormant / Inactive
18115,United Kingdom,9.7,1,3,9.7,1,2010-01-11 11:57:00,698,Dormant / Inactive
18116,United Kingdom,2134.49,13,1267,164.19,13,2011-10-03 11:00:00,68,Steady Repeat
18117,United Kingdom,315.65,1,605,315.65,1,2011-11-14 12:47:00,26,Occasional Active
18118,United Kingdom,6221.02,29,3184,214.52,29,2011-11-29 11:32:00,11,High-Value Frequent
18119,United Kingdom,180.7,1,124,180.7,1,2010-12-07 11:59:00,368,Dormant / Inactive
18120,United Kingdom,111.15,1,31,111.15,1,2011-05-09 13:45:00,214,Dormant / Inactive
18121,United Kingdom,653.3,2,438,326.65,2,2011-07-13 12:53:00,149,Occasional Active
18122,United Kingdom,1793.06,6,1225,298.84,6,2011-12-01 13:08:00,8,Steady Repeat
18123,United Kingdom,666.64,3,616,222.21,3,2011-11-15 14:23:00,24,Steady Repeat
18124,United Kingdom,102.65,1,47,102.65,1,2010-08-24 17:21:00,472,Dormant / Inactive
18125,United Kingdom,1131.75,4,800,282.94,4,2011-11-10 12:29:00,30,Steady Repeat
18126,United Kingdom,200.92,1,135,200.92,1,2011-10-10 12:19:00,61,Occasional Active
18127,United Kingdom,556.13,4,250,139.03,4,2011-11-20 14:05:00,19,Steady Repeat
18128,United Kingdom,399.29,1,216,399.29,1,2010-06-20 13:19:00,537,Dormant / Inactive
18129,United Kingdom,112.55,1,48,112.55,1,2011-04-10 14:16:00,243,Dormant / Inactive
18130,United Kingdom,1059.39,3,824,353.13,3,2011-11-24 14:40:00,15,Steady Repeat
18131,United Kingdom,222.96,1,552,222.96,1,2010-03-18 08:48:00,632,Dormant / Inactive
18132,United Kingdom,220.13,1,212,220.13,1,2010-07-23 16:54:00,504,Dormant / Inactive
18133,United Kingdom,931.5,1,1350,931.5,1,2011-05-11 14:14:00,212,Dormant / Inactive
18134,United Kingdom,445.0,2,128,222.5,2,2010-04-20 14:02:00,598,Dormant / Inactive
18135,United Kingdom,1249.62,10,753,124.96,10,2011-11-10 19:32:00,29,Steady Repeat
18136,United Kingdom,1631.36,5,860,326.27,5,2011-10-07 15:40:00,63,Steady Repeat
18137,United Kingdom,145.99,2,59,73.0,2,2010-06-06 14:18:00,551,Dormant / Inactive
18138,United Kingdom,152.65,1,38,152.65,1,2011-02-17 14:51:00,295,Dormant / Inactive
18139,United Kingdom,8438.34,6,5557,1406.39,6,2011-11-22 10:44:00,18,High-Value Frequent
18140,West Indies,536.41,1,395,536.41,1,2010-08-23 11:58:00,474,Dormant / Inactive
18141,United Kingdom,882.47,2,433,441.24,2,2010-11-03 11:44:00,402,Dormant / Inactive
18142,United Kingdom,1019.52,2,1276,509.76,2,2011-07-05 13:19:00,157,Occasional Active
18143,United Kingdom,1000.16,2,570,500.08,2,2011-08-15 12:07:00,117,Occasional Active
18144,United Kingdom,4892.95,19,2144,257.52,19,2011-12-02 12:46:00,8,High-Value Frequent
18145,United Kingdom,5609.74,11,5104,509.98,11,2011-11-27 11:22:00,13,High-Value Frequent
18146,United Kingdom,160.35,2,153,80.18,2,2011-07-22 12:08:00,141,Occasional Active
18147,United Kingdom,179.34,2,203,89.67,2,2011-10-25 11:46:00,46,Occasional Active
18148,United Kingdom,112.85,1,63,112.85,1,2010-03-03 11:40:00,647,Dormant / Inactive
18149,United Kingdom,1553.96,7,869,221.99,7,2011-10-20 12:04:00,51,Steady Repeat
18150,United Kingdom,566.58,3,332,188.86,3,2011-11-07 16:49:00,32,Steady Repeat
18151,United Kingdom,1879.44,6,986,313.24,6,2011-07-28 11:35:00,135,Steady Repeat
18152,United Kingdom,426.69,1,75,426.69,1,2010-03-03 15:26:00,646,Dormant / Inactive
18153,United Kingdom,246.22,1,200,246.22,1,2010-02-18 15:50:00,659,Dormant / Inactive
18154,United Kingdom,932.6,5,626,186.52,5,2011-12-06 16:41:00,3,Steady Repeat
18155,United Kingdom,371.62,3,266,123.87,3,2011-09-25 13:32:00,75,Steady Repeat
18156,United Kingdom,675.64,2,283,337.82,2,2011-11-27 12:24:00,13,Occasional Active
18157,United Kingdom,213.9,1,145,213.9,1,2010-05-17 14:09:00,571,Dormant / Inactive
18158,United Kingdom,453.4,2,354,226.7,2,2011-11-30 16:19:00,9,Occasional Active
18159,United Kingdom,530.15,1,139,530.15,1,2011-02-11 14:26:00,301,Dormant / Inactive
18160,United Kingdom,1003.88,3,519,334.63,3,2011-10-13 15:50:00,57,Steady Repeat
18161,United Kingdom,1803.1,6,965,300.52,6,2011-11-24 16:40:00,15,Steady Repeat
18162,United Kingdom,371.51,1,332,371.51,1,2009-12-07 13:24:00,732,Dormant / Inactive
18163,United Kingdom,728.84,1,452,728.84,1,2010-05-04 14:51:00,584,Dormant / Inactive
18164,United Kingdom,399.65,1,184,399.65,1,2011-11-02 12:56:00,37,Occasional Active
18165,United Kingdom,302.46,1,254,302.46,1,2011-06-15 13:23:00,177,Occasional Active
18166,United Kingdom,175.5,1,90,175.5,1,2010-03-26 12:26:00,624,Dormant / Inactive
18167,United Kingdom,1384.86,3,382,461.62,3,2011-11-16 15:56:00,23,Steady Repeat
18168,United Kingdom,3435.5,16,1995,214.72,16,2011-06-16 19:21:00,176,High-Value Frequent
18169,United Kingdom,202.65,1,61,202.65,1,2011-10-10 12:18:00,61,Occasional Active
18170,United Kingdom,2878.0,9,1184,319.78,9,2011-11-06 14:35:00,33,High-Value Frequent
18171,United Kingdom,2437.31,9,991,270.81,9,2011-10-12 09:13:00,59,High-Value Frequent
18172,United Kingdom,17467.24,52,7407,335.91,52,2011-11-25 11:12:00,15,High-Value Frequent
18173,United Kingdom,2696.36,5,1730,539.27,5,2011-09-14 11:26:00,87,High-Value Occasional
18174,United Kingdom,162.5,2,80,81.25,2,2011-12-02 16:56:00,7,Occasional Active
18175,United Kingdom,176.1,1,70,176.1,1,2010-02-02 10:25:00,676,Dormant / Inactive
18176,United Kingdom,476.35,1,283,476.35,1,2010-12-16 15:45:00,358,Dormant / Inactive
18177,United Kingdom,2216.32,9,1238,246.26,9,2011-11-08 14:44:00,31,Steady Repeat
18178,United Kingdom,6103.74,11,3850,554.89,11,2011-08-03 09:30:00,129,High-Value Frequent
18179,United Kingdom,2547.55,8,1811,318.44,8,2011-11-30 16:23:00,9,High-Value Frequent
18180,United Kingdom,1843.75,6,1721,307.29,6,2011-12-05 08:39:00,5,Steady Repeat
18181,United Kingdom,1188.34,5,510,237.67,5,2011-11-15 15:08:00,24,Steady Repeat
18182,United Kingdom,291.13,1,167,291.13,1,2010-09-02 14:25:00,463,Dormant / Inactive
18183,United Kingdom,632.07,2,371,316.04,2,2011-04-26 15:26:00,227,Dormant / Inactive
18184,United Kingdom,49.8,1,60,49.8,1,2011-11-24 15:28:00,15,Occasional Active
18185,United Kingdom,304.25,1,183,304.25,1,2011-04-04 13:42:00,249,Dormant / Inactive
18186,United Kingdom,329.58,1,338,329.58,1,2009-12-17 10:22:00,723,Dormant / Inactive
18187,United Kingdom,724.89,1,310,724.89,1,2010-03-18 09:49:00,632,Dormant / Inactive
18188,United Kingdom,3280.59,6,1888,546.76,6,2011-11-24 16:46:00,15,High-Value Frequent
18189,United Kingdom,1403.73,3,836,467.91,3,2011-09-23 12:40:00,78,Steady Repeat
18190,United Kingdom,745.62,5,490,149.12,5,2011-05-31 14:48:00,192,Dormant / Inactive
18191,United Kingdom,529.4,2,332,264.7,2,2011-03-23 12:08:00,262,Dormant / Inactive
18192,United Kingdom,957.97,1,339,957.97,1,2011-09-29 09:53:00,72,Occasional Active
18193,United Kingdom,1207.35,3,926,402.45,3,2011-06-27 13:58:00,165,Steady Repeat
18194,United Kingdom,4162.04,6,1774,693.67,6,2011-09-18 13:29:00,82,High-Value Frequent
18195,United Kingdom,101.16,1,60,101.16,1,2010-11-17 15:03:00,387,Dormant / Inactive
18196,United Kingdom,1457.19,4,1038,364.3,4,2011-09-05 16:22:00,95,Steady Repeat
18197,United Kingdom,230.1,1,166,230.1,1,2010-05-13 10:46:00,576,Dormant / Inactive
18198,United Kingdom,5425.56,17,4074,319.15,17,2011-12-05 14:49:00,4,High-Value Frequent
18199,United Kingdom,344.75,1,99,344.75,1,2010-01-25 11:32:00,684,Dormant / Inactive
18200,United Kingdom,150.35,1,104,150.35,1,2011-08-25 18:45:00,106,Occasional Active
18201,United Kingdom,447.53,1,191,447.53,1,2009-12-17 08:55:00,723,Dormant / Inactive
18202,United Kingdom,1396.99,3,581,465.66,3,2011-05-24 12:12:00,200,Dormant / Inactive
18203,United Kingdom,492.52,4,111,123.13,4,2011-07-05 13:07:00,157,Steady Repeat
18204,United Kingdom,1975.35,3,1190,658.45,3,2011-09-29 16:44:00,71,Steady Repeat
18205,United Kingdom,517.36,2,192,258.68,2,2011-11-03 13:22:00,36,Occasional Active
18206,United Kingdom,314.66,1,246,314.66,1,2010-06-04 13:47:00,553,Dormant / Inactive
18207,United Kingdom,544.47,1,325,544.47,1,2010-07-28 14:26:00,499,Dormant / Inactive
18208,United Kingdom,360.08,1,82,360.08,1,2010-05-23 11:54:00,566,Dormant / Inactive
18209,United Kingdom,139.1,1,58,139.1,1,2011-11-11 12:07:00,29,Occasional Active
18210,United Kingdom,2768.83,7,1499,395.55,7,2011-12-08 11:02:00,2,High-Value Frequent
18211,United Kingdom,600.07,5,359,120.01,5,2011-11-14 08:10:00,26,Steady Repeat
18212,United Kingdom,514.37,2,158,257.18,2,2011-01-17 16:14:00,326,Dormant / Inactive
18213,United Kingdom,232.48,1,232,232.48,1,2011-04-17 10:21:00,237,Dormant / Inactive
18214,United Kingdom,1780.34,4,989,445.08,4,2010-06-27 11:21:00,531,Dormant / Inactive
18215,United Kingdom,2232.49,5,1131,446.5,5,2011-09-11 16:05:00,89,Steady Repeat
18216,United Kingdom,481.75,1,200,481.75,1,2011-11-08 16:55:00,31,Occasional Active
18217,United Kingdom,945.04,4,740,236.26,4,2011-11-10 13:18:00,29,Steady Repeat
18218,United Kingdom,1121.84,4,1028,280.46,4,2011-05-12 12:53:00,211,Dormant / Inactive
18219,United Kingdom,3352.7,17,1586,197.22,17,2011-12-07 11:43:00,3,High-Value Frequent
18220,United Kingdom,1921.76,6,1352,320.29,6,2011-04-27 09:03:00,227,Dormant / Inactive
18221,United Kingdom,1424.94,6,1000,237.49,6,2011-11-17 14:40:00,22,Steady Repeat
18222,United Kingdom,443.0,1,335,443.0,1,2011-09-08 10:45:00,93,Occasional Active
18223,United Kingdom,14000.85,26,6644,538.49,26,2011-12-05 09:11:00,5,High-Value Frequent
18224,United Kingdom,158.95,1,69,158.95,1,2011-03-21 10:30:00,264,Dormant / Inactive
18225,United Kingdom,13014.8,26,7282,500.57,26,2011-12-06 13:27:00,3,High-Value Frequent
18226,United Kingdom,11878.88,26,7883,456.88,26,2011-10-26 13:36:00,44,High-Value Frequent
18227,United Kingdom,388.75,2,22,194.38,2,2011-05-06 12:23:00,218,Dormant / Inactive
18228,United Kingdom,779.9,2,238,389.95,2,2011-10-14 09:21:00,57,Occasional Active
18229,United Kingdom,10150.51,28,3071,362.52,28,2011-11-28 09:48:00,12,High-Value Frequent
18230,United Kingdom,4291.06,9,1996,476.78,9,2011-11-30 13:22:00,9,High-Value Frequent
18231,United Kingdom,6854.17,28,2915,244.79,28,2011-05-31 14:18:00,192,High-Value Lapsed
18232,United Kingdom,592.97,4,302,148.24,4,2011-09-19 11:49:00,82,Steady Repeat
18233,United Kingdom,440.0,1,4,440.0,1,2011-01-18 08:44:00,326,Dormant / Inactive
18234,United Kingdom,179.6,1,80,179.6,1,2010-06-06 11:22:00,552,Dormant / Inactive
18235,United Kingdom,1796.48,3,1578,598.83,3,2011-09-29 08:27:00,72,Steady Repeat
18236,United Kingdom,1795.35,12,696,149.61,12,2011-11-10 08:06:00,30,Steady Repeat
18237,United Kingdom,987.1,5,622,197.42,5,2011-12-07 12:49:00,3,Steady Repeat
18238,United Kingdom,270.92,1,114,270.92,1,2010-07-12 12:51:00,515,Dormant / Inactive
18239,United Kingdom,1712.26,6,844,285.38,6,2011-05-05 12:38:00,219,Dormant / Inactive
18240,United Kingdom,422.58,1,126,422.58,1,2011-10-24 13:06:00,46,Occasional Active
18241,United Kingdom,2986.99,21,1471,142.24,21,2011-11-30 12:10:00,10,High-Value Frequent
18242,United Kingdom,3605.21,8,2021,450.65,8,2011-09-28 13:43:00,72,High-Value Frequent
18243,United Kingdom,515.78,1,221,515.78,1,2010-10-21 14:29:00,414,Dormant / Inactive
18244,United Kingdom,568.64,2,856,284.32,2,2010-10-05 11:15:00,431,Dormant / Inactive
18245,United Kingdom,6324.98,20,5098,316.25,20,2011-12-02 14:48:00,7,High-Value Frequent
18246,United Kingdom,758.82,3,214,252.94,3,2011-11-16 11:49:00,24,Steady Repeat
18247,United Kingdom,839.73,3,335,279.91,3,2010-10-21 09:49:00,415,Dormant / Inactive
18248,United Kingdom,804.02,2,511,402.01,2,2011-08-09 10:19:00,123,Occasional Active
18249,United Kingdom,95.34,1,128,95.34,1,2011-11-22 15:07:00,17,Occasional Active
18250,United Kingdom,349.27,1,199,349.27,1,2011-02-02 13:16:00,310,Dormant / Inactive
18251,United Kingdom,26278.86,9,39639,2919.87,9,2011-09-13 15:03:00,87,High-Value Frequent
18252,United Kingdom,1533.69,7,932,219.1,7,2011-10-20 12:43:00,51,Steady Repeat
18253,United Kingdom,317.88,1,128,317.88,1,2010-03-07 12:38:00,643,Dormant / Inactive
18254,United Kingdom,267.9,1,188,267.9,1,2010-05-07 14:37:00,581,Dormant / Inactive
18255,United Kingdom,303.15,2,201,151.57,2,2011-09-11 13:16:00,89,Occasional Active
18256,United Kingdom,110.7,1,180,110.7,1,2010-11-17 08:53:00,388,Dormant / Inactive
18257,United Kingdom,4600.15,12,2369,383.35,12,2011-10-31 14:48:00,39,High-Value Frequent
18258,United Kingdom,2059.67,6,1981,343.28,6,2010-09-01 14:20:00,464,Dormant / Inactive
18259,United Kingdom,3941.9,7,1274,563.13,7,2011-11-15 12:34:00,25,High-Value Frequent
18260,United Kingdom,9947.26,23,5244,432.49,23,2011-06-20 12:37:00,173,High-Value Frequent
18261,United Kingdom,324.24,2,146,162.12,2,2011-10-27 15:36:00,43,Occasional Active
18262,United Kingdom,577.54,3,552,192.51,3,2011-07-22 16:04:00,140,Steady Repeat
18263,United Kingdom,1213.16,3,1468,404.39,3,2011-11-14 09:00:00,26,Steady Repeat
18264,United Kingdom,603.25,1,241,603.25,1,2010-07-29 10:02:00,499,Dormant / Inactive
18265,United Kingdom,801.51,2,311,400.76,2,2011-09-28 14:10:00,72,Occasional Active
18266,United Kingdom,251.1,1,138,251.1,1,2010-10-01 15:33:00,434,Dormant / Inactive
18267,United Kingdom,269.37,1,135,269.37,1,2010-02-05 08:43:00,673,Dormant / Inactive
18268,United Kingdom,1490.23,6,711,248.37,6,2011-07-28 19:13:00,134,Steady Repeat
18269,United Kingdom,168.6,1,76,168.6,1,2010-12-08 13:53:00,366,Dormant / Inactive
18270,United Kingdom,444.55,3,209,148.18,3,2011-11-01 13:57:00,38,Steady Repeat
18271,United Kingdom,680.85,2,319,340.42,2,2010-04-09 09:26:00,610,Dormant / Inactive
18272,United Kingdom,4385.98,9,2880,487.33,9,2011-12-07 12:43:00,3,High-Value Frequent
18273,United Kingdom,357.0,4,140,89.25,4,2011-12-07 13:16:00,2,Steady Repeat
18274,United Kingdom,175.92,1,88,175.92,1,2011-11-09 17:03:00,30,Occasional Active
18275,United Kingdom,741.85,2,417,370.92,2,2010-05-10 15:46:00,578,Dormant / Inactive
18276,United Kingdom,1656.52,6,1246,276.09,6,2011-10-27 10:54:00,44,Steady Repeat
18277,United Kingdom,1180.05,5,449,236.01,5,2011-10-12 15:22:00,58,Steady Repeat
18278,United Kingdom,414.2,2,140,207.1,2,2011-09-27 11:58:00,74,Occasional Active
18279,United Kingdom,231.34,1,630,231.34,1,2010-07-08 14:48:00,519,Dormant / Inactive
18280,United Kingdom,488.15,2,194,244.08,2,2011-03-07 09:52:00,278,Dormant / Inactive
18281,United Kingdom,201.14,2,146,100.57,2,2011-06-12 10:53:00,181,Dormant / Inactive
18282,United Kingdom,178.05,2,103,89.02,2,2011-12-02 11:43:00,8,Occasional Active
18283,United Kingdom,2664.9,22,1679,121.13,22,2011-12-06 12:02:00,4,High-Value Frequent
18284,United Kingdom,461.68,1,494,461.68,1,2010-10-04 11:33:00,432,Dormant / Inactive
18285,United Kingdom,427.0,1,145,427.0,1,2010-02-17 10:24:00,661,Dormant / Inactive
18286,United Kingdom,1296.43,2,608,648.22,2,2010-08-20 11:57:00,477,Dormant / Inactive
18287,United Kingdom,4182.99,7,3013,597.57,7,2011-10-28 09:29:00,43,High-Value Frequent
