CustomerID,Country,TotalRevenue,TotalOrders,TotalUnits,AverageOrderValue,AverageRevenuePerOrder,AverageUnitsPerOrder,FirstPurchaseDate,LastPurchaseDate,CustomerLifetimeDays,RecencyDays,PurchaseFrequency
12346,United Kingdom,77556.46,12,74285,6463.04,6463.04,6190.42,2009-12-14 08:34:00,2011-01-18 10:01:00,400,326,12
12347,Iceland,4921.53,8,2967,615.19,615.19,370.88,2010-10-31 14:20:00,2011-12-07 15:52:00,402,2,8
12348,Finland,2019.4,5,2714,403.88,403.88,542.8,2010-09-27 14:59:00,2011-09-25 13:13:00,362,75,5
12349,Italy,4428.69,4,1624,1107.17,1107.17,406.0,2010-04-29 13:20:00,2011-11-21 09:51:00,570,19,4
12350,Norway,334.4,1,197,334.4,334.4,197.0,2011-02-02 16:01:00,2011-02-02 16:01:00,0,310,1
12351,Unspecified,300.93,1,261,300.93,300.93,261.0,2010-11-29 15:23:00,2010-11-29 15:23:00,0,375,1
12352,Norway,2849.84,10,724,284.98,284.98,72.4,2010-11-12 10:20:00,2011-11-03 14:37:00,356,36,10
12353,Bahrain,406.76,2,212,203.38,203.38,106.0,2010-10-27 12:44:00,2011-05-19 17:47:00,204,204,2
12354,Spain,1079.4,1,530,1079.4,1079.4,530.0,2011-04-21 13:11:00,2011-04-21 13:11:00,0,232,1
12355,Bahrain,947.61,2,543,473.8,473.8,271.5,2010-05-21 11:59:00,2011-05-09 13:49:00,353,214,2
12356,Portugal,6371.73,6,3416,1061.96,1061.96,569.33,2010-10-11 09:42:00,2011-11-17 08:40:00,401,23,6
12357,Switzerland,18287.66,3,6587,6095.89,6095.89,2195.67,2010-11-16 10:05:00,2011-11-06 16:07:00,355,33,3
12358,Austria,3887.07,5,1079,777.41,777.41,215.8,2009-12-08 07:59:00,2011-12-08 10:26:00,730,2,5
12359,Cyprus,8873.39,10,2739,887.34,887.34,273.9,2009-12-05 13:32:00,2011-10-13 12:47:00,676,58,10
12360,Austria,4252.89,8,2459,531.61,531.61,307.38,2010-02-22 09:32:00,2011-10-18 15:22:00,603,52,8
12361,Belgium,511.25,4,235,127.81,127.81,58.75,2010-01-26 14:37:00,2011-02-25 13:51:00,394,287,4
12362,Belgium,5356.23,11,2230,486.93,486.93,202.73,2009-12-01 10:10:00,2011-12-06 15:40:00,735,3,11
12363,Unspecified,552.0,2,408,276.0,276.0,204.0,2011-04-11 13:29:00,2011-08-22 10:18:00,132,110,2
12364,Belgium,1313.1,4,1506,328.28,328.28,376.5,2011-08-19 15:24:00,2011-12-02 10:22:00,104,8,4
12365,Cyprus,641.38,2,174,320.69,320.69,87.0,2011-02-21 13:51:00,2011-02-21 14:04:00,0,291,2
12366,Cyprus,500.24,1,296,500.24,500.24,296.0,2010-03-16 10:28:00,2010-03-16 10:28:00,0,634,1
12367,Denmark,168.9,1,173,168.9,168.9,173.0,2011-12-05 16:48:00,2011-12-05 16:48:00,0,4,1
12368,Cyprus,917.7,1,330,917.7,917.7,330.0,2010-03-21 15:56:00,2010-03-21 15:56:00,0,628,1
12369,Austria,1791.15,3,1241,597.05,597.05,413.67,2010-03-08 08:09:00,2010-10-22 13:13:00,228,413,3
12370,Cyprus,4316.56,7,2604,616.65,616.65,372.0,2010-02-09 09:41:00,2011-10-19 14:51:00,617,51,7
12371,Switzerland,4067.38,5,1436,813.48,813.48,287.2,2010-03-04 18:23:00,2011-10-26 10:16:00,600,45,5
12372,Denmark,1298.04,3,794,432.68,432.68,264.67,2011-02-16 12:46:00,2011-09-29 12:12:00,224,72,3
12373,Austria,1127.65,3,516,375.88,375.88,172.0,2010-02-04 12:08:00,2011-02-01 13:10:00,362,311,3
12374,Austria,2989.22,4,1362,747.3,747.3,340.5,2010-04-30 14:01:00,2011-11-14 15:37:00,563,25,4
12375,Finland,457.5,2,178,228.75,228.75,89.0,2011-09-02 14:23:00,2011-11-29 10:36:00,87,11,2
12376,Switzerland,503.15,2,240,251.58,251.58,120.0,2010-10-18 08:42:00,2010-11-15 12:15:00,28,390,2
12377,Switzerland,3426.32,4,2105,856.58,856.58,526.25,2010-04-29 15:34:00,2011-01-28 15:45:00,274,315,4
12378,Switzerland,5416.32,2,3316,2708.16,2708.16,1658.0,2010-05-26 14:07:00,2011-08-02 10:34:00,432,130,2
12379,Belgium,1620.22,4,815,405.06,405.06,203.75,2010-06-23 12:49:00,2011-09-19 10:09:00,452,82,4
12380,Belgium,9676.3,11,3355,879.66,879.66,305.0,2010-02-15 12:05:00,2011-11-18 11:27:00,640,22,11
12381,Norway,1845.31,5,808,369.06,369.06,161.6,2011-08-12 09:57:00,2011-12-05 12:44:00,115,5,5
12383,Belgium,1850.56,5,1532,370.11,370.11,306.4,2010-12-22 14:28:00,2011-06-08 08:02:00,167,185,5
12384,Switzerland,585.27,2,126,292.64,292.64,63.0,2011-08-10 11:23:00,2011-11-11 08:39:00,92,29,2
12385,Belgium,1938.4,1,612,1938.4,1938.4,612.0,2010-11-25 15:14:00,2010-11-25 15:14:00,0,379,1
12386,Australia,401.9,2,354,200.95,200.95,177.0,2010-12-08 09:53:00,2011-01-06 12:37:00,29,338,2
12387,Australia,143.94,1,134,143.94,143.94,134.0,2010-10-20 16:27:00,2010-10-20 16:27:00,0,415,1
12388,Australia,3901.11,8,2001,487.64,487.64,250.12,2010-05-06 12:54:00,2011-11-24 12:30:00,566,16,8
12389,Australia,1433.33,3,614,477.78,477.78,204.67,2010-02-22 10:15:00,2010-11-02 11:52:00,253,403,3
12390,Belgium,549.84,1,353,549.84,549.84,353.0,2011-09-21 09:33:00,2011-09-21 09:33:00,0,80,1
12391,Cyprus,2724.84,6,1204,454.14,454.14,200.67,2010-02-15 10:12:00,2011-11-18 12:07:00,641,22,6
12392,Australia,234.75,1,73,234.75,234.75,73.0,2010-04-27 14:04:00,2010-04-27 14:04:00,0,591,1
12393,Australia,2399.45,6,1311,399.91,399.91,218.5,2010-10-07 13:49:00,2011-09-28 15:41:00,356,72,6
12394,Belgium,1272.48,2,819,636.24,636.24,409.5,2011-05-06 14:01:00,2011-10-07 08:08:00,153,64,2
12395,Belgium,4721.17,15,3205,314.74,314.74,213.67,2010-04-16 10:16:00,2011-11-20 15:21:00,583,19,15
12396,RSA,931.43,1,591,931.43,931.43,591.0,2010-02-03 13:22:00,2010-02-03 13:22:00,0,674,1
12397,Belgium,2409.9,2,1263,1204.95,1204.95,631.5,2011-07-27 14:21:00,2011-11-04 09:52:00,99,36,2
12398,Switzerland,1635.66,1,1394,1635.66,1635.66,1394.0,2011-10-25 10:27:00,2011-10-25 10:27:00,0,46,1
12399,Belgium,1962.3,7,2198,280.33,280.33,314.0,2010-03-05 08:45:00,2011-08-12 13:15:00,525,119,7
12400,Australia,205.25,1,91,205.25,205.25,91.0,2010-10-21 13:45:00,2010-10-21 13:45:00,0,414,1
12401,Belgium,84.3,1,11,84.3,84.3,11.0,2011-02-09 13:50:00,2011-02-09 13:50:00,0,303,1
12402,Belgium,1256.9,6,584,209.48,209.48,97.33,2010-02-07 12:41:00,2011-01-20 13:49:00,347,323,6
12403,Denmark,1019.36,2,260,509.68,509.68,130.0,2010-07-06 11:39:00,2011-10-21 10:51:00,471,50,2
12404,Finland,63.24,1,1,63.24,63.24,1.0,2010-01-26 16:25:00,2010-01-26 16:25:00,0,682,1
12405,Finland,1710.39,1,857,1710.39,1710.39,857.0,2011-07-14 08:52:00,2011-07-14 08:52:00,0,149,1
12406,Denmark,6390.36,5,3416,1278.07,1278.07,683.2,2010-01-11 14:04:00,2011-11-17 19:22:00,675,22,5
12407,Belgium,1708.12,5,1416,341.62,341.62,283.2,2011-03-20 13:21:00,2011-10-21 10:11:00,214,50,5
12408,Belgium,4340.77,8,2229,542.6,542.6,278.62,2010-07-29 13:27:00,2011-11-07 12:27:00,465,33,8
12409,Switzerland,23419.29,7,13143,3345.61,3345.61,1877.57,2010-05-23 15:21:00,2011-09-22 10:38:00,486,79,7
12410,Switzerland,1013.71,3,341,337.9,337.9,113.67,2010-07-25 13:26:00,2011-02-04 10:39:00,193,309,3
12411,Australia,346.9,1,138,346.9,346.9,138.0,2010-10-26 09:25:00,2010-10-26 09:25:00,0,410,1
12412,Denmark,2596.93,6,1997,432.82,432.82,332.83,2010-06-18 13:22:00,2011-09-26 10:16:00,464,75,6
12413,France,999.45,4,319,249.86,249.86,79.75,2010-11-02 13:26:00,2011-10-04 09:00:00,335,67,4
12414,Austria,952.41,6,495,158.73,158.73,82.5,2010-09-02 12:22:00,2011-05-06 14:51:00,246,217,6
12415,Australia,144458.37,28,91447,5159.23,5159.23,3265.96,2010-06-30 08:30:00,2011-11-15 14:22:00,503,24,28
12416,Australia,202.56,1,132,202.56,202.56,132.0,2010-02-21 10:19:00,2010-02-21 10:19:00,0,657,1
12417,Belgium,6797.41,20,2884,339.87,339.87,144.2,2009-12-06 10:30:00,2011-12-06 14:52:00,730,3,20
12418,Switzerland,2021.2,4,1088,505.3,505.3,272.0,2010-03-19 14:47:00,2011-08-19 11:08:00,517,113,4
12419,Spain,503.01,2,231,251.5,251.5,115.5,2010-10-22 10:40:00,2010-11-19 10:04:00,27,386,2
12420,Cyprus,600.39,1,345,600.39,600.39,345.0,2011-10-07 08:55:00,2011-10-07 08:55:00,0,64,1
12421,Spain,1098.6,6,652,183.1,183.1,108.67,2010-07-22 13:57:00,2011-11-24 09:07:00,489,16,6
12422,Switzerland,5231.8,17,2596,307.75,307.75,152.71,2009-12-18 12:44:00,2011-09-05 09:48:00,625,96,17
12423,Belgium,2622.39,10,1793,262.24,262.24,179.3,2010-08-31 09:31:00,2011-12-09 10:10:00,465,1,10
12424,Australia,3340.03,4,2025,835.01,835.01,506.25,2010-06-09 15:15:00,2011-06-30 12:06:00,385,163,4
12425,Portugal,1741.41,2,1147,870.7,870.7,573.5,2010-09-17 14:10:00,2011-09-22 17:31:00,370,78,2
12426,Germany,1345.21,2,584,672.6,672.6,292.0,2010-02-15 08:41:00,2011-05-29 12:26:00,468,195,2
12427,Germany,825.8,3,533,275.27,275.27,177.67,2010-12-03 10:44:00,2011-11-18 08:56:00,349,22,3
12428,Finland,7956.46,9,3536,884.05,884.05,392.89,2011-03-01 09:33:00,2011-11-14 08:22:00,257,26,9
12429,Denmark,6204.41,8,2890,775.55,775.55,361.25,2010-06-11 13:28:00,2011-11-30 17:22:00,537,9,8
12430,Norway,256.4,1,117,256.4,256.4,117.0,2011-10-27 15:09:00,2011-10-27 15:09:00,0,43,1
12431,Australia,10432.22,27,4600,386.38,386.38,170.37,2010-01-15 09:04:00,2011-11-04 11:55:00,658,36,27
12432,Norway,5059.32,5,1801,1011.86,1011.86,360.2,2011-06-20 13:27:00,2011-10-28 11:43:00,129,43,5
12433,Norway,16794.14,10,13534,1679.41,1679.41,1353.4,2010-08-20 09:23:00,2011-12-09 10:02:00,476,1,10
12434,Australia,1103.43,3,532,367.81,367.81,177.33,2010-11-23 13:38:00,2011-09-16 12:38:00,296,85,3
12435,Denmark,13925.93,6,4958,2320.99,2320.99,826.33,2009-12-02 13:58:00,2011-09-21 09:06:00,657,80,6
12436,Norway,509.01,1,211,509.01,509.01,211.0,2011-09-01 12:09:00,2011-09-01 12:09:00,0,100,1
12437,France,12683.4,39,8000,325.22,325.22,205.13,2009-12-02 16:24:00,2011-12-08 11:35:00,735,2,39
12438,Norway,2906.85,2,1180,1453.42,1453.42,590.0,2011-07-22 13:29:00,2011-11-25 13:28:00,125,14,2
12439,Cyprus,1142.88,2,478,571.44,571.44,239.0,2009-12-14 08:40:00,2010-01-26 12:11:00,43,683,2
12440,Austria,859.2,2,331,429.6,429.6,165.5,2009-12-22 12:03:00,2010-09-03 13:11:00,255,462,2
12441,France,173.55,1,121,173.55,173.55,121.0,2010-12-08 10:45:00,2010-12-08 10:45:00,0,367,1
12442,Spain,172.06,1,182,172.06,172.06,182.0,2011-12-06 14:22:00,2011-12-06 14:22:00,0,3,1
12443,Norway,485.31,1,182,485.31,485.31,182.0,2009-12-07 15:42:00,2009-12-07 15:42:00,0,732,1
12444,Norway,5005.46,5,1153,1001.09,1001.09,230.6,2011-06-21 14:00:00,2011-11-18 13:23:00,149,21,5
12445,Spain,434.98,2,206,217.49,217.49,103.0,2010-10-15 12:28:00,2011-11-17 18:43:00,398,22,2
12446,RSA,1002.31,1,351,1002.31,1002.31,351.0,2011-10-13 12:50:00,2011-10-13 12:50:00,0,58,1
12447,Belgium,476.49,1,190,476.49,476.49,190.0,2011-04-10 13:25:00,2011-04-10 13:25:00,0,243,1
12448,Spain,449.45,1,243,449.45,449.45,243.0,2011-10-26 13:46:00,2011-10-26 13:46:00,0,44,1
12449,Belgium,4835.89,6,2282,805.98,805.98,380.33,2010-09-27 09:37:00,2011-11-17 13:46:00,416,22,6
12450,Spain,688.2,5,442,137.64,137.64,88.4,2010-08-22 13:11:00,2011-07-06 14:41:00,318,156,5
12451,Switzerland,12669.88,8,9359,1583.74,1583.74,1169.88,2010-06-28 12:58:00,2011-11-29 08:40:00,518,11,8
12452,Switzerland,430.57,2,185,215.28,215.28,92.5,2011-11-23 08:05:00,2011-11-23 10:28:00,0,17,2
12453,Austria,707.09,1,473,707.09,707.09,473.0,2011-07-28 14:08:00,2011-07-28 14:08:00,0,134,1
12454,Spain,16679.78,5,7703,3335.96,3335.96,1540.6,2010-10-14 17:33:00,2011-10-14 17:13:00,364,56,5
12455,Cyprus,5879.95,10,3302,588.0,588.0,330.2,2009-12-18 12:33:00,2011-09-27 15:31:00,648,73,10
12456,Switzerland,3181.04,3,1633,1060.35,1060.35,544.33,2011-03-30 09:12:00,2011-10-26 14:41:00,210,44,3
12457,Switzerland,2995.91,8,1094,374.49,374.49,136.75,2010-09-30 17:59:00,2011-10-04 13:13:00,368,66,8
12458,Switzerland,1777.49,4,986,444.37,444.37,246.5,2010-08-09 10:33:00,2011-09-29 15:25:00,416,71,4
12459,Spain,454.36,1,258,454.36,454.36,258.0,2010-04-13 14:53:00,2010-04-13 14:53:00,0,605,1
12460,Belgium,326.65,1,170,326.65,326.65,170.0,2010-09-09 13:51:00,2010-09-09 13:51:00,0,456,1
12461,Switzerland,826.88,2,287,413.44,413.44,143.5,2011-07-08 10:23:00,2011-09-06 16:57:00,60,94,2
12462,Spain,1189.59,2,536,594.79,594.79,268.0,2011-02-09 14:44:00,2011-11-21 09:11:00,284,19,2
12463,Belgium,1344.78,4,776,336.2,336.2,194.0,2011-04-12 12:47:00,2011-10-17 13:44:00,188,53,4
12464,Belgium,1212.05,8,112,151.51,151.51,14.0,2011-02-03 13:30:00,2011-11-29 13:33:00,299,10,8
12465,Belgium,742.19,2,479,371.1,371.1,239.5,2011-06-23 13:37:00,2011-11-22 16:34:00,152,17,2
12466,France,56.73,1,1,56.73,56.73,1.0,2010-01-26 16:26:00,2010-01-26 16:26:00,0,682,1
12467,USA,132.8,1,129,132.8,132.8,129.0,2010-10-12 15:41:00,2010-10-12 15:41:00,0,423,1
12468,Germany,3670.74,5,2201,734.15,734.15,440.2,2010-01-26 10:09:00,2011-06-05 11:36:00,495,188,5
12469,Thailand,3070.54,2,2552,1535.27,1535.27,1276.0,2010-06-21 10:30:00,2010-07-05 12:40:00,14,523,2
12470,Unspecified,211.95,1,95,211.95,211.95,95.0,2010-01-19 11:01:00,2010-01-19 11:01:00,0,690,1
12471,Germany,39918.19,79,16858,505.29,505.29,213.39,2009-12-07 10:41:00,2011-12-07 15:43:00,730,2,79
12472,Germany,16249.29,19,10378,855.23,855.23,546.21,2009-12-14 10:49:00,2011-11-07 14:01:00,693,32,19
12473,Germany,3928.05,5,2414,785.61,785.61,482.8,2011-06-01 10:15:00,2011-11-10 13:46:00,162,29,5
12474,Germany,12372.75,31,7940,399.12,399.12,256.13,2010-02-11 09:41:00,2011-11-22 14:39:00,649,17,31
12475,Germany,1149.64,2,771,574.82,574.82,385.5,2010-10-26 08:49:00,2011-10-17 10:10:00,356,54,2
12476,Germany,14083.91,23,5631,612.34,612.34,244.83,2010-07-26 09:04:00,2011-11-24 12:40:00,486,16,23
12477,Germany,20276.37,9,6119,2252.93,2252.93,679.89,2010-03-26 14:01:00,2011-11-17 09:51:00,600,23,9
12478,Greece,680.99,1,236,680.99,680.99,236.0,2011-12-06 09:56:00,2011-12-06 09:56:00,0,4,1
12479,Germany,527.2,1,385,527.2,527.2,385.0,2011-11-28 13:26:00,2011-11-28 13:26:00,0,11,1
12480,Germany,5464.85,7,2952,780.69,780.69,421.71,2010-07-20 13:21:00,2011-11-11 14:52:00,479,28,7
12481,Germany,12185.51,15,7158,812.37,812.37,477.2,2010-04-11 13:10:00,2011-11-17 08:29:00,584,23,15
12482,Sweden,23691.4,29,27042,816.94,816.94,932.48,2010-02-24 10:24:00,2010-05-12 16:51:00,77,576,29
12483,Sweden,5097.18,19,2160,268.27,268.27,113.68,2010-01-31 13:28:00,2011-11-22 17:02:00,660,17,19
12484,Spain,6354.1,12,3266,529.51,529.51,272.17,2010-01-27 16:41:00,2011-11-07 11:37:00,648,33,12
12485,Sweden,708.1,1,414,708.1,708.1,414.0,2010-06-28 15:22:00,2010-06-28 15:22:00,0,529,1
12486,Sweden,1037.28,1,523,1037.28,1037.28,523.0,2010-10-04 12:14:00,2010-10-04 12:14:00,0,432,1
12487,Sweden,285.3,1,174,285.3,285.3,174.0,2009-12-09 11:36:00,2009-12-09 11:36:00,0,731,1
12488,France,1298.66,3,529,432.89,432.89,176.33,2011-09-25 10:34:00,2011-11-30 08:50:00,65,10,3
12489,France,334.93,1,105,334.93,334.93,105.0,2011-01-07 13:13:00,2011-01-07 13:13:00,0,336,1
12490,France,9823.64,21,5906,467.79,467.79,281.24,2009-12-01 12:52:00,2011-12-04 16:07:00,733,5,21
12491,France,460.4,1,260,460.4,460.4,260.0,2011-11-01 12:18:00,2011-11-01 12:18:00,0,39,1
12492,Germany,715.21,3,444,238.4,238.4,148.0,2010-11-01 14:58:00,2011-10-07 15:15:00,340,63,3
12493,France,433.74,2,207,216.87,216.87,103.5,2011-05-26 14:53:00,2011-06-27 10:17:00,31,166,2
12494,France,1815.27,9,979,201.7,201.7,108.78,2010-05-12 13:52:00,2011-11-24 09:34:00,560,16,9
12495,Sweden,357.4,1,130,357.4,357.4,130.0,2010-03-09 10:53:00,2010-03-09 10:53:00,0,641,1
12496,Spain,45.34,2,30,22.67,22.67,15.0,2010-03-29 13:57:00,2010-03-29 14:06:00,0,620,2
12497,Germany,6248.5,3,5685,2082.83,2082.83,1895.0,2010-03-05 09:39:00,2011-09-19 12:29:00,563,82,3
12498,Germany,403.7,3,159,134.57,134.57,53.0,2011-10-13 09:30:00,2011-11-18 12:53:00,36,21,3
12499,Germany,393.72,1,302,393.72,393.72,302.0,2010-05-28 15:12:00,2010-05-28 15:12:00,0,560,1
12500,Germany,5955.21,19,3377,313.43,313.43,177.74,2010-02-04 15:05:00,2011-11-16 16:20:00,650,23,19
12501,Germany,2169.39,1,1783,2169.39,2169.39,1783.0,2011-01-07 12:28:00,2011-01-07 12:28:00,0,337,1
12502,Spain,3723.87,5,820,744.77,744.77,164.0,2011-02-03 10:41:00,2011-09-05 11:52:00,214,96,5
12503,Spain,1126.0,1,561,1126.0,1126.0,561.0,2010-05-04 13:59:00,2010-05-04 13:59:00,0,584,1
12504,Germany,779.05,4,458,194.76,194.76,114.5,2010-04-22 10:24:00,2011-11-21 16:02:00,578,18,4
12505,Italy,955.2,1,324,955.2,955.2,324.0,2010-10-27 09:18:00,2010-10-27 09:18:00,0,409,1
12506,France,73.5,1,23,73.5,73.5,23.0,2011-04-21 08:54:00,2011-04-21 08:54:00,0,233,1
12507,Spain,1844.06,4,1256,461.02,461.02,314.0,2010-05-04 09:23:00,2011-07-28 17:09:00,450,134,4
12508,France,397.88,2,271,198.94,198.94,135.5,2011-11-10 16:27:00,2011-11-13 15:37:00,2,26,2
12509,France,176.5,1,55,176.5,176.5,55.0,2011-02-28 14:45:00,2011-02-28 14:45:00,0,284,1
12510,Spain,5178.02,9,2049,575.34,575.34,227.67,2009-12-04 13:47:00,2011-07-20 10:15:00,592,143,9
12511,Greece,3084.02,1,1753,3084.02,3084.02,1753.0,2010-10-07 10:39:00,2010-10-07 10:39:00,0,429,1
12512,Israel,132.18,2,96,66.09,66.09,48.0,2011-10-04 14:53:00,2011-10-04 14:55:00,0,66,2
12513,France,612.29,1,462,612.29,612.29,462.0,2011-08-19 10:51:00,2011-08-19 10:51:00,0,113,1
12514,Italy,1597.76,2,840,798.88,798.88,420.0,2010-03-08 12:18:00,2011-03-17 16:38:00,374,267,2
12515,Italy,383.7,1,131,383.7,383.7,131.0,2010-12-21 15:43:00,2010-12-21 15:43:00,0,353,1
12516,Germany,2648.62,4,1952,662.16,662.16,488.0,2010-04-19 14:14:00,2011-09-23 09:13:00,521,78,4
12517,Germany,2481.6,5,1361,496.32,496.32,272.2,2011-06-02 15:13:00,2011-11-11 14:04:00,161,28,5
12518,Germany,2056.89,5,1318,411.38,411.38,263.6,2011-08-21 13:18:00,2011-12-09 10:13:00,109,1,5
12519,Germany,716.54,2,387,358.27,358.27,193.5,2010-08-20 08:21:00,2011-10-07 09:26:00,413,64,2
12520,Germany,2634.26,5,1439,526.85,526.85,287.8,2011-03-11 11:35:00,2011-09-21 15:23:00,194,79,5
12521,Germany,599.68,1,309,599.68,599.68,309.0,2011-07-20 10:51:00,2011-07-20 10:51:00,0,143,1
12522,Germany,192.72,2,194,96.36,96.36,97.0,2011-10-19 14:41:00,2011-10-31 15:30:00,12,39,2
12523,France,4352.35,23,2263,189.23,189.23,98.39,2009-12-07 13:46:00,2011-11-20 12:55:00,712,19,23
12524,Germany,11126.11,17,7178,654.48,654.48,422.24,2010-02-08 14:41:00,2011-11-30 15:31:00,660,9,17
12525,France,973.73,3,509,324.58,324.58,169.67,2010-03-02 14:01:00,2010-07-29 16:08:00,149,498,3
12526,Germany,1316.66,3,632,438.89,438.89,210.67,2011-09-06 14:19:00,2011-12-09 12:09:00,93,1,3
12527,Germany,735.51,5,526,147.1,147.1,105.2,2010-06-28 15:37:00,2011-09-19 11:55:00,447,82,5
12528,Germany,1933.48,6,756,322.25,322.25,126.0,2011-01-31 09:05:00,2011-11-30 14:40:00,303,9,6
12529,France,316.48,1,192,316.48,316.48,192.0,2010-06-29 13:10:00,2010-06-29 13:10:00,0,528,1
12530,Germany,3759.26,9,2713,417.7,417.7,301.44,2010-03-07 14:37:00,2011-10-11 12:34:00,582,60,9
12531,Germany,1933.2,2,1119,966.6,966.6,559.5,2010-01-22 14:17:00,2011-11-25 11:12:00,671,15,2
12532,France,349.83,1,153,349.83,349.83,153.0,2011-11-09 13:47:00,2011-11-09 13:47:00,0,30,1
12533,Germany,1367.89,2,704,683.94,683.94,352.0,2009-12-01 11:50:00,2010-03-22 10:56:00,110,628,2
12534,Germany,1089.18,1,651,1089.18,1089.18,651.0,2011-08-01 10:26:00,2011-08-01 10:26:00,0,131,1
12535,France,716.35,2,219,358.18,358.18,109.5,2011-06-06 12:47:00,2011-09-09 08:48:00,94,92,2
12536,France,12601.83,3,2803,4200.61,4200.61,934.33,2011-10-11 14:52:00,2011-10-27 14:20:00,15,43,3
12537,Sweden,732.94,1,449,732.94,732.94,449.0,2010-10-27 08:36:00,2010-10-27 08:36:00,0,409,1
12538,Spain,640.45,2,336,320.23,320.23,168.0,2010-11-26 13:02:00,2011-11-10 17:16:00,349,29,2
12539,Spain,11214.75,7,4535,1602.11,1602.11,647.86,2009-12-23 13:00:00,2011-11-17 13:30:00,694,22,7
12540,Spain,22254.49,33,11019,674.38,674.38,333.91,2009-12-07 16:56:00,2011-11-20 11:31:00,712,20,33
12541,Spain,981.18,3,680,327.06,327.06,226.67,2011-03-04 09:32:00,2011-11-10 10:40:00,251,30,3
12542,Spain,481.88,2,522,240.94,240.94,261.0,2010-03-09 16:26:00,2010-08-12 19:12:00,156,484,2
12543,Spain,980.25,1,688,980.25,980.25,688.0,2010-09-17 15:51:00,2010-09-17 15:51:00,0,448,1
12544,Spain,372.7,1,136,372.7,372.7,136.0,2011-11-03 16:15:00,2011-11-03 16:15:00,0,36,1
12545,Spain,1000.39,2,523,500.2,500.2,261.5,2011-03-25 12:04:00,2011-09-25 13:39:00,184,75,2
12546,Spain,1161.5,2,633,580.75,580.75,316.5,2011-09-23 09:44:00,2011-10-24 12:09:00,31,47,2
12547,Spain,383.58,3,309,127.86,127.86,103.0,2010-07-27 13:55:00,2011-05-26 12:38:00,302,198,3
12548,Spain,95.2,1,49,95.2,95.2,49.0,2011-06-26 15:35:00,2011-06-26 15:35:00,0,166,1
12549,USA,1575.68,6,1366,262.61,262.61,227.67,2010-01-11 12:29:00,2010-05-13 12:05:00,121,576,6
12550,Spain,964.83,1,569,964.83,964.83,569.0,2011-09-21 14:35:00,2011-09-21 14:35:00,0,79,1
12551,Spain,168.0,1,100,168.0,168.0,100.0,2010-12-17 11:23:00,2010-12-17 11:23:00,0,358,1
12552,Italy,437.82,2,88,218.91,218.91,44.0,2011-10-31 12:11:00,2011-11-01 10:02:00,0,39,2
12553,France,4608.75,12,2325,384.06,384.06,193.75,2010-10-12 13:35:00,2011-12-01 16:38:00,415,8,12
12554,Spain,468.5,1,240,468.5,468.5,240.0,2010-09-17 12:29:00,2010-09-17 12:29:00,0,449,1
12555,Spain,129.23,1,1,129.23,129.23,1.0,2010-01-26 16:26:00,2010-01-26 16:26:00,0,682,1
12556,Spain,599.56,2,355,299.78,299.78,177.5,2011-07-11 13:35:00,2011-10-20 13:06:00,100,50,2
12557,Spain,18096.14,8,6382,2262.02,2262.02,797.75,2009-12-17 10:39:00,2011-11-23 16:59:00,706,16,8
12558,USA,269.96,1,196,269.96,269.96,196.0,2011-12-02 10:41:00,2011-12-02 10:41:00,0,8,1
12559,Germany,561.71,2,283,280.86,280.86,141.5,2011-01-24 10:12:00,2011-02-02 09:49:00,8,311,2
12560,Germany,2134.01,3,1110,711.34,711.34,370.0,2011-07-19 15:55:00,2011-12-04 13:54:00,137,5,3
12561,Germany,238.85,1,177,238.85,238.85,177.0,2011-02-10 11:39:00,2011-02-10 11:39:00,0,303,1
12562,France,4966.92,9,2327,551.88,551.88,258.56,2010-09-30 13:13:00,2011-12-01 17:20:00,427,8,9
12563,Italy,249.24,1,113,249.24,249.24,113.0,2010-10-27 09:52:00,2010-10-27 09:52:00,0,409,1
12564,France,456.9,1,133,456.9,456.9,133.0,2011-03-23 14:55:00,2011-03-23 14:55:00,0,261,1
12565,Saudi Arabia,145.92,1,80,145.92,145.92,80.0,2011-02-24 10:34:00,2011-02-24 10:34:00,0,289,1
12566,Germany,351.65,1,265,351.65,351.65,265.0,2011-09-14 14:30:00,2011-09-14 14:30:00,0,86,1
12567,France,11767.48,15,5308,784.5,784.5,353.87,2010-02-11 10:30:00,2011-11-17 11:02:00,644,23,15
12568,Germany,70.0,1,48,70.0,70.0,48.0,2010-03-05 09:15:00,2010-03-05 09:15:00,0,645,1
12569,Germany,4124.69,32,1801,128.9,128.9,56.28,2011-04-01 13:47:00,2011-12-07 16:24:00,250,2,32
12570,Spain,77.52,1,1,77.52,77.52,1.0,2010-01-26 17:28:00,2010-01-26 17:28:00,0,682,1
12571,France,519.61,2,523,259.8,259.8,261.5,2011-08-10 12:35:00,2011-10-31 10:19:00,81,40,2
12572,Germany,1020.42,2,452,510.21,510.21,226.0,2011-10-19 08:20:00,2011-12-01 09:20:00,43,9,2
12573,France,717.41,5,479,143.48,143.48,95.8,2010-08-31 17:25:00,2011-04-26 15:52:00,237,227,5
12574,France,218.45,1,61,218.45,218.45,61.0,2011-01-28 09:20:00,2011-01-28 09:20:00,0,316,1
12575,France,622.82,2,315,311.41,311.41,157.5,2010-07-01 09:15:00,2010-09-08 13:09:00,69,457,2
12576,Poland,2142.72,8,1494,267.84,267.84,186.75,2010-07-01 13:46:00,2011-11-04 10:11:00,490,36,8
12577,France,1617.1,8,1191,202.14,202.14,148.88,2009-12-03 19:31:00,2011-11-04 13:24:00,700,35,8
12578,Italy,4642.45,4,2380,1160.61,1160.61,595.0,2010-09-22 11:19:00,2011-11-18 13:30:00,422,21,4
12579,France,440.42,1,285,440.42,440.42,285.0,2011-09-22 17:15:00,2011-09-22 17:15:00,0,78,1
12580,Germany,1052.9,2,569,526.45,526.45,284.5,2010-05-12 11:45:00,2011-04-07 10:24:00,329,247,2
12581,Germany,197.71,1,161,197.71,197.71,161.0,2011-10-31 08:56:00,2011-10-31 08:56:00,0,40,1
12582,Finland,1980.4,4,985,495.1,495.1,246.25,2010-05-11 09:55:00,2011-04-15 08:45:00,338,239,4
12583,France,13591.58,27,8535,503.39,503.39,316.11,2009-12-06 11:57:00,2011-12-07 08:07:00,730,3,27
12584,Italy,2338.15,9,416,259.79,259.79,46.22,2011-03-04 15:15:00,2011-12-06 09:35:00,276,4,9
12585,Germany,2040.1,2,1279,1020.05,1020.05,639.5,2010-12-23 12:58:00,2011-04-19 13:39:00,117,234,2
12586,Italy,2062.67,4,687,515.67,515.67,171.75,2009-12-16 13:15:00,2011-11-22 16:24:00,706,17,4
12587,Finland,144.0,1,51,144.0,144.0,51.0,2011-12-02 12:47:00,2011-12-02 12:47:00,0,8,1
12588,Finland,958.78,4,438,239.7,239.7,109.5,2010-04-21 12:22:00,2011-10-31 15:01:00,558,39,4
12589,France,4695.66,8,1764,586.96,586.96,220.5,2010-01-19 12:26:00,2011-11-11 10:19:00,660,29,8
12590,Germany,9864.26,2,4283,4932.13,4932.13,2141.5,2011-05-12 14:46:00,2011-05-12 14:52:00,0,211,2
12591,Italy,1338.95,3,653,446.32,446.32,217.67,2010-10-27 10:42:00,2011-01-26 14:35:00,91,317,3
12592,Germany,2582.66,5,1875,516.53,516.53,375.0,2010-07-08 14:06:00,2011-09-08 15:04:00,427,92,5
12593,France,418.1,3,206,139.37,139.37,68.67,2011-05-05 09:29:00,2011-08-23 12:43:00,110,109,3
12594,Italy,5090.11,15,2768,339.34,339.34,184.53,2010-03-03 13:51:00,2011-11-02 12:20:00,608,38,15
12595,Germany,299.02,1,271,299.02,299.02,271.0,2010-07-23 09:10:00,2010-07-23 09:10:00,0,505,1
12596,Spain,618.27,2,474,309.14,309.14,237.0,2011-04-11 13:22:00,2011-10-19 13:02:00,190,51,2
12597,Spain,3811.22,4,2236,952.8,952.8,559.0,2011-03-16 14:00:00,2011-11-20 13:33:00,248,19,4
12598,France,4534.09,11,2906,412.19,412.19,264.18,2010-03-01 09:58:00,2011-11-30 12:18:00,639,10,11
12599,France,2296.72,13,2189,176.67,176.67,168.38,2010-05-11 10:42:00,2011-11-10 13:34:00,548,29,13
12600,Germany,4967.42,21,1383,236.54,236.54,65.86,2009-12-07 13:37:00,2011-11-11 10:29:00,703,29,21
12601,Germany,681.26,6,290,113.54,113.54,48.33,2010-10-31 10:57:00,2011-06-03 10:17:00,214,190,6
12602,France,153.12,1,162,153.12,153.12,162.0,2011-10-12 11:22:00,2011-10-12 11:22:00,0,59,1
12603,Germany,739.2,1,63,739.2,739.2,63.0,2011-11-18 10:42:00,2011-11-18 10:42:00,0,22,1
12604,France,254.18,2,201,127.09,127.09,100.5,2011-03-23 12:06:00,2011-09-21 14:08:00,182,79,2
12605,Germany,1232.95,4,929,308.24,308.24,232.25,2010-09-07 14:21:00,2010-11-28 14:18:00,81,376,4
12606,Spain,21.0,1,1,21.0,21.0,1.0,2010-01-26 16:23:00,2010-01-26 16:23:00,0,682,1
12607,USA,1579.51,1,1228,1579.51,1579.51,1228.0,2011-10-10 16:06:00,2011-10-10 16:06:00,0,60,1
12608,United Kingdom,415.79,1,323,415.79,415.79,323.0,2010-10-31 10:49:00,2010-10-31 10:49:00,0,405,1
12609,Germany,3435.86,9,1553,381.76,381.76,172.56,2009-12-20 13:30:00,2011-09-22 16:34:00,641,78,9
12610,Italy,2099.54,5,1049,419.91,419.91,209.8,2011-08-05 13:52:00,2011-11-17 09:34:00,103,23,5
12611,Italy,1193.32,1,846,1193.32,1193.32,846.0,2011-10-18 13:12:00,2011-10-18 13:12:00,0,52,1
12612,Germany,704.04,1,262,704.04,704.04,262.0,2011-09-26 15:35:00,2011-09-26 15:35:00,0,74,1
12613,Germany,6817.37,10,4157,681.74,681.74,415.7,2009-12-14 13:10:00,2011-10-13 14:59:00,668,57,10
12614,Germany,315.6,1,76,315.6,315.6,76.0,2011-03-07 10:22:00,2011-03-07 10:22:00,0,278,1
12615,France,5740.98,8,3317,717.62,717.62,414.62,2010-03-18 14:09:00,2011-12-07 15:02:00,629,2,8
12616,France,1131.1,3,498,377.03,377.03,166.0,2010-11-16 11:38:00,2011-09-05 15:17:00,293,95,3
12617,France,352.98,1,210,352.98,352.98,210.0,2011-11-10 14:39:00,2011-11-10 14:39:00,0,29,1
12618,Italy,177.31,1,96,177.31,177.31,96.0,2011-11-18 11:10:00,2011-11-18 11:10:00,0,22,1
12619,Germany,3781.38,10,3518,378.14,378.14,351.8,2010-05-28 12:52:00,2011-11-23 14:52:00,544,16,10
12620,France,1339.41,3,1181,446.47,446.47,393.67,2011-05-19 12:10:00,2011-11-25 10:20:00,189,15,3
12621,Germany,24311.2,35,13706,694.61,694.61,391.6,2010-02-09 12:01:00,2011-12-08 11:25:00,666,2,35
12622,Germany,180.1,1,69,180.1,180.1,69.0,2011-04-21 16:39:00,2011-04-21 16:39:00,0,232,1
12623,Germany,3747.84,7,1971,535.41,535.41,281.57,2010-01-12 11:45:00,2011-03-08 13:50:00,420,276,7
12624,France,641.13,2,355,320.56,320.56,177.5,2011-06-15 12:34:00,2011-08-25 15:04:00,71,106,2
12625,Germany,5164.88,4,3309,1291.22,1291.22,827.25,2010-04-22 11:33:00,2011-05-12 09:54:00,384,212,4
12626,Germany,6620.48,9,3453,735.61,735.61,383.67,2011-01-17 11:01:00,2011-11-16 16:06:00,303,23,9
12627,Germany,4478.53,7,2752,639.79,639.79,393.14,2011-07-22 13:59:00,2011-11-29 12:07:00,129,11,7
12628,Germany,786.46,3,448,262.15,262.15,149.33,2011-10-06 09:28:00,2011-12-05 13:15:00,60,4,3
12629,Sweden,1558.22,2,722,779.11,779.11,361.0,2010-10-12 16:40:00,2010-11-19 09:18:00,37,386,2
12630,Finland,1270.88,2,548,635.44,635.44,274.0,2011-10-27 10:41:00,2011-11-30 10:48:00,34,10,2
12631,Finland,3481.57,6,1607,580.26,580.26,267.83,2010-01-15 14:50:00,2011-10-13 13:53:00,635,57,6
12632,Germany,804.88,2,694,402.44,402.44,347.0,2010-05-24 09:07:00,2010-07-07 09:39:00,44,521,2
12633,Germany,5678.16,7,3238,811.17,811.17,462.57,2010-07-02 11:44:00,2011-10-12 11:40:00,466,59,7
12634,USA,490.0,2,337,245.0,245.0,168.5,2010-06-09 15:41:00,2010-06-22 10:05:00,12,536,2
12635,Germany,2930.41,4,1949,732.6,732.6,487.25,2010-09-09 10:50:00,2011-09-11 11:04:00,367,90,4
12636,USA,141.0,1,1,141.0,141.0,1.0,2009-12-01 09:55:00,2009-12-01 09:55:00,0,739,1
12637,France,8283.81,12,4257,690.32,690.32,354.75,2010-06-14 13:36:00,2011-10-03 13:46:00,476,67,12
12638,Sweden,921.49,2,663,460.74,460.74,331.5,2010-03-10 10:30:00,2011-11-06 13:11:00,606,33,2
12639,Sweden,1312.37,3,631,437.46,437.46,210.33,2010-03-22 09:05:00,2011-04-15 12:48:00,389,239,3
12640,France,1174.58,3,311,391.53,391.53,103.67,2011-09-19 12:01:00,2011-11-16 11:52:00,57,24,3
12641,Sweden,185.9,1,72,185.9,185.9,72.0,2011-08-16 13:26:00,2011-08-16 13:26:00,0,115,1
12642,Germany,1013.26,3,552,337.75,337.75,184.0,2011-08-24 09:23:00,2011-11-14 15:03:00,82,25,3
12643,France,8304.82,12,4665,692.07,692.07,388.75,2010-04-07 14:16:00,2011-08-03 12:56:00,482,128,12
12644,Germany,1918.49,4,1032,479.62,479.62,258.0,2010-01-14 13:02:00,2011-08-02 10:33:00,564,130,4
12645,Germany,3539.3,8,2125,442.41,442.41,265.62,2010-02-09 10:49:00,2011-11-06 12:38:00,635,34,8
12646,USA,1346.97,2,897,673.48,673.48,448.5,2011-10-21 12:52:00,2011-12-05 10:14:00,44,5,2
12647,Germany,16955.55,36,6633,470.99,470.99,184.25,2010-01-13 15:06:00,2011-11-17 12:56:00,672,22,36
12648,Germany,1112.0,4,518,278.0,278.0,129.5,2010-01-07 18:38:00,2011-07-08 11:55:00,546,155,4
12649,Germany,2294.65,8,1959,286.83,286.83,244.88,2010-01-12 17:24:00,2011-08-24 14:41:00,588,107,8
12650,France,314.44,1,254,314.44,314.44,254.0,2011-12-06 16:34:00,2011-12-06 16:34:00,0,3,1
12651,France,377.75,4,265,94.44,94.44,66.25,2010-08-31 15:21:00,2011-01-09 12:46:00,130,335,4
12652,France,1017.03,2,536,508.52,508.52,268.0,2010-10-01 15:16:00,2011-01-12 15:00:00,102,331,2
12653,Israel,4160.83,3,1681,1386.94,1386.94,560.33,2010-07-01 09:56:00,2011-07-14 10:41:00,378,149,3
12654,Germany,601.98,5,264,120.4,120.4,52.8,2011-02-17 13:16:00,2011-11-29 10:10:00,284,11,5
12655,France,261.35,1,80,261.35,261.35,80.0,2010-10-12 09:17:00,2010-10-12 09:17:00,0,424,1
12656,France,6407.83,8,2860,800.98,800.98,357.5,2010-05-26 09:00:00,2011-11-22 13:42:00,545,17,8
12657,France,1643.18,4,1044,410.8,410.8,261.0,2011-09-22 11:40:00,2011-11-28 15:47:00,67,11,4
12658,Germany,686.05,1,320,686.05,686.05,320.0,2011-11-21 10:22:00,2011-11-21 10:22:00,0,19,1
12659,France,91.68,1,105,91.68,91.68,105.0,2011-11-10 11:53:00,2011-11-10 11:53:00,0,30,1
12660,France,245.1,1,127,245.1,245.1,127.0,2011-11-28 13:26:00,2011-11-28 13:26:00,0,11,1
12661,Sweden,162.0,1,216,162.0,162.0,216.0,2010-09-29 16:46:00,2010-09-29 16:46:00,0,436,1
12662,Germany,6726.54,20,3424,336.33,336.33,171.2,2010-04-01 09:50:00,2011-12-09 11:59:00,617,1,20
12663,Germany,239.4,2,181,119.7,119.7,90.5,2010-02-09 14:28:00,2010-03-25 09:40:00,43,625,2
12664,Finland,6070.04,11,1495,551.82,551.82,135.91,2009-12-13 10:28:00,2011-12-01 17:07:00,718,8,11
12665,Germany,313.6,3,165,104.53,104.53,55.0,2010-02-08 15:11:00,2011-01-19 08:34:00,344,325,3
12666,Israel,1248.42,1,370,1248.42,1248.42,370.0,2010-11-10 16:40:00,2010-11-10 16:40:00,0,394,1
12667,Finland,620.13,1,395,620.13,620.13,395.0,2011-10-12 17:00:00,2011-10-12 17:00:00,0,58,1
12668,Germany,11383.03,10,5049,1138.3,1138.3,504.9,2010-01-31 15:45:00,2011-11-28 10:56:00,665,12,10
12669,France,2744.03,3,1115,914.68,914.68,371.67,2011-03-28 10:15:00,2011-07-12 09:54:00,105,151,3
12670,France,3760.29,7,1627,537.18,537.18,232.43,2010-02-11 10:13:00,2011-11-29 15:23:00,656,10,7
12671,Germany,2622.48,1,1460,2622.48,2622.48,1460.0,2010-04-12 16:30:00,2010-04-12 16:30:00,0,606,1
12672,France,437.05,2,138,218.52,218.52,69.0,2010-04-23 09:57:00,2011-01-14 09:20:00,265,330,2
12673,Germany,1230.02,3,700,410.01,410.01,233.33,2010-11-03 10:46:00,2011-12-04 13:55:00,396,5,3
12674,France,1970.6,4,1133,492.65,492.65,283.25,2011-05-16 09:10:00,2011-11-01 12:12:00,169,39,4
12675,Italy,957.25,2,336,478.62,478.62,168.0,2010-05-10 16:44:00,2010-06-04 09:49:00,24,554,2
12676,Sweden,2843.09,11,1867,258.46,258.46,169.73,2010-08-13 13:29:00,2011-11-15 12:25:00,458,25,11
12677,France,395.1,2,176,197.55,197.55,88.0,2010-02-11 13:55:00,2010-06-02 14:30:00,111,555,2
12678,France,34281.18,21,22372,1632.44,1632.44,1065.33,2010-01-07 16:46:00,2011-10-28 13:04:00,658,42,21
12679,France,1113.02,4,554,278.26,278.26,138.5,2011-03-01 12:26:00,2011-10-12 12:30:00,225,59,4
12680,France,880.81,4,444,220.2,220.2,111.0,2011-08-18 15:44:00,2011-12-09 12:50:00,112,1,4
12681,France,29834.76,45,17011,662.99,662.99,378.02,2009-12-13 13:31:00,2011-11-25 11:33:00,711,15,45
12682,France,22950.22,52,10522,441.35,441.35,202.35,2009-12-01 09:28:00,2011-12-06 10:00:00,735,4,52
12683,France,11633.7,21,7019,553.99,553.99,334.24,2009-12-13 15:01:00,2011-12-05 16:31:00,722,4,21
12684,France,2283.63,7,1985,326.23,326.23,283.57,2011-05-10 12:55:00,2011-12-02 09:53:00,205,8,7
12685,France,2863.08,6,1523,477.18,477.18,253.83,2011-09-07 10:28:00,2011-11-11 13:46:00,65,28,6
12686,France,89.14,1,107,89.14,89.14,107.0,2010-12-03 09:51:00,2010-12-03 09:51:00,0,372,1
12687,Sweden,2138.91,2,1403,1069.46,1069.46,701.5,2010-08-16 12:10:00,2010-08-16 12:12:00,0,481,2
12688,Israel,4873.81,1,3028,4873.81,4873.81,3028.0,2011-08-18 08:49:00,2011-08-18 08:49:00,0,114,1
12689,France,1247.61,2,628,623.8,623.8,314.0,2011-08-04 10:04:00,2011-11-14 08:31:00,101,26,2
12690,France,389.01,1,106,389.01,389.01,106.0,2011-05-18 09:09:00,2011-05-18 09:09:00,0,206,1
12691,France,1170.4,7,445,167.2,167.2,63.57,2010-10-15 12:00:00,2011-11-11 16:49:00,392,28,7
12692,France,110.95,1,36,110.95,110.95,36.0,2010-03-12 14:02:00,2010-03-12 14:02:00,0,637,1
12693,Germany,1703.02,7,536,243.29,243.29,76.57,2010-07-05 13:56:00,2011-08-04 17:51:00,395,127,7
12694,France,1843.35,3,1355,614.45,614.45,451.67,2010-10-14 19:39:00,2011-09-30 13:06:00,350,70,3
12695,France,1407.12,7,454,201.02,201.02,64.86,2010-02-12 13:22:00,2011-12-02 13:22:00,658,7,7
12696,Finland,851.91,2,564,425.96,425.96,282.0,2010-07-19 10:02:00,2010-10-01 10:43:00,74,435,2
12697,Sweden,957.59,3,508,319.2,319.2,169.33,2011-06-23 15:44:00,2011-11-11 08:47:00,140,29,3
12698,Germany,339.75,1,111,339.75,339.75,111.0,2010-04-28 15:51:00,2010-04-28 15:51:00,0,590,1
12699,Germany,638.11,1,373,638.11,638.11,373.0,2010-10-18 12:07:00,2010-10-18 12:07:00,0,418,1
12700,France,4939.99,4,2967,1235.0,1235.0,741.75,2011-05-08 16:10:00,2011-12-02 10:47:00,207,8,4
12701,Germany,2446.41,6,1727,407.73,407.73,287.83,2010-03-16 13:23:00,2011-09-21 10:47:00,553,80,6
12702,Germany,219.0,1,53,219.0,219.0,53.0,2011-11-20 10:36:00,2011-11-20 10:36:00,0,20,1
12703,Germany,1006.53,4,595,251.63,251.63,148.75,2010-01-24 12:05:00,2011-09-29 17:52:00,613,71,4
12704,Finland,2340.84,8,1006,292.6,292.6,125.75,2011-06-23 10:20:00,2011-12-02 13:15:00,162,7,8
12705,Germany,11762.1,14,7188,840.15,840.15,513.43,2010-06-24 09:51:00,2011-11-24 13:17:00,518,15,14
12707,France,603.42,1,256,603.42,603.42,256.0,2011-02-21 08:38:00,2011-02-21 08:38:00,0,292,1
12708,Germany,5117.66,18,2432,284.31,284.31,135.11,2009-12-18 10:25:00,2011-11-10 09:52:00,691,30,18
12709,Germany,30291.76,34,13772,890.93,890.93,405.06,2009-12-09 13:49:00,2011-11-24 15:38:00,715,15,34
12710,Germany,1149.02,3,851,383.01,383.01,283.67,2011-05-22 14:05:00,2011-09-04 12:00:00,104,97,3
12711,Germany,1339.05,2,770,669.52,669.52,385.0,2010-02-01 11:30:00,2010-04-07 11:59:00,65,612,2
12712,Germany,6723.03,21,2205,320.14,320.14,105.0,2009-12-09 10:46:00,2011-11-11 08:19:00,701,29,21
12713,Germany,848.55,1,508,848.55,848.55,508.0,2011-12-09 12:16:00,2011-12-09 12:16:00,0,1,1
12714,France,14093.71,12,8774,1174.48,1174.48,731.17,2009-12-04 10:00:00,2011-11-30 15:43:00,726,9,12
12715,Sweden,343.36,1,192,343.36,343.36,192.0,2011-08-25 15:22:00,2011-08-25 15:22:00,0,106,1
12716,France,1053.49,2,708,526.74,526.74,354.0,2011-07-29 13:28:00,2011-12-06 08:55:00,129,4,2
12717,Greece,1308.91,3,600,436.3,436.3,200.0,2010-04-28 14:34:00,2011-07-11 14:47:00,439,151,3
12718,France,238.25,1,203,238.25,238.25,203.0,2011-09-29 16:38:00,2011-09-29 16:38:00,0,71,1
12719,France,644.95,2,374,322.48,322.48,187.0,2011-10-05 14:50:00,2011-12-04 13:45:00,59,5,2
12720,Germany,7787.28,30,6018,259.58,259.58,200.6,2010-07-21 09:46:00,2011-12-07 08:03:00,503,3,30
12721,France,4013.08,8,2655,501.64,501.64,331.88,2010-08-25 11:07:00,2011-11-08 12:13:00,440,32,8
12722,France,997.63,4,566,249.41,249.41,141.5,2011-07-12 11:55:00,2011-09-15 14:50:00,65,85,4
12723,France,725.07,5,434,145.01,145.01,86.8,2011-10-05 15:52:00,2011-12-06 10:19:00,61,4,5
12724,France,2317.52,7,1379,331.07,331.07,197.0,2010-06-22 14:00:00,2011-12-04 16:02:00,530,5,7
12725,Italy,2266.76,4,1142,566.69,566.69,285.5,2010-05-04 13:59:00,2010-12-03 15:45:00,213,371,4
12726,France,4014.6,11,4618,364.96,364.96,419.82,2010-03-25 16:25:00,2011-11-11 13:35:00,595,28,11
12727,France,5679.53,10,2832,567.95,567.95,283.2,2010-02-23 09:54:00,2011-11-29 11:46:00,644,11,10
12728,France,1070.17,5,543,214.03,214.03,108.6,2010-11-21 11:34:00,2011-09-29 15:31:00,312,71,5
12729,France,453.01,1,233,453.01,453.01,233.0,2011-08-18 11:40:00,2011-08-18 11:40:00,0,114,1
12730,Germany,829.25,1,234,829.25,829.25,234.0,2010-07-06 12:19:00,2010-07-06 12:19:00,0,522,1
12731,France,25775.71,17,11641,1516.22,1516.22,684.76,2010-03-02 09:23:00,2011-11-16 11:59:00,624,24,17
12732,France,236.26,1,111,236.26,236.26,111.0,2011-06-13 11:33:00,2011-06-13 11:33:00,0,180,1
12733,USA,2424.87,4,896,606.22,606.22,224.0,2010-01-19 13:23:00,2011-04-19 16:19:00,455,234,4
12734,France,639.65,3,265,213.22,213.22,88.33,2010-11-12 13:26:00,2010-12-22 12:47:00,39,353,3
12735,France,779.57,2,368,389.78,389.78,184.0,2011-01-06 14:26:00,2011-01-28 13:37:00,21,315,2
12736,France,234.0,1,173,234.0,234.0,173.0,2011-01-11 07:57:00,2011-01-11 07:57:00,0,333,1
12737,France,3710.5,2,2,1855.25,1855.25,1.0,2010-07-29 12:27:00,2010-07-29 12:29:00,0,499,2
12738,Germany,155.35,1,148,155.35,155.35,148.0,2010-12-02 18:27:00,2010-12-02 18:27:00,0,372,1
12739,United Arab Emirates,2726.73,4,951,681.68,681.68,237.75,2010-11-10 14:27:00,2011-09-22 13:00:00,315,78,4
12740,France,427.6,1,342,427.6,427.6,342.0,2011-10-07 10:44:00,2011-10-07 10:44:00,0,64,1
12741,USA,406.07,2,214,203.04,203.04,107.0,2010-06-24 16:24:00,2010-06-28 14:36:00,3,529,2
12742,United Arab Emirates,1201.52,1,1359,1201.52,1201.52,1359.0,2010-03-24 12:43:00,2010-03-24 12:43:00,0,626,1
12743,Unspecified,540.13,2,315,270.06,270.06,157.5,2011-07-28 16:06:00,2011-07-28 16:21:00,0,134,2
12744,Singapore,25317.06,11,6994,2301.55,2301.55,635.82,2010-04-27 16:19:00,2011-10-19 11:18:00,539,52,11
12745,United Kingdom,925.41,3,468,308.47,308.47,156.0,2010-01-26 16:22:00,2010-08-10 10:14:00,195,487,3
12746,United Kingdom,254.55,1,97,254.55,254.55,97.0,2010-06-17 10:41:00,2010-06-17 10:41:00,0,541,1
12747,United Kingdom,8898.48,26,2640,342.25,342.25,101.54,2009-12-07 13:23:00,2011-12-07 14:34:00,730,2,26
12748,United Kingdom,53539.64,336,37109,159.34,159.34,110.44,2009-12-04 17:31:00,2011-12-09 12:20:00,734,1,336
12749,United Kingdom,6897.36,9,2360,766.37,766.37,262.22,2010-07-06 15:05:00,2011-12-06 09:56:00,517,4,9
12750,Poland,275.88,1,137,275.88,275.88,137.0,2011-08-03 09:13:00,2011-08-03 09:13:00,0,129,1
12751,Brazil,268.27,1,189,268.27,268.27,189.0,2010-09-21 12:49:00,2010-09-21 12:49:00,0,445,1
12752,Norway,4366.78,1,2262,4366.78,4366.78,2262.0,2011-09-19 13:32:00,2011-09-19 13:32:00,0,81,1
12753,Japan,21429.39,6,11421,3571.56,3571.56,1903.5,2010-12-12 11:44:00,2011-11-17 10:52:00,339,23,6
12754,Japan,3010.74,3,6481,1003.58,1003.58,2160.33,2011-02-04 10:31:00,2011-04-18 09:00:00,72,236,3
12755,Japan,5236.26,11,2293,476.02,476.02,208.45,2010-01-15 11:57:00,2011-03-04 12:42:00,413,281,11
12756,Japan,112.08,1,144,112.08,112.08,144.0,2011-09-14 09:31:00,2011-09-14 09:31:00,0,87,1
12757,Portugal,7834.65,13,2395,602.67,602.67,184.23,2011-05-12 19:01:00,2011-11-24 12:30:00,195,16,13
12758,Portugal,9903.24,7,6155,1414.75,1414.75,879.29,2009-12-01 14:40:00,2011-08-15 10:22:00,621,117,7
12759,Netherlands,5020.74,8,3202,627.59,627.59,400.25,2009-12-04 10:47:00,2011-10-18 14:49:00,683,52,8
12760,Netherlands,347.8,1,198,347.8,347.8,198.0,2010-09-10 08:50:00,2010-09-10 08:50:00,0,456,1
12761,Netherlands,782.95,2,281,391.48,391.48,140.5,2010-09-01 10:47:00,2010-09-08 12:17:00,7,458,2
12762,Portugal,1898.52,2,1227,949.26,949.26,613.5,2011-11-14 14:23:00,2011-12-02 10:23:00,17,8,2
12763,Japan,494.08,2,316,247.04,247.04,158.0,2010-12-05 15:46:00,2011-07-24 14:12:00,230,138,2
12764,Lebanon,1693.88,1,386,1693.88,1693.88,386.0,2011-01-27 10:19:00,2011-01-27 10:19:00,0,317,1
12765,Netherlands,1404.58,6,1009,234.1,234.1,168.17,2010-03-08 09:43:00,2010-08-24 13:51:00,169,472,6
12766,Portugal,8918.99,9,5022,991.0,991.0,558.0,2010-10-28 09:29:00,2011-12-06 08:46:00,403,4,9
12767,Korea,949.82,1,598,949.82,949.82,598.0,2010-11-29 09:38:00,2010-11-29 09:38:00,0,376,1
12768,Korea,168.69,1,102,168.69,168.69,102.0,2010-09-15 12:08:00,2010-09-15 12:08:00,0,451,1
12769,Brazil,1143.6,1,356,1143.6,1143.6,356.0,2011-04-15 10:25:00,2011-04-15 10:25:00,0,239,1
12770,Japan,3246.45,2,1843,1623.22,1623.22,921.5,2010-09-09 11:43:00,2011-05-13 09:33:00,245,211,2
12771,Portugal,282.3,1,104,282.3,282.3,104.0,2010-08-11 11:51:00,2010-08-11 11:51:00,0,486,1
12772,Portugal,892.47,1,556,892.47,892.47,556.0,2011-10-11 09:19:00,2011-10-11 09:19:00,0,60,1
12773,Portugal,124.25,1,109,124.25,124.25,109.0,2010-05-24 17:30:00,2010-05-24 17:30:00,0,564,1
12774,Netherlands,98.7,1,53,98.7,98.7,53.0,2010-06-22 10:38:00,2010-06-22 10:38:00,0,536,1
12775,Netherlands,1686.12,7,1083,240.87,240.87,154.71,2010-10-26 14:24:00,2011-11-22 16:33:00,392,17,7
12776,Portugal,55.5,1,46,55.5,55.5,46.0,2010-02-10 12:11:00,2010-02-10 12:11:00,0,668,1
12777,United Kingdom,519.45,1,458,519.45,519.45,458.0,2010-09-08 11:35:00,2010-09-08 11:35:00,0,458,1
12778,Netherlands,1775.68,9,1735,197.3,197.3,192.78,2010-04-16 09:57:00,2011-11-20 11:30:00,583,20,9
12779,Poland,6474.11,14,3501,462.44,462.44,250.07,2009-12-03 07:25:00,2011-11-02 11:43:00,699,38,14
12780,Netherlands,337.4,1,285,337.4,337.4,285.0,2010-04-20 09:40:00,2010-04-20 09:40:00,0,599,1
12781,Czech Republic,826.74,2,671,413.37,413.37,335.5,2011-02-28 08:43:00,2011-10-07 10:37:00,221,64,2
12782,Portugal,4618.24,11,2017,419.84,419.84,183.36,2010-07-08 13:31:00,2011-12-05 09:16:00,514,5,11
12783,Portugal,2225.91,6,624,370.98,370.98,104.0,2011-09-25 15:35:00,2011-12-07 15:56:00,73,2,6
12784,Portugal,1763.15,3,862,587.72,587.72,287.33,2010-06-28 13:06:00,2011-11-30 15:38:00,520,9,3
12785,Portugal,1100.4,3,453,366.8,366.8,151.0,2009-12-08 13:56:00,2010-12-10 13:48:00,366,364,3
12786,Netherlands,728.5,1,324,728.5,728.5,324.0,2010-04-09 12:12:00,2010-04-09 12:12:00,0,610,1
12787,Netherlands,862.18,4,510,215.54,215.54,127.5,2010-10-22 14:57:00,2011-11-30 08:44:00,403,10,4
12788,Netherlands,444.9,4,194,111.22,111.22,48.5,2010-06-29 13:05:00,2010-09-02 14:21:00,65,463,4
12789,Netherlands,273.35,3,36,91.12,91.12,12.0,2010-01-15 12:06:00,2011-10-05 13:34:00,628,65,3
12790,Netherlands,591.85,2,306,295.92,295.92,153.0,2010-10-25 13:04:00,2011-05-31 14:14:00,218,192,2
12791,Netherlands,863.51,6,353,143.92,143.92,58.83,2010-03-25 17:29:00,2010-12-01 11:27:00,250,374,6
12792,Portugal,827.01,2,394,413.5,413.5,197.0,2010-06-23 10:49:00,2011-03-28 11:36:00,278,257,2
12793,Portugal,885.53,3,461,295.18,295.18,153.67,2010-11-03 13:05:00,2011-01-09 12:12:00,66,335,3
12794,Portugal,860.41,2,592,430.2,430.2,296.0,2011-09-02 12:01:00,2011-10-17 14:54:00,45,53,2
12795,Portugal,430.48,1,68,430.48,430.48,68.0,2011-11-21 10:27:00,2011-11-21 10:27:00,0,19,1
12796,Netherlands,381.0,1,182,381.0,381.0,182.0,2010-03-21 15:49:00,2010-03-21 15:49:00,0,628,1
12797,Portugal,552.08,2,215,276.04,276.04,107.5,2010-10-11 12:53:00,2010-12-09 10:55:00,58,366,2
12798,Japan,8510.93,4,8455,2127.73,2127.73,2113.75,2010-10-14 12:27:00,2011-11-29 15:52:00,411,10,4
12799,Japan,219.35,1,137,219.35,219.35,137.0,2010-06-28 15:57:00,2010-06-28 15:57:00,0,529,1
12800,Portugal,584.25,3,284,194.75,194.75,94.67,2010-02-01 11:02:00,2010-08-26 14:11:00,206,470,3
12801,Sweden,1071.82,1,505,1071.82,1071.82,505.0,2010-07-27 09:38:00,2010-07-27 09:38:00,0,501,1
12802,Netherlands,2416.42,7,1972,345.2,345.2,281.71,2010-05-25 09:34:00,2011-06-06 09:36:00,377,187,7
12803,Netherlands,1092.81,1,872,1092.81,1092.81,872.0,2010-11-11 14:57:00,2010-11-11 14:57:00,0,393,1
12804,Netherlands,325.37,2,270,162.68,162.68,135.0,2010-07-27 13:52:00,2010-08-31 11:58:00,34,466,2
12805,Netherlands,1434.95,4,593,358.74,358.74,148.25,2010-02-03 09:06:00,2010-11-23 12:27:00,293,382,4
12806,Netherlands,2878.96,4,2087,719.74,719.74,521.75,2010-04-30 10:44:00,2010-09-30 13:34:00,153,435,4
12807,Sweden,330.35,1,145,330.35,330.35,145.0,2010-11-21 14:21:00,2010-11-21 14:21:00,0,383,1
12808,Portugal,776.7,5,322,155.34,155.34,64.4,2010-09-03 10:24:00,2011-11-03 10:05:00,425,37,5
12809,Portugal,1755.94,3,518,585.31,585.31,172.67,2010-03-02 14:19:00,2011-06-15 10:51:00,469,178,3
12810,Japan,534.99,2,389,267.5,267.5,194.5,2010-02-01 09:52:00,2010-06-23 10:53:00,142,535,2
12811,Portugal,1033.9,5,435,206.78,206.78,87.0,2010-10-08 12:20:00,2011-03-24 09:42:00,166,261,5
12812,Japan,229.64,1,164,229.64,229.64,164.0,2011-10-26 09:54:00,2011-10-26 09:54:00,0,45,1
12813,Netherlands,1687.8,3,1141,562.6,562.6,380.33,2010-01-15 16:52:00,2010-07-26 09:50:00,191,502,3
12814,Poland,125.92,1,49,125.92,125.92,49.0,2011-08-30 12:11:00,2011-08-30 12:11:00,0,102,1
12815,Poland,1063.46,2,379,531.73,531.73,189.5,2011-05-25 13:34:00,2011-07-15 10:21:00,50,148,2
12816,Poland,572.2,2,128,286.1,286.1,64.0,2011-06-16 13:24:00,2011-09-05 12:41:00,80,96,2
12817,Austria,690.98,3,219,230.33,230.33,73.0,2010-10-01 08:57:00,2011-03-03 16:28:00,153,281,3
12818,Austria,1542.08,1,929,1542.08,1542.08,929.0,2011-03-23 12:06:00,2011-03-23 12:06:00,0,262,1
12819,United Kingdom,540.52,1,344,540.52,540.52,344.0,2010-09-07 15:20:00,2010-09-07 15:20:00,0,458,1
12820,United Kingdom,2689.52,11,1964,244.5,244.5,178.55,2009-12-05 13:37:00,2011-12-06 15:12:00,731,3,11
12821,United Kingdom,220.8,2,162,110.4,110.4,81.0,2010-04-07 15:14:00,2011-05-09 15:51:00,397,214,2
12822,United Kingdom,948.88,2,550,474.44,474.44,275.0,2011-09-13 13:46:00,2011-09-30 10:04:00,16,71,2
12823,United Kingdom,6501.5,18,930,361.19,361.19,51.67,2010-01-29 12:52:00,2011-09-26 07:35:00,604,75,18
12824,United Kingdom,397.12,1,232,397.12,397.12,232.0,2011-10-11 12:49:00,2011-10-11 12:49:00,0,60,1
12825,United Kingdom,518.63,2,139,259.32,259.32,69.5,2010-03-08 10:17:00,2010-07-06 13:56:00,120,521,2
12826,United Kingdom,2800.75,12,1915,233.4,233.4,159.58,2009-12-18 10:43:00,2011-12-07 10:25:00,718,3,12
12827,United Kingdom,430.15,3,197,143.38,143.38,65.67,2011-10-26 15:44:00,2011-12-04 12:17:00,38,6,3
12828,United Kingdom,1018.71,6,494,169.78,169.78,82.33,2011-08-01 16:16:00,2011-12-07 08:45:00,127,3,6
12829,United Kingdom,385.3,3,550,128.43,128.43,183.33,2010-06-07 15:04:00,2011-01-07 11:13:00,213,337,3
12830,United Kingdom,6814.64,6,9848,1135.77,1135.77,1641.33,2011-06-21 10:53:00,2011-11-02 11:54:00,134,38,6
12831,United Kingdom,451.11,3,303,150.37,150.37,101.0,2010-09-02 15:58:00,2011-03-22 13:02:00,200,262,3
12832,United Kingdom,383.03,2,195,191.52,191.52,97.5,2011-09-02 13:48:00,2011-11-07 13:30:00,65,32,2
12833,United Kingdom,417.38,1,156,417.38,417.38,156.0,2011-07-17 13:46:00,2011-07-17 13:46:00,0,145,1
12834,United Kingdom,312.38,1,110,312.38,312.38,110.0,2011-03-02 09:49:00,2011-03-02 09:49:00,0,283,1
12835,United Kingdom,5996.83,41,2349,146.26,146.26,57.29,2009-12-03 12:13:00,2010-10-08 10:59:00,308,428,41
12836,United Kingdom,6559.73,15,2231,437.32,437.32,148.73,2009-12-01 14:19:00,2011-10-11 15:10:00,679,59,15
12837,United Kingdom,662.66,2,194,331.33,331.33,97.0,2010-05-19 15:10:00,2011-06-19 16:07:00,396,173,2
12838,United Kingdom,2975.91,10,1606,297.59,297.59,160.6,2010-04-26 09:59:00,2011-11-06 12:20:00,559,34,10
12839,United Kingdom,9669.12,26,6578,371.89,371.89,253.0,2009-12-07 09:18:00,2011-12-07 12:33:00,730,3,26
12840,United Kingdom,4041.97,7,2258,577.42,577.42,322.57,2010-02-03 14:51:00,2011-07-19 09:29:00,530,144,7
12841,United Kingdom,6958.2,40,5008,173.96,173.96,125.2,2010-07-08 15:38:00,2011-12-05 11:13:00,514,5,40
12842,United Kingdom,1917.99,4,887,479.5,479.5,221.75,2009-12-02 08:15:00,2011-09-30 15:33:00,667,70,4
12843,United Kingdom,6583.36,30,3028,219.45,219.45,100.93,2009-12-13 11:41:00,2011-10-05 12:09:00,661,66,30
12844,United Kingdom,648.6,4,223,162.15,162.15,55.75,2010-04-25 11:51:00,2011-11-10 13:31:00,564,29,4
12845,United Kingdom,354.09,4,204,88.52,88.52,51.0,2011-02-22 14:10:00,2011-03-17 13:34:00,22,267,4
12846,United Kingdom,15.58,1,1,15.58,15.58,1.0,2010-01-26 16:29:00,2010-01-26 16:29:00,0,682,1
12847,United Kingdom,1609.0,2,1497,804.5,804.5,748.5,2010-11-17 12:44:00,2011-11-17 13:16:00,365,22,2
12848,United Kingdom,208.0,1,58,208.0,208.0,58.0,2010-02-02 12:45:00,2010-02-02 12:45:00,0,676,1
12849,United Kingdom,3042.47,6,1855,507.08,507.08,309.17,2010-04-27 13:44:00,2011-11-08 13:41:00,559,31,6
12850,United Kingdom,330.0,1,200,330.0,330.0,200.0,2010-09-20 12:26:00,2010-09-20 12:26:00,0,446,1
12851,United Kingdom,280.76,2,157,140.38,140.38,78.5,2010-08-19 15:13:00,2011-09-04 12:41:00,380,97,2
12852,United Kingdom,311.55,1,149,311.55,311.55,149.0,2011-02-18 08:47:00,2011-02-18 08:47:00,0,295,1
12853,United Kingdom,3907.5,11,1668,355.23,355.23,151.64,2010-02-05 11:57:00,2011-07-28 11:29:00,537,135,11
12854,United Kingdom,2970.97,7,1630,424.42,424.42,232.86,2009-12-11 12:55:00,2011-09-22 12:15:00,649,79,7
12855,United Kingdom,612.84,4,240,153.21,153.21,60.0,2010-11-02 18:16:00,2010-12-02 09:37:00,29,373,4
12856,United Kingdom,2170.78,6,1076,361.8,361.8,179.33,2011-10-07 12:38:00,2011-12-02 10:52:00,55,8,6
12857,United Kingdom,3688.0,6,1420,614.67,614.67,236.67,2010-01-25 15:37:00,2011-05-13 10:20:00,472,211,6
12858,United Kingdom,147.27,1,51,147.27,147.27,51.0,2010-11-21 12:55:00,2010-11-21 12:55:00,0,383,1
12859,United Kingdom,575.1,1,292,575.1,575.1,292.0,2010-09-07 12:20:00,2010-09-07 12:20:00,0,459,1
12860,United Kingdom,54.22,1,26,54.22,54.22,26.0,2010-01-15 15:22:00,2010-01-15 15:22:00,0,693,1
12861,United Kingdom,68.25,1,27,68.25,68.25,27.0,2010-03-30 11:39:00,2010-03-30 11:39:00,0,620,1
12862,United Kingdom,984.62,2,611,492.31,492.31,305.5,2010-08-01 15:20:00,2010-10-10 11:47:00,69,426,2
12863,United Kingdom,2792.55,6,895,465.42,465.42,149.17,2010-04-29 13:54:00,2011-10-18 14:15:00,537,52,6
12864,United Kingdom,299.57,2,447,149.78,149.78,223.5,2010-07-19 17:22:00,2011-07-24 13:03:00,369,138,2
12865,Austria,3323.47,4,1973,830.87,830.87,493.25,2010-08-20 12:20:00,2011-11-13 14:31:00,450,26,4
12866,Belgium,1227.35,3,553,409.12,409.12,184.33,2010-07-25 11:37:00,2011-03-01 14:11:00,219,283,3
12867,United Kingdom,7829.26,13,7876,602.25,602.25,605.85,2009-12-16 16:25:00,2011-11-13 15:30:00,696,26,13
12868,United Kingdom,2043.76,8,1170,255.47,255.47,146.25,2010-11-12 10:05:00,2011-06-07 10:42:00,207,186,8
12869,United Kingdom,337.67,1,144,337.67,337.67,144.0,2010-01-27 12:10:00,2010-01-27 12:10:00,0,682,1
12870,United Kingdom,1676.95,3,906,558.98,558.98,302.0,2010-03-25 14:32:00,2010-11-29 13:42:00,248,375,3
12871,United Kingdom,744.02,3,484,248.01,248.01,161.33,2010-09-26 10:34:00,2011-09-16 15:07:00,355,84,3
12872,United Kingdom,3283.96,12,1642,273.66,273.66,136.83,2009-12-03 20:03:00,2011-01-17 10:52:00,409,327,12
12873,United Kingdom,2027.3,3,786,675.77,675.77,262.0,2010-01-27 09:50:00,2011-03-02 14:58:00,399,282,3
12874,Belgium,948.42,2,623,474.21,474.21,311.5,2010-06-03 12:51:00,2010-11-19 15:23:00,169,385,2
12875,United Kingdom,1356.99,5,5187,271.4,271.4,1037.4,2010-01-11 12:37:00,2011-07-19 15:30:00,554,143,5
12876,Belgium,4081.79,4,3047,1020.45,1020.45,761.75,2010-04-28 13:26:00,2011-10-13 12:26:00,532,58,4
12877,United Kingdom,2942.14,20,2237,147.11,147.11,111.85,2010-01-18 10:23:00,2011-12-06 10:30:00,687,4,20
12878,United Kingdom,854.99,2,547,427.5,427.5,273.5,2011-03-18 14:02:00,2011-04-17 13:07:00,29,236,2
12879,United Kingdom,573.22,3,370,191.07,191.07,123.33,2011-09-09 12:11:00,2011-10-26 12:24:00,47,45,3
12880,United Kingdom,640.13,2,279,320.06,320.06,139.5,2010-05-14 11:57:00,2010-11-23 10:50:00,192,382,2
12881,United Kingdom,298.0,1,21,298.0,298.0,21.0,2011-03-09 11:44:00,2011-03-09 11:44:00,0,276,1
12882,United Kingdom,1463.04,2,246,731.52,731.52,123.0,2011-11-06 11:22:00,2011-11-30 16:18:00,24,9,2
12883,United Kingdom,703.47,4,196,175.87,175.87,49.0,2011-09-11 15:18:00,2011-11-15 09:32:00,64,25,4
12884,United Kingdom,309.05,1,43,309.05,309.05,43.0,2011-09-12 13:10:00,2011-09-12 13:10:00,0,88,1
12885,United Kingdom,1175.22,3,655,391.74,391.74,218.33,2011-08-08 11:45:00,2011-10-07 13:40:00,60,63,3
12886,United Kingdom,1378.4,2,770,689.2,689.2,385.0,2011-05-04 11:21:00,2011-10-03 10:09:00,151,68,2
12887,United Kingdom,222.4,1,100,222.4,222.4,100.0,2010-11-21 11:18:00,2010-11-21 11:18:00,0,384,1
12888,United Kingdom,354.12,2,76,177.06,177.06,38.0,2011-03-29 14:31:00,2011-05-09 16:02:00,41,214,2
12889,United Kingdom,385.46,4,124,96.36,96.36,31.0,2010-07-25 14:32:00,2010-11-23 16:08:00,121,381,4
12890,United Kingdom,706.02,2,457,353.01,353.01,228.5,2010-11-17 14:05:00,2011-11-15 17:26:00,363,24,2
12891,United Kingdom,840.5,11,2325,76.41,76.41,211.36,2010-02-18 14:32:00,2011-06-07 12:31:00,473,186,11
12892,United Kingdom,263.38,1,140,263.38,263.38,140.0,2010-11-08 09:51:00,2010-11-08 09:51:00,0,397,1
12893,United Kingdom,176.55,1,90,176.55,176.55,90.0,2011-11-09 12:34:00,2011-11-09 12:34:00,0,31,1
12894,United Kingdom,157.35,1,33,157.35,157.35,33.0,2010-05-13 14:47:00,2010-05-13 14:47:00,0,575,1
12895,United Kingdom,372.8,2,210,186.4,186.4,105.0,2011-09-14 08:35:00,2011-10-28 13:51:00,44,42,2
12897,United Kingdom,514.25,4,249,128.56,128.56,62.25,2010-06-14 11:58:00,2011-05-19 12:13:00,339,205,4
12898,United Kingdom,296.21,2,235,148.1,148.1,117.5,2010-02-18 12:36:00,2010-09-02 08:08:00,195,464,2
12899,United Kingdom,366.4,1,108,366.4,366.4,108.0,2010-10-22 09:53:00,2010-10-22 09:53:00,0,414,1
12900,United Kingdom,340.33,1,139,340.33,340.33,139.0,2010-10-13 15:17:00,2010-10-13 15:17:00,0,422,1
12901,United Kingdom,17654.54,28,23075,630.52,630.52,824.11,2011-03-14 10:41:00,2011-12-01 10:07:00,261,9,28
12902,United Kingdom,138.68,1,66,138.68,138.68,66.0,2011-03-20 12:06:00,2011-03-20 12:06:00,0,265,1
12903,United Kingdom,833.53,1,493,833.53,833.53,493.0,2010-10-07 12:39:00,2010-10-07 12:39:00,0,429,1
12904,United Kingdom,496.06,2,294,248.03,248.03,147.0,2011-06-20 13:18:00,2011-11-21 14:34:00,154,18,2
12905,United Kingdom,1018.42,2,532,509.21,509.21,266.0,2010-01-26 14:06:00,2010-05-12 10:05:00,105,577,2
12906,United Kingdom,2919.81,5,1749,583.96,583.96,349.8,2011-09-22 15:03:00,2011-11-28 09:55:00,66,12,5
12907,United Kingdom,508.91,2,177,254.46,254.46,88.5,2010-08-02 14:33:00,2010-11-09 12:08:00,98,396,2
12908,United Kingdom,1776.0,5,3000,355.2,355.2,600.0,2010-03-19 15:59:00,2011-06-16 15:39:00,453,176,5
12909,United Kingdom,3103.19,8,1948,387.9,387.9,243.5,2010-02-24 12:14:00,2011-10-31 12:43:00,614,40,8
12910,United Kingdom,5796.52,13,3632,445.89,445.89,279.38,2010-03-28 13:10:00,2011-11-16 14:28:00,598,23,13
12911,United Kingdom,1651.72,1,807,1651.72,1651.72,807.0,2010-06-06 12:13:00,2010-06-06 12:13:00,0,552,1
12912,United Kingdom,1662.3,5,670,332.46,332.46,134.0,2011-10-30 11:35:00,2011-12-07 08:55:00,37,3,5
12913,United Kingdom,6283.24,13,3086,483.33,483.33,237.38,2009-12-01 12:18:00,2011-12-05 12:11:00,733,5,13
12914,United Kingdom,223.98,1,336,223.98,223.98,336.0,2010-11-04 12:28:00,2010-11-04 12:28:00,0,401,1
12915,United Kingdom,975.1,4,411,243.78,243.78,102.75,2010-04-29 19:36:00,2011-07-14 11:34:00,440,149,4
12916,United Kingdom,4479.73,7,1681,639.96,639.96,240.14,2010-01-24 11:26:00,2011-07-24 10:35:00,545,139,7
12917,United Kingdom,4359.2,6,1104,726.53,726.53,184.0,2009-12-09 14:22:00,2011-08-03 16:42:00,602,128,6
12918,United Kingdom,10953.5,1,1,10953.5,10953.5,1.0,2010-03-23 15:22:00,2010-03-23 15:22:00,0,626,1
12919,United Kingdom,1335.19,6,673,222.53,222.53,112.17,2011-06-23 09:22:00,2011-12-01 13:47:00,161,8,6
12920,United Kingdom,486.64,4,420,121.66,121.66,105.0,2009-12-14 15:58:00,2011-11-22 15:05:00,707,17,4
12921,United Kingdom,35233.24,74,21328,476.12,476.12,288.22,2009-12-01 13:43:00,2011-11-30 16:22:00,729,9,74
12922,United Kingdom,405.38,1,370,405.38,405.38,370.0,2011-07-01 15:35:00,2011-07-01 15:35:00,0,161,1
12923,United Kingdom,770.42,3,230,256.81,256.81,76.67,2010-05-13 14:55:00,2011-10-06 16:20:00,511,64,3
12924,United Kingdom,2469.4,12,1423,205.78,205.78,118.58,2009-12-09 12:40:00,2011-09-12 13:55:00,642,88,12
12925,United Kingdom,729.33,3,649,243.11,243.11,216.33,2010-04-26 10:32:00,2011-12-05 11:11:00,588,5,3
12926,United Kingdom,1523.97,4,754,380.99,380.99,188.5,2009-12-14 14:35:00,2010-10-24 15:57:00,314,411,4
12927,United Kingdom,197.31,1,145,197.31,197.31,145.0,2010-11-10 10:02:00,2010-11-10 10:02:00,0,395,1
12928,United Kingdom,4304.89,12,2899,358.74,358.74,241.58,2010-06-08 10:16:00,2011-11-04 14:24:00,514,35,12
12929,United Kingdom,117.85,1,37,117.85,117.85,37.0,2011-02-01 12:08:00,2011-02-01 12:08:00,0,312,1
12930,United Kingdom,415.8,2,252,207.9,207.9,126.0,2011-06-21 13:25:00,2011-09-22 15:18:00,93,78,2
12931,United Kingdom,92347.34,57,62906,1620.13,1620.13,1103.61,2009-12-01 11:46:00,2011-11-18 12:39:00,717,22,57
12932,United Kingdom,1698.56,8,1609,212.32,212.32,201.12,2010-02-10 08:46:00,2010-06-18 14:22:00,128,539,8
12933,United Kingdom,1636.63,8,949,204.58,204.58,118.62,2009-12-10 16:39:00,2011-11-15 16:38:00,704,24,8
12934,United Kingdom,181.65,1,31,181.65,181.65,31.0,2009-12-03 10:51:00,2009-12-03 10:51:00,0,737,1
12935,United Kingdom,4243.86,15,3201,282.92,282.92,213.4,2010-04-11 15:59:00,2011-12-07 17:25:00,605,2,15
12936,United Kingdom,1063.9,4,559,265.98,265.98,139.75,2011-09-22 13:51:00,2011-11-22 17:32:00,61,17,4
12937,United Kingdom,3097.61,9,1983,344.18,344.18,220.33,2009-12-03 15:43:00,2011-11-24 15:05:00,720,15,9
12938,United Kingdom,114.14,1,140,114.14,114.14,140.0,2011-11-14 11:21:00,2011-11-14 11:21:00,0,26,1
12939,United Kingdom,25264.8,20,10328,1263.24,1263.24,516.4,2010-01-12 11:27:00,2011-10-06 14:33:00,632,64,20
12940,United Kingdom,899.69,2,404,449.84,449.84,202.0,2011-09-13 10:16:00,2011-10-16 12:09:00,33,55,2
12941,United Kingdom,377.49,1,381,377.49,377.49,381.0,2009-12-15 13:12:00,2009-12-15 13:12:00,0,724,1
12942,United Kingdom,675.6,3,198,225.2,225.2,66.0,2010-12-09 09:34:00,2011-07-31 14:39:00,234,131,3
12943,United Kingdom,496.5,2,222,248.25,248.25,111.0,2010-04-13 11:03:00,2010-05-30 13:52:00,47,558,2
12944,United Kingdom,604.51,2,289,302.26,302.26,144.5,2010-12-20 10:41:00,2011-11-04 11:04:00,319,36,2
12945,United Kingdom,900.11,2,446,450.06,450.06,223.0,2010-02-21 15:18:00,2011-02-24 14:15:00,367,288,2
12946,United Kingdom,324.45,1,149,324.45,324.45,149.0,2010-09-29 10:14:00,2010-09-29 10:14:00,0,437,1
12947,United Kingdom,1603.99,6,1165,267.33,267.33,194.17,2010-12-01 16:21:00,2011-07-19 10:06:00,229,144,6
12948,United Kingdom,2317.43,9,1304,257.49,257.49,144.89,2009-12-02 12:28:00,2011-11-23 17:10:00,721,16,9
12949,United Kingdom,15526.7,22,8233,705.76,705.76,374.23,2009-12-03 15:56:00,2011-11-09 11:25:00,705,31,22
12950,United Kingdom,1843.0,3,1380,614.33,614.33,460.0,2011-11-15 13:48:00,2011-12-07 13:17:00,21,2,3
12951,United Kingdom,3213.72,15,1662,214.25,214.25,110.8,2010-01-10 12:43:00,2011-12-01 12:14:00,689,9,15
12952,United Kingdom,1387.79,4,653,346.95,346.95,163.25,2011-09-22 16:37:00,2011-12-04 10:35:00,72,6,4
12953,United Kingdom,828.81,2,364,414.4,414.4,182.0,2010-07-05 13:37:00,2011-11-30 09:24:00,512,10,2
12954,United Kingdom,162.45,1,83,162.45,162.45,83.0,2010-03-11 10:16:00,2010-03-11 10:16:00,0,639,1
12955,United Kingdom,4757.16,11,3664,432.47,432.47,333.09,2011-03-17 09:03:00,2011-12-08 16:29:00,266,1,11
12956,United Kingdom,521.89,4,340,130.47,130.47,85.0,2009-12-15 19:03:00,2011-02-06 16:08:00,417,306,4
12957,United Kingdom,8706.97,13,4686,669.77,669.77,360.46,2009-12-11 12:01:00,2011-11-30 09:53:00,718,10,13
12958,United Kingdom,467.34,2,118,233.67,233.67,59.0,2010-05-05 16:22:00,2010-11-04 16:16:00,182,400,2
12959,United Kingdom,150.95,1,109,150.95,150.95,109.0,2010-08-12 17:20:00,2010-08-12 17:20:00,0,484,1
12960,United Kingdom,1322.07,4,1379,330.52,330.52,344.75,2010-02-16 13:32:00,2010-10-22 09:31:00,247,414,4
12961,United Kingdom,211.99,1,180,211.99,211.99,180.0,2010-11-25 16:44:00,2010-11-25 16:44:00,0,379,1
12962,United Kingdom,266.39,2,129,133.2,133.2,64.5,2011-08-18 13:38:00,2011-12-02 15:55:00,106,7,2
12963,United Kingdom,3235.79,12,1637,269.65,269.65,136.42,2010-07-08 14:45:00,2011-12-01 12:55:00,510,8,12
12964,United Kingdom,132.24,1,56,132.24,132.24,56.0,2010-09-28 17:47:00,2010-09-28 17:47:00,0,437,1
12965,United Kingdom,769.81,1,282,769.81,769.81,282.0,2011-09-11 15:31:00,2011-09-11 15:31:00,0,89,1
12966,United Kingdom,160.18,1,75,160.18,160.18,75.0,2011-11-30 12:38:00,2011-11-30 12:38:00,0,10,1
12967,United Kingdom,2938.52,3,912,979.51,979.51,304.0,2010-11-21 11:03:00,2010-12-16 19:10:00,25,358,3
12968,United Kingdom,135.95,1,73,135.95,135.95,73.0,2011-08-19 15:44:00,2011-08-19 15:44:00,0,112,1
12969,United Kingdom,122.45,1,55,122.45,122.45,55.0,2010-04-16 10:50:00,2010-04-16 10:50:00,0,603,1
12970,United Kingdom,1453.6,10,954,145.36,145.36,95.4,2009-12-04 14:19:00,2011-12-02 14:30:00,728,7,10
12971,United Kingdom,15704.6,116,14306,135.38,135.38,123.33,2009-12-15 19:04:00,2011-12-06 12:20:00,720,4,116
12972,United Kingdom,1161.2,4,844,290.3,290.3,211.0,2010-02-16 14:30:00,2010-10-22 08:41:00,247,414,4
12973,United Kingdom,385.55,1,31,385.55,385.55,31.0,2010-10-22 10:14:00,2010-10-22 10:14:00,0,414,1
12974,United Kingdom,408.95,2,104,204.48,204.48,52.0,2010-05-23 11:45:00,2011-05-26 09:33:00,367,198,2
12975,United Kingdom,2100.09,6,911,350.02,350.02,151.83,2009-12-06 10:38:00,2010-09-29 09:46:00,296,437,6
12976,United Kingdom,3156.38,8,2684,394.55,394.55,335.5,2010-02-12 15:46:00,2011-05-12 09:55:00,453,212,8
12977,United Kingdom,513.88,4,128,128.47,128.47,32.0,2010-07-16 16:25:00,2011-07-06 16:40:00,355,156,4
12978,United Kingdom,2502.82,5,1394,500.56,500.56,278.8,2009-12-10 12:10:00,2010-11-19 14:29:00,344,385,5
12979,United Arab Emirates,517.7,1,520,517.7,517.7,520.0,2009-12-10 15:45:00,2009-12-10 15:45:00,0,729,1
12980,United Kingdom,16245.78,21,1910,773.61,773.61,90.95,2009-12-02 11:26:00,2011-07-05 09:34:00,579,158,21
12981,United Kingdom,372.22,2,242,186.11,186.11,121.0,2011-07-29 14:14:00,2011-11-10 12:00:00,103,30,2
12982,United Kingdom,2744.81,8,1729,343.1,343.1,216.12,2010-04-12 13:50:00,2011-04-11 11:51:00,363,243,8
12983,United Kingdom,490.08,1,638,490.08,490.08,638.0,2010-04-20 12:58:00,2010-04-20 12:58:00,0,598,1
12984,United Kingdom,97.5,1,26,97.5,97.5,26.0,2011-11-21 12:37:00,2011-11-21 12:37:00,0,19,1
12985,United Kingdom,1239.38,2,1533,619.69,619.69,766.5,2011-11-11 12:44:00,2011-12-09 10:46:00,27,1,2
12986,United Kingdom,2729.84,10,1164,272.98,272.98,116.4,2010-01-21 10:45:00,2010-10-07 11:57:00,259,429,10
12987,United Kingdom,1312.21,5,585,262.44,262.44,117.0,2010-01-20 09:57:00,2011-09-27 12:03:00,615,74,5
12988,United Kingdom,505.82,1,126,505.82,505.82,126.0,2011-02-20 14:31:00,2011-02-20 14:31:00,0,292,1
12989,United Kingdom,13551.75,33,6935,410.66,410.66,210.15,2009-12-10 13:27:00,2011-12-06 15:28:00,726,3,33
12990,United Kingdom,955.5,7,480,136.5,136.5,68.57,2010-03-30 11:36:00,2011-11-08 13:01:00,588,31,7
12991,United Kingdom,764.82,3,483,254.94,254.94,161.0,2010-11-15 13:43:00,2011-11-16 15:34:00,366,23,3
12992,United Kingdom,93.35,1,21,93.35,93.35,21.0,2009-12-14 16:46:00,2009-12-14 16:46:00,0,725,1
12993,United Kingdom,1259.63,8,751,157.45,157.45,93.88,2010-02-18 10:35:00,2011-11-16 15:49:00,636,23,8
12994,United Kingdom,974.42,3,459,324.81,324.81,153.0,2011-03-16 08:31:00,2011-12-05 15:43:00,264,4,3
12995,United Kingdom,211.32,1,108,211.32,211.32,108.0,2011-09-15 15:44:00,2011-09-15 15:44:00,0,85,1
12996,United Kingdom,355.5,1,122,355.5,355.5,122.0,2010-11-29 09:27:00,2010-11-29 09:27:00,0,376,1
12997,United Kingdom,2110.91,8,1186,263.86,263.86,148.25,2010-04-06 11:06:00,2011-11-17 15:47:00,590,22,8
12998,United Kingdom,920.08,3,1124,306.69,306.69,374.67,2010-02-24 11:55:00,2010-08-04 08:05:00,160,493,3
12999,United Kingdom,455.88,3,342,151.96,151.96,114.0,2011-04-08 10:26:00,2011-05-27 13:24:00,49,196,3
13000,United Kingdom,1032.5,4,548,258.12,258.12,137.0,2009-12-14 17:03:00,2011-08-25 10:43:00,618,107,4
13001,United Kingdom,24042.65,33,13448,728.57,728.57,407.52,2009-12-03 16:21:00,2011-12-05 14:51:00,731,4,33
13002,United Kingdom,414.13,3,201,138.04,138.04,67.0,2010-10-01 11:58:00,2011-01-25 15:18:00,116,318,3
13003,United Kingdom,149.05,3,103,49.68,49.68,34.33,2011-05-09 08:23:00,2011-08-26 10:50:00,109,106,3
13004,United Kingdom,11650.85,36,8768,323.63,323.63,243.56,2009-12-15 09:44:00,2011-11-28 11:27:00,713,12,36
13005,United Kingdom,999.68,4,462,249.92,249.92,115.5,2010-09-08 12:52:00,2011-06-19 10:53:00,283,174,4
13006,United Kingdom,81.57,1,55,81.57,81.57,55.0,2011-10-14 13:49:00,2011-10-14 13:49:00,0,56,1
13007,United Kingdom,175.25,1,59,175.25,175.25,59.0,2010-05-09 10:38:00,2010-05-09 10:38:00,0,580,1
13008,United Kingdom,612.13,3,379,204.04,204.04,126.33,2009-12-16 16:07:00,2011-01-20 14:24:00,399,323,3
13009,United Kingdom,234.0,1,120,234.0,234.0,120.0,2010-02-05 12:22:00,2010-02-05 12:22:00,0,673,1
13010,United Kingdom,330.12,2,323,165.06,165.06,161.5,2010-03-01 11:28:00,2010-11-30 15:09:00,274,374,2
13011,United Kingdom,50.55,1,13,50.55,50.55,13.0,2010-12-02 17:22:00,2010-12-02 17:22:00,0,372,1
13012,United Kingdom,2957.83,11,1559,268.89,268.89,141.73,2010-04-26 14:14:00,2011-11-30 13:05:00,582,9,11
13013,United Kingdom,11097.43,29,5661,382.67,382.67,195.21,2009-12-14 10:34:00,2011-12-08 15:01:00,724,1,29
13014,United Kingdom,5381.08,11,1979,489.19,489.19,179.91,2010-10-03 11:35:00,2011-11-29 12:27:00,422,11,11
13015,United Kingdom,6579.78,11,3527,598.16,598.16,320.64,2010-04-15 16:35:00,2011-10-17 13:19:00,549,53,11
13016,United Kingdom,789.89,3,527,263.3,263.3,175.67,2011-08-08 15:00:00,2011-09-27 14:08:00,49,73,3
13017,United Kingdom,204.0,1,48,204.0,204.0,48.0,2011-12-02 15:53:00,2011-12-02 15:53:00,0,7,1
13018,United Kingdom,9763.16,35,6746,278.95,278.95,192.74,2010-03-01 12:34:00,2011-11-23 13:28:00,632,16,35
13019,United Kingdom,1229.95,6,397,204.99,204.99,66.17,2009-12-06 15:40:00,2010-11-25 14:56:00,353,379,6
13020,United Kingdom,618.96,2,278,309.48,309.48,139.0,2010-02-18 10:35:00,2010-05-26 11:12:00,97,563,2
13021,United Kingdom,4887.24,17,2546,287.48,287.48,149.76,2009-12-05 12:02:00,2011-12-05 16:37:00,730,4,17
13022,Belgium,65.3,1,35,65.3,65.3,35.0,2010-10-06 10:50:00,2010-10-06 10:50:00,0,430,1
13023,United Kingdom,1449.03,3,585,483.01,483.01,195.0,2010-06-29 09:51:00,2011-10-06 16:27:00,464,64,3
13024,United Kingdom,555.87,2,181,277.94,277.94,90.5,2010-05-06 14:25:00,2010-08-26 09:42:00,111,471,2
13025,United Kingdom,323.39,1,241,323.39,323.39,241.0,2009-12-08 10:02:00,2009-12-08 10:02:00,0,732,1
13026,United Kingdom,1733.08,9,2466,192.56,192.56,274.0,2009-12-13 11:34:00,2011-12-08 16:58:00,725,1,9
13027,United Kingdom,17239.2,19,42840,907.33,907.33,2254.74,2010-01-20 10:41:00,2011-08-18 09:39:00,574,114,19
13028,United Kingdom,661.32,2,798,330.66,330.66,399.0,2011-10-25 14:09:00,2011-11-17 11:10:00,22,23,2
13029,United Kingdom,1927.3,5,194,385.46,385.46,38.8,2010-07-04 13:46:00,2011-11-09 09:13:00,492,31,5
13030,United Kingdom,752.44,2,348,376.22,376.22,174.0,2010-12-06 14:31:00,2011-11-28 14:30:00,356,11,2
13031,United Kingdom,3292.84,5,2309,658.57,658.57,461.8,2010-06-03 14:57:00,2010-10-28 15:34:00,147,407,5
13032,United Kingdom,2815.96,9,1274,312.88,312.88,141.56,2010-09-05 14:01:00,2011-10-18 15:54:00,408,52,9
13033,United Kingdom,220.55,2,98,110.28,110.28,49.0,2010-10-06 09:37:00,2010-12-17 14:23:00,72,357,2
13034,United Kingdom,756.82,3,406,252.27,252.27,135.33,2010-11-03 15:22:00,2011-10-16 12:21:00,346,55,3
13035,United Kingdom,1364.2,3,926,454.73,454.73,308.67,2010-10-04 15:41:00,2011-09-27 08:57:00,357,74,3
13036,United Kingdom,307.1,1,38,307.1,307.1,38.0,2010-01-24 11:35:00,2010-01-24 11:35:00,0,685,1
13037,United Kingdom,3914.95,12,2130,326.25,326.25,177.5,2009-12-03 17:04:00,2011-07-24 15:46:00,597,138,12
13038,United Kingdom,908.46,3,360,302.82,302.82,120.0,2011-02-22 11:43:00,2011-09-20 14:37:00,210,80,3
13039,United Kingdom,1010.73,4,290,252.68,252.68,72.5,2009-12-17 16:43:00,2010-05-04 16:45:00,138,584,4
13040,United Kingdom,676.99,2,355,338.5,338.5,177.5,2011-11-06 13:53:00,2011-12-01 10:38:00,24,9,2
13041,United Kingdom,799.13,4,335,199.78,199.78,83.75,2010-04-29 08:43:00,2010-09-15 11:44:00,139,451,4
13042,United Kingdom,1488.59,3,812,496.2,496.2,270.67,2009-12-07 15:42:00,2010-04-20 13:43:00,133,598,3
13043,United Kingdom,516.42,1,254,516.42,516.42,254.0,2011-03-11 14:52:00,2011-03-11 14:52:00,0,273,1
13044,United Kingdom,4848.05,11,2548,440.73,440.73,231.64,2010-01-08 14:46:00,2011-02-21 15:20:00,409,291,11
13045,United Kingdom,808.92,3,405,269.64,269.64,135.0,2010-08-10 13:02:00,2011-09-01 15:04:00,387,99,3
13046,United Kingdom,949.25,3,505,316.42,316.42,168.33,2010-09-09 13:09:00,2011-11-09 08:36:00,425,31,3
13047,United Kingdom,8428.53,24,3328,351.19,351.19,138.67,2009-12-16 11:43:00,2011-11-08 12:06:00,692,32,24
13048,United Kingdom,4049.13,9,2661,449.9,449.9,295.67,2010-01-27 12:55:00,2011-11-25 13:23:00,667,14,9
13049,United Kingdom,1408.24,4,620,352.06,352.06,155.0,2010-11-03 15:39:00,2011-10-06 15:31:00,336,64,4
13050,United Kingdom,11986.52,35,7015,342.47,342.47,200.43,2009-12-15 15:06:00,2011-11-25 09:18:00,709,15,35
13051,United Kingdom,155.8,2,72,77.9,77.9,36.0,2010-03-30 11:11:00,2010-05-10 09:14:00,40,579,2
13052,United Kingdom,3119.33,7,1424,445.62,445.62,203.43,2010-02-23 12:31:00,2011-05-11 14:12:00,442,212,7
13053,United Kingdom,127.65,1,47,127.65,127.65,47.0,2010-03-28 11:28:00,2010-03-28 11:28:00,0,622,1
13055,United Kingdom,2321.11,4,1821,580.28,580.28,455.25,2010-10-06 08:17:00,2011-09-22 14:26:00,351,78,4
13056,United Kingdom,209.48,1,158,209.48,209.48,158.0,2010-06-06 14:10:00,2010-06-06 14:10:00,0,551,1
13057,United Kingdom,709.59,3,456,236.53,236.53,152.0,2010-03-18 12:14:00,2010-06-27 15:44:00,101,530,3
13058,United Kingdom,271.4,3,52,90.47,90.47,17.33,2011-07-11 12:01:00,2011-11-15 12:43:00,127,25,3
13059,United Kingdom,2291.77,10,860,229.18,229.18,86.0,2010-03-31 12:23:00,2011-04-04 10:40:00,368,250,10
13060,United Kingdom,307.53,1,123,307.53,307.53,123.0,2011-03-31 11:37:00,2011-03-31 11:37:00,0,254,1
13061,United Kingdom,248.61,1,107,248.61,248.61,107.0,2011-09-28 16:04:00,2011-09-28 16:04:00,0,72,1
13062,United Kingdom,346.98,1,343,346.98,346.98,343.0,2011-06-01 15:12:00,2011-06-01 15:12:00,0,191,1
13063,United Kingdom,188.4,1,116,188.4,188.4,116.0,2010-08-16 12:27:00,2010-08-16 12:27:00,0,481,1
13064,United Kingdom,1666.84,6,668,277.81,277.81,111.33,2010-04-27 10:08:00,2011-11-27 12:31:00,579,13,6
13065,United Kingdom,1055.05,5,381,211.01,211.01,76.2,2010-06-10 11:44:00,2010-12-01 16:52:00,174,373,5
13066,United Kingdom,470.8,2,322,235.4,235.4,161.0,2011-11-07 17:06:00,2011-11-15 12:57:00,7,24,2
13067,United Kingdom,508.51,3,131,169.5,169.5,43.67,2010-09-19 13:43:00,2011-09-18 13:38:00,363,82,3
13068,United Kingdom,344.0,2,200,172.0,172.0,100.0,2011-01-24 08:20:00,2011-11-29 15:00:00,309,10,2
13069,United Kingdom,9284.45,38,15171,244.33,244.33,399.24,2010-06-14 14:27:00,2011-12-09 08:39:00,542,1,38
13070,United Kingdom,751.7,4,372,187.92,187.92,93.0,2009-12-07 14:44:00,2011-05-31 13:45:00,539,192,4
13071,United Kingdom,129.22,1,30,129.22,129.22,30.0,2010-04-06 13:37:00,2010-04-06 13:37:00,0,612,1
13072,United Kingdom,177.15,1,69,177.15,177.15,69.0,2011-03-18 08:12:00,2011-03-18 08:12:00,0,267,1
13073,United Kingdom,418.08,2,261,209.04,209.04,130.5,2010-09-28 09:27:00,2010-10-24 14:06:00,26,411,2
13074,United Kingdom,1378.74,4,826,344.68,344.68,206.5,2009-12-16 11:46:00,2010-07-16 16:53:00,212,511,4
13075,United Kingdom,919.61,1,485,919.61,919.61,485.0,2011-08-02 10:19:00,2011-08-02 10:19:00,0,130,1
13076,United Kingdom,135.4,1,44,135.4,135.4,44.0,2010-09-08 10:27:00,2010-09-08 10:27:00,0,458,1
13077,United Kingdom,2740.65,11,2468,249.15,249.15,224.36,2009-12-11 11:17:00,2011-12-08 19:24:00,727,1,11
13078,United Kingdom,29018.06,57,12032,509.09,509.09,211.09,2009-12-01 09:06:00,2011-12-06 15:36:00,735,3,57
13079,United Kingdom,419.18,6,158,69.86,69.86,26.33,2010-10-18 14:15:00,2011-12-05 16:53:00,413,4,6
13080,United Kingdom,280.73,4,193,70.18,70.18,48.25,2010-04-09 13:07:00,2011-06-13 14:59:00,430,179,4
13081,United Kingdom,56838.37,28,40077,2029.94,2029.94,1431.32,2009-12-08 13:58:00,2011-11-28 10:54:00,719,12,28
13082,United Kingdom,7335.75,21,8466,349.32,349.32,403.14,2009-12-22 15:37:00,2011-08-05 16:16:00,591,126,21
13083,United Kingdom,395.43,3,307,131.81,131.81,102.33,2010-10-10 13:38:00,2011-12-05 15:01:00,421,4,3
13084,United Kingdom,122.4,1,144,122.4,122.4,144.0,2010-08-05 08:49:00,2010-08-05 08:49:00,0,492,1
13085,United Kingdom,2433.28,8,944,304.16,304.16,118.0,2009-12-01 07:45:00,2011-07-05 12:11:00,581,158,8
13086,United Kingdom,439.33,1,155,439.33,439.33,155.0,2010-11-22 10:28:00,2010-11-22 10:28:00,0,383,1
13087,United Kingdom,313.64,1,86,313.64,313.64,86.0,2009-12-13 15:16:00,2009-12-13 15:16:00,0,726,1
13088,United Kingdom,236.11,1,76,236.11,236.11,76.0,2010-10-18 15:35:00,2010-10-18 15:35:00,0,417,1
13089,United Kingdom,113416.91,203,58932,558.7,558.7,290.31,2009-12-02 15:44:00,2011-12-07 09:02:00,734,3,203
13090,United Kingdom,13091.74,24,3247,545.49,545.49,135.29,2010-08-02 13:58:00,2011-12-01 12:39:00,485,9,24
13091,United Kingdom,2321.82,3,1339,773.94,773.94,446.33,2009-12-10 11:50:00,2011-11-11 15:54:00,701,28,3
13092,United Kingdom,2140.28,12,664,178.36,178.36,55.33,2010-02-10 08:44:00,2011-09-30 11:18:00,597,71,12
13093,United Kingdom,54144.25,55,25971,984.44,984.44,472.2,2009-12-04 10:32:00,2011-03-09 12:14:00,460,276,55
13094,United Kingdom,2209.44,13,1896,169.96,169.96,145.85,2010-11-15 14:15:00,2011-11-18 14:07:00,367,21,13
13095,United Kingdom,74.4,1,144,74.4,74.4,144.0,2011-09-30 12:03:00,2011-09-30 12:03:00,0,71,1
13096,United Kingdom,419.7,1,6,419.7,419.7,6.0,2010-11-10 14:08:00,2010-11-10 14:08:00,0,394,1
13097,United Kingdom,13324.1,28,5345,475.86,475.86,190.89,2009-12-01 13:31:00,2011-11-07 10:43:00,705,33,28
13098,United Kingdom,28882.44,28,15968,1031.52,1031.52,570.29,2011-01-26 13:46:00,2011-12-08 14:14:00,316,1,28
13099,United Kingdom,207.36,1,288,207.36,207.36,288.0,2011-09-01 17:40:00,2011-09-01 17:40:00,0,99,1
13101,United Kingdom,695.4,4,478,173.85,173.85,119.5,2010-01-27 15:49:00,2011-04-19 14:37:00,446,234,4
13102,United Kingdom,11380.1,37,6366,307.57,307.57,172.05,2010-05-06 13:12:00,2011-12-08 12:52:00,580,1,37
13103,United Kingdom,709.64,3,426,236.55,236.55,142.0,2010-05-11 14:41:00,2011-10-31 09:38:00,537,40,3
13104,United Kingdom,1709.1,9,834,189.9,189.9,92.67,2010-02-24 15:06:00,2011-12-06 13:10:00,649,3,9
13105,United Kingdom,72.0,1,100,72.0,72.0,100.0,2010-09-29 13:41:00,2010-09-29 13:41:00,0,436,1
13106,United Kingdom,603.46,2,231,301.73,301.73,115.5,2010-10-22 13:10:00,2011-07-29 15:12:00,280,133,2
13107,United Kingdom,5253.07,9,4316,583.67,583.67,479.56,2010-02-04 10:50:00,2011-10-26 14:52:00,629,44,9
13108,United Kingdom,748.46,2,745,374.23,374.23,372.5,2010-09-30 17:09:00,2010-12-02 10:35:00,62,373,2
13109,United Kingdom,1134.03,3,757,378.01,378.01,252.33,2010-06-06 12:59:00,2011-10-11 10:16:00,491,60,3
13110,United Kingdom,2957.47,12,763,246.46,246.46,63.58,2009-12-01 14:14:00,2011-11-08 14:30:00,707,31,12
13111,United Kingdom,321.88,1,180,321.88,321.88,180.0,2009-12-21 09:00:00,2009-12-21 09:00:00,0,719,1
13112,United Kingdom,20.6,1,11,20.6,20.6,11.0,2010-06-16 17:03:00,2010-06-16 17:03:00,0,541,1
13113,United Kingdom,18230.07,37,4435,492.7,492.7,119.86,2010-03-28 16:13:00,2011-12-09 12:49:00,620,1,37
13114,United Kingdom,234.38,1,74,234.38,234.38,74.0,2009-12-09 09:56:00,2009-12-09 09:56:00,0,731,1
13115,United Kingdom,5494.7,10,3934,549.47,549.47,393.4,2010-04-19 13:29:00,2011-11-28 12:38:00,587,12,10
13116,United Kingdom,501.14,1,291,501.14,501.14,291.0,2011-07-24 14:33:00,2011-07-24 14:33:00,0,138,1
13117,United Kingdom,2255.66,18,1852,125.31,125.31,102.89,2010-03-26 13:50:00,2011-11-18 12:02:00,601,22,18
13118,United Kingdom,2415.41,9,834,268.38,268.38,92.67,2010-09-26 15:46:00,2011-11-20 12:46:00,419,20,9
13119,United Kingdom,134.9,1,110,134.9,134.9,110.0,2010-02-09 08:38:00,2010-02-09 08:38:00,0,669,1
13120,United Kingdom,30.6,1,12,30.6,30.6,12.0,2011-04-15 10:19:00,2011-04-15 10:19:00,0,239,1
13121,United Kingdom,283.73,1,252,283.73,283.73,252.0,2011-03-15 16:47:00,2011-03-15 16:47:00,0,269,1
13122,United Kingdom,922.39,2,585,461.2,461.2,292.5,2011-04-13 14:12:00,2011-09-06 15:53:00,146,94,2
13123,United Kingdom,506.75,2,268,253.38,253.38,134.0,2010-06-28 12:43:00,2010-08-24 10:18:00,56,473,2
13124,United Kingdom,4641.66,4,2738,1160.42,1160.42,684.5,2010-11-19 15:50:00,2011-09-11 12:45:00,295,90,4
13125,United Kingdom,148.62,1,53,148.62,148.62,53.0,2010-07-04 11:58:00,2010-07-04 11:58:00,0,524,1
13126,United Kingdom,3774.81,13,3289,290.37,290.37,253.0,2010-03-02 12:24:00,2011-12-05 10:00:00,642,5,13
13127,United Kingdom,259.17,1,127,259.17,259.17,127.0,2011-09-23 10:26:00,2011-09-23 10:26:00,0,78,1
13128,United Kingdom,263.5,1,31,263.5,263.5,31.0,2010-03-18 15:08:00,2010-03-18 15:08:00,0,631,1
13129,United Kingdom,233.25,2,296,116.62,116.62,148.0,2010-06-28 11:54:00,2010-09-13 13:47:00,77,452,2
13130,United Kingdom,64.0,1,32,64.0,64.0,32.0,2011-09-06 15:30:00,2011-09-06 15:30:00,0,94,1
13131,United Kingdom,3313.77,7,1523,473.4,473.4,217.57,2010-02-09 09:47:00,2011-11-16 13:21:00,645,23,7
13132,United Kingdom,77.3,1,20,77.3,77.3,20.0,2011-03-23 12:44:00,2011-03-23 12:44:00,0,262,1
13133,United Kingdom,200.45,3,55,66.82,66.82,18.33,2010-09-06 15:30:00,2011-03-11 10:31:00,185,274,3
13134,United Kingdom,2475.23,6,1364,412.54,412.54,227.33,2010-10-19 13:21:00,2011-09-15 10:35:00,330,86,6
13135,United Kingdom,3371.45,2,4423,1685.72,1685.72,2211.5,2010-08-05 17:28:00,2011-05-27 10:52:00,294,197,2
13136,United Kingdom,6274.56,13,3109,482.66,482.66,239.15,2009-12-08 18:30:00,2011-10-14 13:41:00,674,56,13
13137,United Kingdom,7586.94,16,4238,474.18,474.18,264.88,2010-07-25 15:40:00,2011-11-29 12:09:00,491,11,16
13138,United Kingdom,1274.01,7,593,182.0,182.0,84.71,2010-11-08 11:45:00,2011-11-17 16:51:00,374,22,7
13139,United Kingdom,8202.98,8,4614,1025.37,1025.37,576.75,2010-09-28 09:12:00,2011-11-23 13:54:00,421,16,8
13140,United Kingdom,1054.92,5,572,210.98,210.98,114.4,2010-08-05 19:05:00,2011-08-23 15:33:00,382,108,5
13141,United Kingdom,7656.08,17,5159,450.36,450.36,303.47,2009-12-09 13:34:00,2011-09-16 09:54:00,645,85,17
13142,United Kingdom,307.09,1,258,307.09,307.09,258.0,2011-11-20 16:07:00,2011-11-20 16:07:00,0,19,1
13143,United Kingdom,405.1,1,198,405.1,405.1,198.0,2010-05-04 12:22:00,2010-05-04 12:22:00,0,585,1
13144,United Kingdom,135.35,2,29,67.68,67.68,14.5,2010-10-04 14:14:00,2011-01-11 11:15:00,98,333,2
13145,United Kingdom,1128.52,7,265,161.22,161.22,37.86,2010-04-19 11:11:00,2011-10-31 12:45:00,560,40,7
13146,United Kingdom,228.91,1,154,228.91,228.91,154.0,2011-11-13 15:29:00,2011-11-13 15:29:00,0,26,1
13147,United Kingdom,712.8,4,144,178.2,178.2,36.0,2011-09-01 12:28:00,2011-11-29 13:59:00,89,10,4
13148,United Kingdom,8497.82,26,4487,326.84,326.84,172.58,2009-12-07 15:26:00,2011-11-10 15:23:00,702,29,26
13149,United Kingdom,1676.06,4,1280,419.02,419.02,320.0,2011-02-23 13:57:00,2011-11-25 13:09:00,274,14,4
13150,United Kingdom,449.97,3,171,149.99,149.99,57.0,2010-03-19 09:03:00,2010-08-12 12:59:00,146,484,3
13151,United Kingdom,2465.21,3,813,821.74,821.74,271.0,2010-03-22 10:26:00,2011-02-17 12:29:00,332,296,3
13152,United Kingdom,2146.38,7,977,306.63,306.63,139.57,2010-01-14 10:01:00,2010-10-18 13:44:00,277,417,7
13153,United Kingdom,486.22,1,418,486.22,486.22,418.0,2011-12-04 12:14:00,2011-12-04 12:14:00,0,6,1
13154,United Kingdom,1624.84,3,976,541.61,541.61,325.33,2009-12-04 08:46:00,2010-11-05 16:00:00,336,399,3
13155,United Kingdom,1370.48,6,741,228.41,228.41,123.5,2010-08-05 09:30:00,2011-11-06 15:41:00,458,33,6
13156,United Kingdom,1586.54,3,914,528.85,528.85,304.67,2010-02-01 13:45:00,2010-11-19 13:09:00,290,385,3
13157,United Kingdom,5687.36,9,4762,631.93,631.93,529.11,2010-03-08 11:59:00,2011-10-21 13:50:00,592,49,9
13158,United Kingdom,1508.18,5,992,301.64,301.64,198.4,2010-11-16 17:12:00,2011-09-06 11:58:00,293,95,5
13159,United Kingdom,1429.35,4,1058,357.34,357.34,264.5,2011-08-16 11:44:00,2011-12-01 11:20:00,106,9,4
13160,United Kingdom,91.8,1,56,91.8,91.8,56.0,2011-11-17 13:07:00,2011-11-17 13:07:00,0,22,1
13161,United Kingdom,472.13,2,105,236.06,236.06,52.5,2010-07-27 12:44:00,2011-01-30 14:03:00,187,313,2
13162,United Kingdom,9275.49,16,5755,579.72,579.72,359.69,2009-12-04 13:59:00,2011-08-09 15:59:00,613,122,16
13163,United Kingdom,17.65,1,3,17.65,17.65,3.0,2010-04-08 16:21:00,2010-04-08 16:21:00,0,610,1
13164,United Kingdom,372.2,2,120,186.1,186.1,60.0,2010-02-10 11:52:00,2010-05-19 13:52:00,98,569,2
13165,United Kingdom,1451.16,3,1736,483.72,483.72,578.67,2010-10-22 17:04:00,2011-10-24 15:05:00,366,46,3
13166,United Kingdom,875.93,2,522,437.96,437.96,261.0,2010-10-21 14:29:00,2011-03-01 15:16:00,131,283,2
13167,United Kingdom,1125.15,5,1007,225.03,225.03,201.4,2010-11-14 12:58:00,2011-11-21 12:24:00,371,19,5
13168,United Kingdom,1840.73,5,898,368.15,368.15,179.6,2010-06-15 15:00:00,2011-11-03 12:56:00,505,36,5
13169,United Kingdom,840.08,3,296,280.03,280.03,98.67,2010-05-26 15:58:00,2011-10-07 12:11:00,498,64,3
13170,United Kingdom,108.81,1,141,108.81,108.81,141.0,2011-11-13 12:19:00,2011-11-13 12:19:00,0,27,1
13171,United Kingdom,468.41,3,229,156.14,156.14,76.33,2011-02-13 14:16:00,2011-11-18 10:27:00,277,22,3
13172,United Kingdom,69.6,1,48,69.6,69.6,48.0,2010-11-04 15:10:00,2010-11-04 15:10:00,0,400,1
13173,United Kingdom,2399.82,11,1481,218.17,218.17,134.64,2009-12-10 12:52:00,2011-12-05 15:51:00,725,4,11
13174,United Kingdom,7995.36,12,3794,666.28,666.28,316.17,2009-12-04 15:40:00,2011-11-23 14:35:00,718,16,12
13175,United Kingdom,831.45,2,423,415.72,415.72,211.5,2009-12-04 12:11:00,2010-05-06 13:13:00,153,582,2
13176,United Kingdom,481.49,1,448,481.49,481.49,448.0,2011-10-24 15:43:00,2011-10-24 15:43:00,0,46,1
13177,United Kingdom,512.2,2,180,256.1,256.1,90.0,2010-10-05 10:35:00,2011-10-06 09:56:00,365,65,2
13178,United Kingdom,14059.19,21,8778,669.49,669.49,418.0,2009-12-16 14:00:00,2011-11-13 16:14:00,697,26,21
13179,United Kingdom,572.31,1,368,572.31,572.31,368.0,2010-03-31 11:40:00,2010-03-31 11:40:00,0,619,1
13180,United Kingdom,86.1,1,42,86.1,86.1,42.0,2010-04-11 13:37:00,2010-04-11 13:37:00,0,607,1
13181,United Kingdom,359.69,1,171,359.69,359.69,171.0,2010-11-23 15:05:00,2010-11-23 15:05:00,0,381,1
13182,United Kingdom,121.18,1,201,121.18,121.18,201.0,2011-10-25 13:46:00,2011-10-25 13:46:00,0,45,1
13183,United Kingdom,7036.18,15,4027,469.08,469.08,268.47,2010-03-14 12:32:00,2011-12-02 10:30:00,627,8,15
13184,United Kingdom,1668.95,10,1662,166.9,166.9,166.2,2011-02-22 17:25:00,2011-11-25 12:02:00,275,15,10
13185,United Kingdom,71.4,1,12,71.4,71.4,12.0,2011-03-17 11:56:00,2011-03-17 11:56:00,0,268,1
13186,United Kingdom,1575.89,3,820,525.3,525.3,273.33,2011-08-03 09:09:00,2011-10-31 11:40:00,89,40,3
13187,United Kingdom,341.36,4,296,85.34,85.34,74.0,2010-03-25 17:18:00,2011-01-06 18:57:00,287,337,4
13188,United Kingdom,114.6,1,25,114.6,114.6,25.0,2011-11-28 15:28:00,2011-11-28 15:28:00,0,11,1
13189,United Kingdom,260.68,2,842,130.34,130.34,421.0,2011-08-16 13:12:00,2011-11-21 10:39:00,96,19,2
13190,United Kingdom,570.66,3,308,190.22,190.22,102.67,2009-12-07 12:13:00,2010-06-13 15:47:00,188,544,3
13191,United Kingdom,164.69,1,115,164.69,164.69,115.0,2010-02-19 17:02:00,2010-02-19 17:02:00,0,658,1
13192,United Kingdom,2558.58,6,1629,426.43,426.43,271.5,2010-01-22 08:37:00,2011-09-05 14:13:00,591,95,6
13193,United Kingdom,112.08,1,46,112.08,112.08,46.0,2011-10-09 14:30:00,2011-10-09 14:30:00,0,61,1
13194,United Kingdom,472.78,2,326,236.39,236.39,163.0,2010-10-14 11:54:00,2011-07-27 09:01:00,285,136,2
13195,United Kingdom,136.73,1,70,136.73,136.73,70.0,2010-10-21 13:07:00,2010-10-21 13:07:00,0,414,1
13196,United Kingdom,3068.84,7,2006,438.41,438.41,286.57,2010-04-01 12:54:00,2011-11-28 13:54:00,606,11,7
13197,United Kingdom,373.01,1,204,373.01,373.01,204.0,2010-04-09 09:14:00,2010-04-09 09:14:00,0,610,1
13198,United Kingdom,4974.23,8,3449,621.78,621.78,431.12,2010-10-01 13:27:00,2011-11-29 15:17:00,424,10,8
13199,United Kingdom,15964.21,67,11567,238.27,238.27,172.64,2009-12-05 10:11:00,2011-12-06 12:30:00,731,4,67
13200,United Kingdom,870.09,4,516,217.52,217.52,129.0,2011-08-05 14:50:00,2011-11-20 15:35:00,107,19,4
13201,United Kingdom,1233.06,4,1036,308.26,308.26,259.0,2010-03-07 11:01:00,2010-07-25 14:30:00,140,502,4
13202,United Kingdom,1580.3,7,572,225.76,225.76,81.71,2009-12-09 10:48:00,2010-11-10 16:24:00,336,394,7
13203,United Kingdom,2648.25,10,2413,264.82,264.82,241.3,2009-12-17 14:15:00,2011-11-30 10:45:00,712,10,10
13204,United Kingdom,966.66,1,428,966.66,966.66,428.0,2009-12-08 14:56:00,2009-12-08 14:56:00,0,731,1
13205,United Kingdom,2803.2,1,256,2803.2,2803.2,256.0,2010-09-22 16:26:00,2010-09-22 16:26:00,0,443,1
13206,United Kingdom,8308.19,13,7086,639.09,639.09,545.08,2009-12-07 13:48:00,2010-11-04 16:50:00,332,400,13
13207,United Kingdom,535.86,4,178,133.96,133.96,44.5,2010-04-06 16:37:00,2011-11-24 14:52:00,596,15,4
13208,United Kingdom,1976.3,9,1343,219.59,219.59,149.22,2009-12-03 13:25:00,2011-10-12 09:54:00,677,59,9
13209,United Kingdom,8509.51,13,5781,654.58,654.58,444.69,2010-01-24 14:30:00,2011-11-09 13:54:00,653,30,13
13210,United Kingdom,353.48,1,316,353.48,353.48,316.0,2011-09-07 08:18:00,2011-09-07 08:18:00,0,94,1
13211,United Kingdom,2618.77,10,1845,261.88,261.88,184.5,2009-12-06 15:24:00,2011-11-29 14:43:00,722,10,10
13212,United Kingdom,786.83,3,309,262.28,262.28,103.0,2011-10-09 14:48:00,2011-11-20 12:40:00,41,20,3
13213,United Kingdom,3851.52,11,2962,350.14,350.14,269.27,2010-05-20 14:50:00,2011-10-14 11:42:00,511,57,11
13214,United Kingdom,3264.23,7,2966,466.32,466.32,423.71,2010-03-03 14:10:00,2010-10-18 10:00:00,228,418,7
13215,United Kingdom,81.6,1,96,81.6,81.6,96.0,2010-11-02 18:26:00,2010-11-02 18:26:00,0,402,1
13216,United Kingdom,333.74,1,297,333.74,333.74,297.0,2011-03-17 12:18:00,2011-03-17 12:18:00,0,268,1
13217,United Kingdom,666.48,4,512,166.62,166.62,128.0,2010-02-22 12:49:00,2011-08-09 15:32:00,533,122,4
13218,United Kingdom,62.64,1,88,62.64,62.64,88.0,2011-08-04 16:59:00,2011-08-04 16:59:00,0,127,1
13219,United Kingdom,76.23,1,11,76.23,76.23,11.0,2010-03-31 14:18:00,2010-03-31 14:18:00,0,618,1
13220,United Kingdom,1336.09,5,396,267.22,267.22,79.2,2010-05-13 10:35:00,2011-09-22 13:38:00,497,78,5
13221,United Kingdom,847.41,2,244,423.7,423.7,122.0,2010-12-15 13:24:00,2011-04-13 16:58:00,119,240,2
13222,United Kingdom,88.5,1,30,88.5,88.5,30.0,2010-05-11 13:54:00,2010-05-11 13:54:00,0,577,1
13223,United Kingdom,969.12,6,568,161.52,161.52,94.67,2010-02-12 13:27:00,2011-05-23 13:03:00,464,200,6
13224,United Kingdom,2155.95,2,1518,1077.97,1077.97,759.0,2011-07-11 14:10:00,2011-10-10 14:55:00,91,60,2
13225,United Kingdom,16260.07,16,7401,1016.25,1016.25,462.56,2009-12-17 09:09:00,2011-12-06 13:29:00,719,3,16
13226,United Kingdom,312.46,2,179,156.23,156.23,89.5,2010-11-11 13:46:00,2011-03-11 14:35:00,120,273,2
13227,United Kingdom,257.7,1,99,257.7,257.7,99.0,2011-05-22 11:47:00,2011-05-22 11:47:00,0,202,1
13228,United Kingdom,358.0,1,200,358.0,358.0,200.0,2011-09-19 14:28:00,2011-09-19 14:28:00,0,81,1
13229,United Kingdom,160.95,1,63,160.95,160.95,63.0,2011-04-28 12:07:00,2011-04-28 12:07:00,0,226,1
13230,United Kingdom,6120.01,30,3520,204.0,204.0,117.33,2010-03-18 20:02:00,2011-12-05 16:03:00,626,4,30
13232,United Kingdom,1328.35,7,773,189.76,189.76,110.43,2011-04-10 13:48:00,2011-11-27 10:39:00,230,13,7
13233,United Kingdom,1176.46,4,1604,294.12,294.12,401.0,2010-01-14 14:10:00,2011-09-26 13:25:00,619,74,4
13234,United Kingdom,346.5,2,159,173.25,173.25,79.5,2009-12-07 12:32:00,2010-02-05 11:41:00,59,673,2
13235,United Kingdom,1031.07,1,441,1031.07,1031.07,441.0,2011-05-11 17:13:00,2011-05-11 17:13:00,0,212,1
13236,United Kingdom,744.85,2,416,372.42,372.42,208.0,2011-08-25 08:58:00,2011-11-15 12:50:00,82,25,2
13237,United Kingdom,643.0,1,128,643.0,643.0,128.0,2010-11-17 10:07:00,2010-11-17 10:07:00,0,388,1
13238,United Kingdom,1006.63,6,442,167.77,167.77,73.67,2010-04-28 15:02:00,2011-11-22 15:37:00,573,17,6
13239,United Kingdom,1594.69,5,1151,318.94,318.94,230.2,2010-07-25 13:34:00,2011-03-23 10:25:00,240,262,5
13240,United Kingdom,1475.79,8,709,184.47,184.47,88.62,2010-02-25 13:17:00,2011-09-04 14:08:00,556,96,8
13241,United Kingdom,112.53,1,46,112.53,112.53,46.0,2010-10-24 11:17:00,2010-10-24 11:17:00,0,412,1
13242,United Kingdom,699.4,7,350,99.91,99.91,50.0,2010-02-09 13:12:00,2011-08-19 12:53:00,555,112,7
13243,United Kingdom,1220.38,5,554,244.08,244.08,110.8,2010-03-18 13:10:00,2011-05-20 13:14:00,428,203,5
13244,United Kingdom,121.74,1,38,121.74,121.74,38.0,2011-09-08 11:46:00,2011-09-08 11:46:00,0,93,1
13245,United Kingdom,989.22,2,371,494.61,494.61,185.5,2010-10-03 14:03:00,2011-10-20 11:40:00,381,51,2
13246,United Kingdom,3351.75,11,2796,304.7,304.7,254.18,2010-07-02 13:36:00,2011-11-21 16:50:00,507,18,11
13247,United Kingdom,501.12,4,328,125.28,125.28,82.0,2011-09-18 11:31:00,2011-11-22 10:59:00,64,18,4
13248,United Kingdom,465.68,2,305,232.84,232.84,152.5,2011-06-03 13:05:00,2011-08-07 12:40:00,64,125,2
13249,United Kingdom,1608.93,9,1246,178.77,178.77,138.44,2010-01-24 12:11:00,2011-09-08 13:26:00,592,92,9
13250,United Kingdom,253.09,2,107,126.54,126.54,53.5,2010-07-25 14:01:00,2010-09-05 11:33:00,41,461,2
13251,United Kingdom,252.68,1,215,252.68,252.68,215.0,2010-11-02 13:20:00,2010-11-02 13:20:00,0,402,1
13252,United Kingdom,399.3,2,134,199.65,199.65,67.0,2010-03-24 10:30:00,2010-11-10 16:00:00,231,394,2
13253,United Kingdom,2951.11,4,3015,737.78,737.78,753.75,2010-01-05 12:13:00,2011-07-06 10:09:00,546,157,4
13254,United Kingdom,51.41,1,43,51.41,51.41,43.0,2010-11-28 15:42:00,2010-11-28 15:42:00,0,376,1
13255,United Kingdom,678.76,3,407,226.25,226.25,135.67,2010-07-15 13:20:00,2011-11-30 13:14:00,502,9,3
13257,United Kingdom,149.75,1,33,149.75,149.75,33.0,2010-09-29 14:58:00,2010-09-29 14:58:00,0,436,1
13258,United Kingdom,1009.43,5,446,201.89,201.89,89.2,2010-11-04 12:45:00,2011-11-28 09:31:00,388,12,5
13259,United Kingdom,1402.54,9,503,155.84,155.84,55.89,2010-01-10 10:26:00,2011-10-09 10:48:00,637,62,9
13260,United Kingdom,557.62,1,142,557.62,557.62,142.0,2011-10-09 13:21:00,2011-10-09 13:21:00,0,61,1
13261,United Kingdom,944.1,2,210,472.05,472.05,105.0,2011-02-27 10:41:00,2011-03-16 12:22:00,17,269,2
13262,United Kingdom,573.45,3,247,191.15,191.15,82.33,2010-04-18 12:14:00,2011-03-21 15:06:00,337,263,3
13263,United Kingdom,8676.2,39,5372,222.47,222.47,137.74,2010-10-22 17:07:00,2011-12-08 13:59:00,411,1,39
13264,United Kingdom,722.56,1,375,722.56,722.56,375.0,2010-09-23 12:42:00,2010-09-23 12:42:00,0,443,1
13265,United Kingdom,2092.66,5,1740,418.53,418.53,348.0,2011-03-11 09:54:00,2011-10-17 15:02:00,220,53,5
13266,United Kingdom,6135.04,19,6837,322.9,322.9,359.84,2009-12-17 10:52:00,2011-11-28 14:39:00,711,11,19
13267,United Kingdom,9429.81,36,3959,261.94,261.94,109.97,2009-12-07 16:56:00,2011-12-07 11:12:00,729,3,36
13268,United Kingdom,3174.75,11,3624,288.61,288.61,329.45,2011-03-17 13:20:00,2011-11-22 11:51:00,249,18,11
13269,United Kingdom,8537.32,28,6366,304.9,304.9,227.36,2009-12-02 11:47:00,2011-12-08 14:53:00,736,1,28
13270,United Kingdom,590.0,1,200,590.0,590.0,200.0,2010-12-08 14:53:00,2010-12-08 14:53:00,0,366,1
13271,United Kingdom,211.49,1,240,211.49,211.49,240.0,2011-11-02 14:31:00,2011-11-02 14:31:00,0,37,1
13272,United Kingdom,276.56,2,96,138.28,138.28,48.0,2011-09-11 12:06:00,2011-11-08 14:00:00,58,31,2
13273,United Kingdom,138.98,1,153,138.98,138.98,153.0,2011-08-18 14:02:00,2011-08-18 14:02:00,0,113,1
13274,United Kingdom,360.85,1,199,360.85,360.85,199.0,2010-10-26 13:48:00,2010-10-26 13:48:00,0,409,1
13275,United Kingdom,238.86,2,138,119.43,119.43,69.0,2010-03-17 14:05:00,2010-11-21 12:09:00,248,384,2
13276,United Kingdom,1891.91,5,840,378.38,378.38,168.0,2010-03-07 14:05:00,2011-10-07 12:44:00,578,64,5
13277,United Kingdom,523.3,7,382,74.76,74.76,54.57,2010-06-18 08:45:00,2011-11-24 09:21:00,524,16,7
13278,United Kingdom,1435.85,4,1358,358.96,358.96,339.5,2010-04-08 11:59:00,2011-10-30 11:49:00,569,41,4
13279,United Kingdom,137.75,1,73,137.75,137.75,73.0,2011-09-22 17:24:00,2011-09-22 17:24:00,0,78,1
13280,United Kingdom,2293.33,7,1489,327.62,327.62,212.71,2010-03-05 09:07:00,2011-08-09 13:14:00,522,122,7
13281,United Kingdom,350.85,1,201,350.85,350.85,201.0,2010-09-26 16:03:00,2010-09-26 16:03:00,0,439,1
13282,United Kingdom,1313.19,4,410,328.3,328.3,102.5,2010-10-29 14:11:00,2011-11-21 15:33:00,388,18,4
13283,United Kingdom,373.36,4,204,93.34,93.34,51.0,2010-03-09 14:36:00,2011-10-11 09:50:00,580,60,4
13284,United Kingdom,201.19,1,91,201.19,201.19,91.0,2011-01-13 09:23:00,2011-01-13 09:23:00,0,331,1
13285,United Kingdom,3364.59,6,2457,560.76,560.76,409.5,2010-03-25 14:26:00,2011-11-16 13:19:00,600,23,6
13286,United Kingdom,734.91,1,274,734.91,734.91,274.0,2010-04-18 15:35:00,2010-04-18 15:35:00,0,600,1
13287,United Kingdom,781.59,3,429,260.53,260.53,143.0,2010-01-04 10:43:00,2010-04-15 15:26:00,101,603,3
13288,United Kingdom,927.61,5,379,185.52,185.52,75.8,2010-02-11 14:59:00,2010-09-22 16:32:00,223,443,5
13289,United Kingdom,307.95,1,119,307.95,307.95,119.0,2009-12-16 11:53:00,2009-12-16 11:53:00,0,724,1
13290,United Kingdom,208.63,1,1,208.63,208.63,1.0,2010-09-27 16:29:00,2010-09-27 16:29:00,0,438,1
13291,United Kingdom,3270.79,11,1600,297.34,297.34,145.45,2010-02-11 18:36:00,2011-07-07 10:36:00,510,156,11
13292,United Kingdom,994.51,5,530,198.9,198.9,106.0,2010-07-01 14:36:00,2011-11-01 10:04:00,487,39,5
13293,United Kingdom,1192.94,6,555,198.82,198.82,92.5,2010-02-09 12:05:00,2010-11-12 13:28:00,276,392,6
13294,United Kingdom,1689.53,3,996,563.18,563.18,332.0,2010-03-03 12:54:00,2011-06-03 08:54:00,456,190,3
13295,United Kingdom,1101.97,4,733,275.49,275.49,183.25,2010-05-12 09:13:00,2010-12-15 11:21:00,217,360,4
13296,United Kingdom,792.51,6,653,132.08,132.08,108.83,2010-05-11 14:29:00,2011-07-25 13:46:00,439,137,6
13297,United Kingdom,4368.62,7,2694,624.09,624.09,384.86,2010-06-15 12:35:00,2011-12-02 09:32:00,534,8,7
13298,United Kingdom,360.0,1,96,360.0,360.0,96.0,2011-12-08 13:11:00,2011-12-08 13:11:00,0,1,1
13299,United Kingdom,1218.7,3,416,406.23,406.23,138.67,2010-06-29 11:30:00,2011-03-16 12:55:00,260,268,3
13300,United Kingdom,1285.51,3,455,428.5,428.5,151.67,2010-05-14 15:56:00,2011-06-23 13:09:00,404,169,3
13301,United Kingdom,618.09,4,345,154.52,154.52,86.25,2011-02-20 13:13:00,2011-08-28 11:25:00,188,104,4
13302,United Kingdom,159.2,2,12,79.6,79.6,6.0,2010-07-01 12:32:00,2011-07-07 17:56:00,371,155,2
13303,United Kingdom,61.72,1,26,61.72,61.72,26.0,2010-11-04 14:55:00,2010-11-04 14:55:00,0,400,1
13304,United Kingdom,1217.99,4,716,304.5,304.5,179.0,2010-02-08 12:42:00,2010-12-23 14:35:00,318,351,4
13305,United Kingdom,3616.41,16,2228,226.03,226.03,139.25,2010-03-10 14:49:00,2011-12-05 15:15:00,635,4,16
13306,United Kingdom,53.65,1,74,53.65,53.65,74.0,2010-10-05 14:55:00,2010-10-05 14:55:00,0,430,1
13307,United Kingdom,273.34,3,140,91.11,91.11,46.67,2010-04-26 13:28:00,2011-08-11 17:14:00,472,120,3
13308,United Kingdom,1670.37,4,1073,417.59,417.59,268.25,2010-04-22 09:22:00,2011-11-17 09:31:00,574,23,4
13309,United Kingdom,1706.37,6,1914,284.4,284.4,319.0,2010-11-12 12:10:00,2011-12-02 16:34:00,385,7,6
13310,United Kingdom,1541.2,5,816,308.24,308.24,163.2,2010-11-02 17:03:00,2011-11-11 17:23:00,374,28,5
13311,United Kingdom,598.57,2,305,299.29,299.29,152.5,2011-07-12 14:26:00,2011-12-05 12:55:00,145,4,2
13312,United Kingdom,124.75,1,41,124.75,124.75,41.0,2010-09-14 14:36:00,2010-09-14 14:36:00,0,451,1
13313,United Kingdom,3445.32,12,2308,287.11,287.11,192.33,2009-12-02 16:18:00,2011-11-17 16:48:00,715,22,12
13314,United Kingdom,775.94,3,560,258.65,258.65,186.67,2011-09-27 10:20:00,2011-12-08 12:29:00,72,2,3
13315,United Kingdom,310.26,1,232,310.26,310.26,232.0,2010-01-19 15:34:00,2010-01-19 15:34:00,0,689,1
13316,United Kingdom,12940.82,10,19931,1294.08,1294.08,1993.1,2010-03-10 10:01:00,2011-11-02 13:40:00,602,37,10
13317,United Kingdom,6486.09,19,3149,341.37,341.37,165.74,2009-12-13 11:11:00,2011-10-04 13:35:00,660,66,19
13318,United Kingdom,640.76,3,304,213.59,213.59,101.33,2011-11-02 13:26:00,2011-12-08 18:51:00,36,1,3
13319,United Kingdom,21323.22,58,8974,367.64,367.64,154.72,2009-12-06 14:46:00,2011-12-04 13:34:00,727,5,58
13320,United Kingdom,2211.6,6,1509,368.6,368.6,251.5,2010-08-18 10:29:00,2011-09-22 18:07:00,400,78,6
13321,United Kingdom,567.36,2,372,283.68,283.68,186.0,2011-09-14 15:18:00,2011-09-28 15:24:00,14,72,2
13322,United Kingdom,199.48,1,117,199.48,199.48,117.0,2011-11-22 14:21:00,2011-11-22 14:21:00,0,17,1
13323,United Kingdom,787.85,5,175,157.57,157.57,35.0,2011-09-16 13:23:00,2011-12-06 17:12:00,81,3,5
13324,United Kingdom,10513.47,18,8448,584.08,584.08,469.33,2010-05-25 10:23:00,2011-11-03 16:28:00,527,36,18
13325,United Kingdom,675.3,1,240,675.3,675.3,240.0,2011-09-19 10:36:00,2011-09-19 10:36:00,0,82,1
13326,United Kingdom,281.76,1,140,281.76,281.76,140.0,2010-10-03 16:00:00,2010-10-03 16:00:00,0,432,1
13327,United Kingdom,9134.48,20,4203,456.72,456.72,210.15,2009-12-18 15:35:00,2011-11-01 10:21:00,682,39,20
13328,United Kingdom,1308.48,1,680,1308.48,1308.48,680.0,2011-01-27 15:22:00,2011-01-27 15:22:00,0,316,1
13329,United Kingdom,4808.77,8,3311,601.1,601.1,413.88,2009-12-04 15:41:00,2011-11-08 10:29:00,703,32,8
13330,United Kingdom,2796.1,6,1951,466.02,466.02,325.17,2010-02-23 10:12:00,2011-09-08 12:27:00,562,93,6
13331,United Kingdom,262.4,1,54,262.4,262.4,54.0,2010-11-03 08:04:00,2010-11-03 08:04:00,0,402,1
13332,United Kingdom,350.9,1,179,350.9,350.9,179.0,2011-11-25 13:30:00,2011-11-25 13:30:00,0,14,1
13333,United Kingdom,1015.74,3,685,338.58,338.58,228.33,2010-02-19 09:26:00,2010-10-24 13:24:00,247,411,3
13334,United Kingdom,6201.8,5,3198,1240.36,1240.36,639.6,2010-02-25 12:21:00,2011-09-18 15:21:00,570,82,5
13336,United Kingdom,795.12,1,559,795.12,795.12,559.0,2011-09-23 14:05:00,2011-09-23 14:05:00,0,77,1
13337,United Kingdom,1575.26,1,980,1575.26,1575.26,980.0,2010-06-11 13:27:00,2010-06-11 13:27:00,0,546,1
13338,United Kingdom,2445.62,4,1151,611.4,611.4,287.75,2010-01-05 12:25:00,2011-07-05 09:06:00,545,158,4
13339,United Kingdom,860.12,1,326,860.12,860.12,326.0,2011-05-23 08:31:00,2011-05-23 08:31:00,0,201,1
13340,United Kingdom,22100.56,12,9636,1841.71,1841.71,803.0,2010-02-22 14:54:00,2011-10-25 13:15:00,609,45,12
13341,United Kingdom,775.85,1,301,775.85,775.85,301.0,2011-03-24 09:50:00,2011-03-24 09:50:00,0,261,1
13343,United Kingdom,353.43,1,135,353.43,353.43,135.0,2011-06-15 12:24:00,2011-06-15 12:24:00,0,178,1
13344,United Kingdom,2511.69,3,952,837.23,837.23,317.33,2011-03-07 10:28:00,2011-10-03 09:45:00,209,68,3
13345,United Kingdom,389.5,1,141,389.5,389.5,141.0,2011-02-25 09:01:00,2011-02-25 09:01:00,0,288,1
13346,United Kingdom,299.4,6,180,49.9,49.9,30.0,2010-04-22 12:34:00,2010-09-03 11:41:00,133,463,6
13347,United Kingdom,341.36,1,205,341.36,341.36,205.0,2011-09-30 13:28:00,2011-09-30 13:28:00,0,70,1
13348,United Kingdom,233.76,1,136,233.76,233.76,136.0,2011-10-06 17:28:00,2011-10-06 17:28:00,0,64,1
13349,United Kingdom,247.32,1,225,247.32,247.32,225.0,2011-11-29 08:07:00,2011-11-29 08:07:00,0,11,1
13350,United Kingdom,979.12,2,287,489.56,489.56,143.5,2011-09-21 13:33:00,2011-11-23 16:33:00,63,16,2
13351,United Kingdom,373.94,1,117,373.94,373.94,117.0,2011-10-04 12:55:00,2011-10-04 12:55:00,0,66,1
13352,United Kingdom,397.98,1,321,397.98,397.98,321.0,2011-10-10 13:55:00,2011-10-10 13:55:00,0,60,1
13354,United Kingdom,743.53,1,604,743.53,743.53,604.0,2011-09-29 13:17:00,2011-09-29 13:17:00,0,71,1
13355,United Kingdom,674.7,1,314,674.7,674.7,314.0,2011-08-09 14:48:00,2011-08-09 14:48:00,0,122,1
13356,United Kingdom,768.24,1,325,768.24,768.24,325.0,2011-09-20 14:33:00,2011-09-20 14:33:00,0,80,1
13357,United Kingdom,3805.51,5,2112,761.1,761.1,422.4,2010-03-22 14:30:00,2011-03-27 13:56:00,369,257,5
13358,United Kingdom,439.03,1,285,439.03,439.03,285.0,2011-03-16 11:52:00,2011-03-16 11:52:00,0,269,1
13359,United Kingdom,1043.31,2,381,521.66,521.66,190.5,2010-11-01 15:05:00,2011-10-07 09:30:00,339,64,2
13360,United Kingdom,1553.65,4,942,388.41,388.41,235.5,2010-01-08 11:16:00,2010-10-04 12:37:00,269,432,4
13361,United Kingdom,1450.5,2,324,725.25,725.25,162.0,2010-04-01 07:49:00,2010-08-24 14:56:00,145,472,2
13362,United Kingdom,5394.07,7,2481,770.58,770.58,354.43,2010-10-10 15:27:00,2011-11-30 14:41:00,415,9,7
13363,United Kingdom,1723.86,3,1146,574.62,574.62,382.0,2010-10-26 11:07:00,2011-11-22 12:40:00,392,18,3
13364,United Kingdom,134.96,1,71,134.96,134.96,71.0,2011-09-29 18:13:00,2011-09-29 18:13:00,0,71,1
13365,United Kingdom,2225.37,2,1247,1112.68,1112.68,623.5,2011-05-06 12:00:00,2011-11-06 12:36:00,184,34,2
13366,United Kingdom,56.16,1,144,56.16,56.16,144.0,2011-10-20 13:37:00,2011-10-20 13:37:00,0,50,1
13367,United Kingdom,510.2,1,253,510.2,510.2,253.0,2010-10-04 10:00:00,2010-10-04 10:00:00,0,432,1
13368,United Kingdom,1121.5,4,606,280.38,280.38,151.5,2010-10-12 10:43:00,2011-03-28 09:59:00,166,257,4
13369,United Kingdom,308.28,1,149,308.28,308.28,149.0,2010-12-09 11:30:00,2010-12-09 11:30:00,0,366,1
13370,United Kingdom,754.87,1,343,754.87,754.87,343.0,2010-12-03 10:26:00,2010-12-03 10:26:00,0,372,1
13371,United Kingdom,2297.66,2,1019,1148.83,1148.83,509.5,2010-03-17 15:29:00,2010-07-22 17:33:00,127,505,2
13372,United Kingdom,378.64,1,159,378.64,378.64,159.0,2011-09-11 12:46:00,2011-09-11 12:46:00,0,90,1
13373,United Kingdom,7587.19,6,4263,1264.53,1264.53,710.5,2009-12-06 12:34:00,2011-10-10 10:51:00,672,61,6
13374,United Kingdom,422.8,2,135,211.4,211.4,67.5,2010-09-16 10:29:00,2010-10-21 10:04:00,34,415,2
13375,United Kingdom,1792.23,2,1124,896.12,896.12,562.0,2010-09-21 08:12:00,2011-09-12 10:19:00,356,89,2
13376,United Kingdom,1019.76,3,493,339.92,339.92,164.33,2011-04-19 13:03:00,2011-09-01 16:16:00,135,99,3
13377,United Kingdom,1552.88,2,748,776.44,776.44,374.0,2010-03-04 10:06:00,2010-11-08 12:20:00,249,397,2
13379,United Kingdom,572.56,3,601,190.85,190.85,200.33,2011-07-26 12:26:00,2011-11-13 13:45:00,110,26,3
13380,United Kingdom,62.4,1,48,62.4,62.4,48.0,2010-10-03 10:18:00,2010-10-03 10:18:00,0,433,1
13381,United Kingdom,8224.37,12,5125,685.36,685.36,427.08,2009-12-01 15:19:00,2011-11-08 11:58:00,706,32,12
13382,United Kingdom,1387.58,5,863,277.52,277.52,172.6,2009-12-08 09:56:00,2011-03-04 10:03:00,451,281,5
13383,United Kingdom,305.28,1,288,305.28,305.28,288.0,2010-06-14 11:45:00,2010-06-14 11:45:00,0,544,1
13384,United Kingdom,6680.83,11,4142,607.35,607.35,376.55,2010-07-27 12:22:00,2011-11-09 11:04:00,469,31,11
13385,United Kingdom,534.57,1,281,534.57,534.57,281.0,2011-01-14 09:52:00,2011-01-14 09:52:00,0,330,1
13386,United Kingdom,835.46,2,514,417.73,417.73,257.0,2010-09-28 13:09:00,2010-10-21 12:52:00,22,414,2
13387,United Kingdom,186.94,1,123,186.94,186.94,123.0,2010-10-18 14:07:00,2010-10-18 14:07:00,0,417,1
13388,United Kingdom,1185.65,3,701,395.22,395.22,233.67,2010-04-15 10:18:00,2011-07-31 12:52:00,472,131,3
13389,United Kingdom,797.96,3,429,265.99,265.99,143.0,2011-04-21 12:12:00,2011-11-28 14:01:00,221,11,3
13390,United Kingdom,544.08,1,224,544.08,544.08,224.0,2011-09-26 08:38:00,2011-09-26 08:38:00,0,75,1
13391,United Kingdom,59.8,1,4,59.8,59.8,4.0,2011-05-20 10:50:00,2011-05-20 10:50:00,0,204,1
13392,United Kingdom,91.14,1,82,91.14,91.14,82.0,2010-01-31 13:34:00,2010-01-31 13:34:00,0,677,1
13393,United Kingdom,1131.45,4,662,282.86,282.86,165.5,2009-12-07 18:12:00,2010-05-05 09:34:00,148,584,4
13394,United Kingdom,6621.7,19,5354,348.51,348.51,281.79,2009-12-01 11:58:00,2011-12-08 11:36:00,736,2,19
13395,United Kingdom,1180.23,3,1660,393.41,393.41,553.33,2010-10-14 13:00:00,2011-06-07 15:04:00,236,185,3
13396,United Kingdom,1360.99,2,600,680.5,680.5,300.0,2011-01-24 13:37:00,2011-11-10 16:59:00,290,29,2
13397,United Kingdom,3191.87,10,1336,319.19,319.19,133.6,2010-01-20 09:50:00,2011-09-28 10:56:00,616,73,10
13398,United Kingdom,670.34,2,341,335.17,335.17,170.5,2010-09-17 09:34:00,2011-05-31 13:17:00,256,192,2
13399,United Kingdom,275.4,3,120,91.8,91.8,40.0,2010-07-08 17:47:00,2010-09-01 13:59:00,54,464,3
13400,United Kingdom,310.83,1,284,310.83,310.83,284.0,2010-05-06 09:00:00,2010-05-06 09:00:00,0,583,1
13402,United Kingdom,1226.85,4,917,306.71,306.71,229.25,2010-05-24 10:56:00,2011-08-04 15:51:00,437,127,4
13403,United Kingdom,229.5,3,114,76.5,76.5,38.0,2009-12-16 13:23:00,2011-11-22 08:28:00,705,18,3
13404,United Kingdom,252.49,2,111,126.24,126.24,55.5,2011-05-11 11:57:00,2011-12-08 15:37:00,211,1,2
13405,United Kingdom,1213.81,6,855,202.3,202.3,142.5,2009-12-15 14:13:00,2011-09-26 17:01:00,650,74,6
13406,United Kingdom,568.92,2,292,284.46,284.46,146.0,2010-03-18 07:29:00,2010-10-08 14:44:00,204,427,2
13407,United Kingdom,2244.7,3,1690,748.23,748.23,563.33,2010-02-16 11:13:00,2010-05-10 12:41:00,83,579,3
13408,United Kingdom,50174.78,106,28675,473.35,473.35,270.52,2009-12-04 09:31:00,2011-12-08 09:05:00,733,2,106
13410,United Kingdom,2201.96,9,1244,244.66,244.66,138.22,2009-12-08 13:43:00,2011-11-15 15:33:00,707,24,9
13411,United Kingdom,213.55,1,72,213.55,213.55,72.0,2011-08-24 13:57:00,2011-08-24 13:57:00,0,107,1
13412,United Kingdom,487.35,1,176,487.35,487.35,176.0,2010-03-29 16:28:00,2010-03-29 16:28:00,0,620,1
13413,United Kingdom,429.44,6,455,71.57,71.57,75.83,2010-01-21 17:43:00,2010-03-10 12:17:00,47,640,6
13414,United Kingdom,2494.14,6,2702,415.69,415.69,450.33,2010-04-15 17:00:00,2011-07-29 11:45:00,469,134,6
13415,United Kingdom,784.17,4,496,196.04,196.04,124.0,2009-12-11 14:20:00,2010-08-24 11:38:00,255,473,4
13416,United Kingdom,940.8,3,208,313.6,313.6,69.33,2009-12-03 13:02:00,2011-10-27 08:56:00,692,44,3
13417,United Kingdom,1669.49,6,532,278.25,278.25,88.67,2010-02-08 12:39:00,2011-12-05 08:49:00,664,5,6
13418,United Kingdom,11559.66,31,7354,372.89,372.89,237.23,2009-12-11 12:51:00,2011-11-28 10:23:00,716,12,31
13419,United Kingdom,221.06,1,275,221.06,221.06,275.0,2011-10-07 12:49:00,2011-10-07 12:49:00,0,64,1
13420,United Kingdom,159.85,2,101,79.92,79.92,50.5,2011-06-22 11:35:00,2011-07-13 08:48:00,20,150,2
13421,United Kingdom,4058.75,8,2351,507.34,507.34,293.88,2010-02-14 14:45:00,2011-10-30 14:21:00,622,40,8
13422,United Kingdom,2626.3,1,1326,2626.3,2626.3,1326.0,2011-10-06 13:42:00,2011-10-06 13:42:00,0,64,1
13423,United Kingdom,217.03,1,141,217.03,217.03,141.0,2010-10-07 09:02:00,2010-10-07 09:02:00,0,429,1
13424,United Kingdom,572.77,1,529,572.77,572.77,529.0,2010-09-16 10:49:00,2010-09-16 10:49:00,0,450,1
13425,United Kingdom,3390.43,5,2358,678.09,678.09,471.6,2010-05-09 14:35:00,2011-08-23 17:13:00,471,108,5
13426,United Kingdom,8167.38,22,4868,371.24,371.24,221.27,2009-12-09 15:16:00,2011-12-09 08:59:00,729,1,22
13427,United Kingdom,1006.53,6,880,167.76,167.76,146.67,2009-12-17 13:44:00,2011-11-20 13:02:00,702,19,6
13428,United Kingdom,478.54,3,356,159.51,159.51,118.67,2010-07-13 13:20:00,2011-11-29 14:20:00,504,10,3
13429,United Kingdom,1006.8,4,1390,251.7,251.7,347.5,2011-09-25 15:59:00,2011-11-29 09:10:00,64,11,4
13430,United Kingdom,679.45,2,751,339.72,339.72,375.5,2011-09-14 14:26:00,2011-11-21 08:19:00,67,19,2
13431,United Kingdom,3316.24,8,1570,414.53,414.53,196.25,2010-02-18 11:53:00,2011-10-03 13:49:00,592,67,8
13432,United Kingdom,439.1,2,217,219.55,219.55,108.5,2010-04-06 14:42:00,2010-05-17 13:18:00,40,571,2
13433,United Kingdom,658.32,4,190,164.58,164.58,47.5,2010-01-12 08:59:00,2010-07-26 16:55:00,195,501,4
13434,United Kingdom,1666.86,5,864,333.37,333.37,172.8,2010-02-22 09:54:00,2011-09-26 14:30:00,581,74,5
13435,United Kingdom,4447.33,9,2754,494.15,494.15,306.0,2010-07-27 16:56:00,2011-12-04 14:45:00,494,5,9
13436,United Kingdom,196.89,1,76,196.89,196.89,76.0,2011-12-08 10:33:00,2011-12-08 10:33:00,0,2,1
13437,United Kingdom,3408.06,7,1283,486.87,486.87,183.29,2011-06-02 14:30:00,2011-11-25 14:00:00,175,14,7
13438,United Kingdom,46.5,1,10,46.5,46.5,10.0,2010-06-10 18:46:00,2010-06-10 18:46:00,0,547,1
13439,United Kingdom,986.61,3,952,328.87,328.87,317.33,2010-07-01 14:36:00,2011-03-29 14:20:00,270,255,3
13440,United Kingdom,1295.25,7,573,185.04,185.04,81.86,2010-09-14 10:34:00,2010-10-12 13:11:00,28,423,7
13441,United Kingdom,720.9,2,520,360.45,360.45,260.0,2010-10-04 10:38:00,2011-09-09 09:38:00,339,92,2
13442,United Kingdom,419.87,3,115,139.96,139.96,38.33,2009-12-01 14:59:00,2010-02-10 14:03:00,70,667,3
13443,United Kingdom,1273.16,6,805,212.19,212.19,134.17,2010-01-31 13:30:00,2010-09-17 12:31:00,228,449,6
13444,United Kingdom,619.08,2,331,309.54,309.54,165.5,2010-07-21 14:34:00,2010-11-30 13:02:00,131,374,2
13445,United Kingdom,241.9,1,198,241.9,241.9,198.0,2010-03-23 15:34:00,2010-03-23 15:34:00,0,626,1
13446,United Kingdom,3881.89,11,2403,352.9,352.9,218.45,2010-02-14 11:52:00,2010-10-05 18:51:00,233,430,11
13447,United Kingdom,1129.14,3,584,376.38,376.38,194.67,2011-11-04 10:10:00,2011-11-16 13:38:00,12,23,3
13448,United Kingdom,8745.93,13,4195,672.76,672.76,322.69,2009-12-06 12:14:00,2011-11-23 12:33:00,717,17,13
13449,United Kingdom,291.88,1,222,291.88,291.88,222.0,2011-11-16 08:28:00,2011-11-16 08:28:00,0,24,1
13450,United Kingdom,4120.04,13,4318,316.93,316.93,332.15,2010-04-15 19:15:00,2011-11-13 11:54:00,576,27,13
13451,United Kingdom,7090.06,11,5229,644.55,644.55,475.36,2010-03-21 16:13:00,2011-11-13 15:58:00,601,26,11
13452,United Kingdom,729.8,3,6,243.27,243.27,2.0,2010-08-24 09:53:00,2011-03-25 14:19:00,213,259,3
13453,United Kingdom,781.69,3,341,260.56,260.56,113.67,2010-11-02 13:23:00,2011-06-27 09:34:00,236,166,3
13454,United Kingdom,219.87,1,198,219.87,219.87,198.0,2010-03-08 14:40:00,2010-03-08 14:40:00,0,641,1
13455,United Kingdom,2212.99,6,795,368.83,368.83,132.5,2009-12-09 08:58:00,2011-11-15 11:21:00,706,25,6
13456,United Kingdom,1766.72,6,765,294.45,294.45,127.5,2011-05-16 15:34:00,2011-11-22 09:18:00,189,18,6
13457,United Kingdom,148.22,2,96,74.11,74.11,48.0,2009-12-02 12:46:00,2010-01-20 08:48:00,48,689,2
13458,United Kingdom,11959.27,16,6760,747.45,747.45,422.5,2010-11-16 14:01:00,2011-12-02 15:29:00,381,7,16
13459,United Kingdom,1160.41,2,986,580.21,580.21,493.0,2010-01-26 13:35:00,2010-03-25 10:24:00,57,625,2
13460,United Kingdom,183.44,2,286,91.72,91.72,143.0,2011-10-21 09:50:00,2011-11-10 17:17:00,20,29,2
13461,United Kingdom,4160.0,6,3132,693.33,693.33,522.0,2010-04-21 16:01:00,2011-11-01 09:01:00,558,39,6
13462,United Kingdom,1153.85,5,697,230.77,230.77,139.4,2009-12-14 09:48:00,2011-04-01 11:20:00,473,253,5
13464,United Kingdom,3097.64,6,1440,516.27,516.27,240.0,2010-03-31 15:22:00,2011-10-12 15:01:00,559,58,6
13465,United Kingdom,931.12,2,584,465.56,465.56,292.0,2010-05-02 15:30:00,2010-09-19 15:13:00,139,446,2
13466,United Kingdom,1013.35,5,660,202.67,202.67,132.0,2010-03-21 13:50:00,2011-06-08 16:39:00,444,184,5
13467,United Kingdom,1071.91,2,580,535.96,535.96,290.0,2011-11-03 16:56:00,2011-11-29 10:01:00,25,11,2
13468,United Kingdom,12793.28,72,5617,177.68,177.68,78.01,2009-12-03 13:32:00,2011-12-08 10:39:00,734,2,72
13469,United Kingdom,82.4,1,52,82.4,82.4,52.0,2010-02-24 15:03:00,2010-02-24 15:03:00,0,653,1
13470,United Kingdom,165.0,2,100,82.5,82.5,50.0,2011-08-16 17:06:00,2011-09-01 14:57:00,15,99,2
13471,United Kingdom,2501.84,4,1583,625.46,625.46,395.75,2011-10-23 13:10:00,2011-12-08 15:44:00,46,1,4
13472,United Kingdom,592.24,2,310,296.12,296.12,155.0,2010-06-02 09:48:00,2010-09-02 09:41:00,91,464,2
13473,United Kingdom,2657.76,8,1000,332.22,332.22,125.0,2009-12-15 19:02:00,2011-10-10 11:20:00,663,61,8
13474,United Kingdom,646.59,3,318,215.53,215.53,106.0,2010-08-01 14:40:00,2011-04-17 13:53:00,258,236,3
13475,United Kingdom,1431.78,4,1012,357.94,357.94,253.0,2011-02-14 12:36:00,2011-06-01 13:52:00,107,191,4
13476,United Kingdom,2061.47,5,713,412.29,412.29,142.6,2010-03-05 09:39:00,2011-06-14 12:00:00,466,179,5
13477,United Kingdom,2819.17,11,2091,256.29,256.29,190.09,2010-01-25 11:52:00,2011-11-02 12:04:00,646,38,11
13478,United Kingdom,2215.78,5,1189,443.16,443.16,237.8,2010-01-31 15:51:00,2010-08-27 13:23:00,207,469,5
13479,United Kingdom,851.37,4,716,212.84,212.84,179.0,2010-08-19 16:18:00,2011-05-23 10:45:00,276,201,4
13480,United Kingdom,627.82,2,362,313.91,313.91,181.0,2010-01-29 12:35:00,2010-10-19 11:53:00,262,417,2
13481,United Kingdom,3830.84,11,2055,348.26,348.26,186.82,2009-12-04 12:37:00,2011-10-25 09:07:00,689,46,11
13482,United Kingdom,336.09,2,187,168.04,168.04,93.5,2010-03-22 10:31:00,2011-04-21 17:03:00,395,232,2
13483,United Kingdom,140.34,1,160,140.34,140.34,160.0,2011-10-05 11:53:00,2011-10-05 11:53:00,0,66,1
13484,United Kingdom,790.72,3,224,263.57,263.57,74.67,2010-03-10 11:46:00,2011-04-12 16:30:00,398,241,3
13485,United Kingdom,3019.22,11,1798,274.47,274.47,163.45,2009-12-03 13:46:00,2011-04-20 13:58:00,503,233,11
13486,United Kingdom,1122.41,3,669,374.14,374.14,223.0,2011-07-07 17:19:00,2011-09-22 13:13:00,76,78,3
13487,United Kingdom,846.87,5,362,169.37,169.37,72.4,2009-12-05 10:25:00,2011-10-13 12:07:00,677,58,5
13488,United Kingdom,14205.96,23,7375,617.65,617.65,320.65,2010-01-25 10:13:00,2011-11-22 14:41:00,666,17,23
13489,United Kingdom,449.52,4,560,112.38,112.38,140.0,2011-02-18 10:42:00,2011-08-26 13:16:00,189,105,4
13490,United Kingdom,154.25,1,25,154.25,154.25,25.0,2010-02-23 14:48:00,2010-02-23 14:48:00,0,654,1
13491,United Kingdom,4467.66,27,2349,165.47,165.47,87.0,2009-12-07 08:24:00,2011-10-19 08:32:00,681,52,27
13492,Switzerland,1269.84,3,408,423.28,423.28,136.0,2011-05-09 10:06:00,2011-07-26 14:25:00,78,136,3
13493,Switzerland,618.63,2,380,309.32,309.32,190.0,2011-02-25 16:42:00,2011-03-09 15:35:00,11,275,2
13494,United Kingdom,316.26,1,162,316.26,316.26,162.0,2011-02-01 11:58:00,2011-02-01 11:58:00,0,312,1
13495,United Kingdom,4863.31,10,2465,486.33,486.33,246.5,2009-12-07 12:12:00,2011-12-02 11:21:00,724,8,10
13496,United Kingdom,653.33,2,341,326.67,326.67,170.5,2010-12-15 10:17:00,2011-11-29 10:58:00,349,11,2
13497,United Kingdom,1166.83,6,525,194.47,194.47,87.5,2010-02-08 10:27:00,2011-03-02 09:04:00,386,283,6
13498,United Kingdom,327.38,1,362,327.38,327.38,362.0,2009-12-09 15:26:00,2009-12-09 15:26:00,0,730,1
13499,United Kingdom,1159.11,5,1365,231.82,231.82,273.0,2011-03-15 08:52:00,2011-11-22 11:21:00,252,18,5
13500,United Kingdom,1466.3,4,838,366.58,366.58,209.5,2010-11-03 13:16:00,2011-11-16 15:35:00,378,23,4
13501,Switzerland,2885.11,3,1253,961.7,961.7,417.67,2010-05-18 13:24:00,2011-02-24 18:59:00,282,288,3
13502,United Kingdom,780.5,5,490,156.1,156.1,98.0,2010-06-09 10:52:00,2011-11-23 10:39:00,531,17,5
13503,United Kingdom,1859.24,6,1105,309.87,309.87,184.17,2010-02-16 13:49:00,2011-09-29 13:23:00,589,71,6
13504,United Kingdom,295.93,1,178,295.93,295.93,178.0,2011-10-06 13:20:00,2011-10-06 13:20:00,0,64,1
13505,Switzerland,4393.63,4,2486,1098.41,1098.41,621.5,2011-04-21 12:07:00,2011-09-28 11:56:00,159,73,4
13506,United Kingdom,1338.08,5,942,267.62,267.62,188.4,2010-09-05 12:33:00,2011-01-27 13:53:00,144,316,5
13507,United Kingdom,2479.16,4,1597,619.79,619.79,399.25,2011-07-17 11:50:00,2011-12-06 13:13:00,142,3,4
13508,United Kingdom,287.05,2,180,143.52,143.52,90.0,2010-03-07 11:58:00,2011-04-10 11:58:00,399,244,2
13509,United Kingdom,1114.72,8,1214,139.34,139.34,151.75,2010-07-20 12:10:00,2011-12-01 10:10:00,498,9,8
13510,United Kingdom,4558.29,11,3044,414.39,414.39,276.73,2009-12-21 11:53:00,2011-12-08 13:46:00,717,1,11
13511,United Kingdom,282.76,1,60,282.76,282.76,60.0,2010-02-01 12:10:00,2010-02-01 12:10:00,0,677,1
13512,United Kingdom,713.39,4,419,178.35,178.35,104.75,2010-05-05 13:22:00,2011-03-24 10:03:00,322,261,4
13513,United Kingdom,824.59,3,364,274.86,274.86,121.33,2010-02-22 16:36:00,2011-08-05 11:50:00,528,127,3
13514,United Kingdom,815.9,4,288,203.98,203.98,72.0,2010-01-26 15:11:00,2011-09-27 09:39:00,608,74,4
13515,United Kingdom,1265.82,6,819,210.97,210.97,136.5,2010-03-05 11:58:00,2011-09-28 11:26:00,571,73,6
13516,United Kingdom,1685.26,4,1114,421.32,421.32,278.5,2010-10-18 08:52:00,2011-11-18 13:15:00,396,21,4
13517,United Kingdom,2128.42,3,1369,709.47,709.47,456.33,2011-06-13 08:44:00,2011-10-11 11:43:00,120,60,3
13518,United Kingdom,627.16,1,382,627.16,627.16,382.0,2011-09-15 10:29:00,2011-09-15 10:29:00,0,86,1
13519,United Kingdom,343.21,2,133,171.6,171.6,66.5,2010-09-23 11:45:00,2011-09-22 18:24:00,364,78,2
13520,Switzerland,6606.0,11,3179,600.55,600.55,289.0,2009-12-17 11:11:00,2011-10-12 10:20:00,663,59,11
13521,United Kingdom,1071.73,3,718,357.24,357.24,239.33,2011-11-29 15:09:00,2011-12-08 13:50:00,8,1,3
13522,United Kingdom,125.8,1,44,125.8,125.8,44.0,2011-11-09 15:11:00,2011-11-09 15:11:00,0,30,1
13523,United Kingdom,4534.57,6,1989,755.76,755.76,331.5,2010-11-02 14:55:00,2011-11-06 15:11:00,369,33,6
13524,United Kingdom,680.18,5,324,136.04,136.04,64.8,2011-05-04 12:26:00,2011-10-30 12:34:00,179,41,5
13525,United Kingdom,628.78,2,394,314.39,314.39,197.0,2011-04-05 15:36:00,2011-11-25 12:01:00,233,15,2
13526,United Kingdom,1182.0,2,1911,591.0,591.0,955.5,2009-12-01 12:56:00,2009-12-01 13:13:00,0,738,2
13527,United Kingdom,4541.29,12,2736,378.44,378.44,228.0,2010-01-21 12:37:00,2011-11-06 12:04:00,653,34,12
13529,United Kingdom,307.76,2,74,153.88,153.88,37.0,2011-05-19 11:50:00,2011-09-22 09:15:00,125,79,2
13530,United Kingdom,402.98,1,272,402.98,402.98,272.0,2010-03-15 14:10:00,2010-03-15 14:10:00,0,634,1
13531,United Kingdom,1433.07,6,497,238.84,238.84,82.83,2009-12-03 15:20:00,2011-05-18 16:56:00,531,205,6
13532,United Kingdom,210.31,1,129,210.31,210.31,129.0,2011-11-06 12:25:00,2011-11-06 12:25:00,0,34,1
13533,United Kingdom,269.09,3,202,89.7,89.7,67.33,2011-03-17 12:47:00,2011-06-10 11:54:00,84,183,3
13534,United Kingdom,7720.9,35,3869,220.6,220.6,110.54,2010-07-07 15:00:00,2011-12-07 14:52:00,517,2,35
13535,United Kingdom,89.5,1,10,89.5,89.5,10.0,2010-11-02 11:49:00,2010-11-02 11:49:00,0,403,1
13536,United Kingdom,3444.39,7,2126,492.06,492.06,303.71,2011-09-25 13:30:00,2011-12-08 16:38:00,74,1,7
13537,United Kingdom,717.85,2,337,358.92,358.92,168.5,2010-09-14 10:41:00,2010-10-10 12:45:00,26,426,2
13538,United Kingdom,3103.13,12,959,258.59,258.59,79.92,2010-02-02 12:47:00,2011-10-27 16:34:00,632,43,12
13539,United Kingdom,1569.36,7,710,224.19,224.19,101.43,2010-04-28 12:04:00,2011-09-15 10:18:00,504,86,7
13540,United Kingdom,632.39,3,189,210.8,210.8,63.0,2010-02-22 09:22:00,2010-08-29 14:20:00,188,467,3
13541,United Kingdom,785.25,2,279,392.62,392.62,139.5,2010-05-18 16:15:00,2010-10-08 16:37:00,143,427,2
13542,United Kingdom,3959.49,17,804,232.91,232.91,47.29,2009-12-10 19:53:00,2010-11-28 11:24:00,352,377,17
13543,United Kingdom,1439.61,2,329,719.8,719.8,164.5,2010-01-21 14:30:00,2010-03-15 13:34:00,52,634,2
13544,United Kingdom,790.2,6,331,131.7,131.7,55.17,2010-03-05 11:31:00,2011-10-31 11:57:00,605,40,6
13545,United Kingdom,364.93,2,252,182.46,182.46,126.0,2010-06-13 11:49:00,2010-11-14 11:27:00,153,391,2
13546,United Kingdom,1086.24,5,587,217.25,217.25,117.4,2010-10-11 17:23:00,2011-11-27 14:50:00,411,12,5
13547,United Kingdom,167.08,1,79,167.08,167.08,79.0,2010-10-27 14:14:00,2010-10-27 14:14:00,0,408,1
13548,United Kingdom,901.44,3,558,300.48,300.48,186.0,2010-08-25 13:44:00,2011-09-04 14:50:00,375,96,3
13549,United Kingdom,1005.8,8,554,125.72,125.72,69.25,2010-11-17 12:17:00,2011-11-14 09:20:00,361,26,8
13550,United Kingdom,342.55,1,430,342.55,342.55,430.0,2010-11-21 15:24:00,2010-11-21 15:24:00,0,383,1
13551,United Kingdom,244.2,2,36,122.1,122.1,18.0,2010-02-11 15:01:00,2011-01-24 14:46:00,346,319,2
13552,United Kingdom,6948.92,22,2630,315.86,315.86,119.55,2010-02-19 13:28:00,2011-10-04 15:19:00,592,66,22
13553,United Kingdom,499.6,1,201,499.6,499.6,201.0,2010-02-03 12:21:00,2010-02-03 12:21:00,0,675,1
13554,United Kingdom,1629.35,7,578,232.76,232.76,82.57,2010-09-19 12:39:00,2010-11-24 15:05:00,66,380,7
13555,United Kingdom,8891.84,13,4762,683.99,683.99,366.31,2010-01-19 13:20:00,2011-09-27 12:36:00,615,74,13
13556,United Kingdom,200.82,2,134,100.41,100.41,67.0,2010-09-30 09:01:00,2010-10-06 16:44:00,6,429,2
13557,United Kingdom,3032.26,13,2398,233.25,233.25,184.46,2009-12-08 17:41:00,2011-11-11 15:24:00,702,28,13
13558,United Kingdom,594.52,4,338,148.63,148.63,84.5,2011-10-02 13:01:00,2011-12-04 11:24:00,62,6,4
13559,United Kingdom,990.0,2,360,495.0,495.0,180.0,2010-06-14 11:52:00,2010-07-15 09:52:00,30,513,2
13560,United Kingdom,171.42,1,63,171.42,171.42,63.0,2011-12-02 13:11:00,2011-12-02 13:11:00,0,7,1
13561,United Kingdom,1803.4,11,1125,163.95,163.95,102.27,2010-02-28 13:42:00,2011-05-08 12:39:00,433,216,11
13562,United Kingdom,4838.18,8,1603,604.77,604.77,200.38,2010-01-14 16:33:00,2011-09-19 10:51:00,612,82,8
13563,United Kingdom,777.53,2,209,388.76,388.76,104.5,2011-07-22 17:21:00,2011-09-16 14:45:00,55,84,2
13564,United Kingdom,16498.97,37,8878,445.92,445.92,239.95,2009-12-02 11:55:00,2011-07-18 14:33:00,593,144,37
13565,United Kingdom,414.8,3,260,138.27,138.27,86.67,2010-10-24 15:51:00,2011-11-20 14:33:00,391,19,3
13566,United Kingdom,1688.6,5,1257,337.72,337.72,251.4,2010-03-10 12:22:00,2011-10-30 11:59:00,598,41,5
13567,United Kingdom,1079.29,4,643,269.82,269.82,160.75,2010-06-16 12:48:00,2010-10-07 12:51:00,113,428,4
13568,United Kingdom,187.05,1,66,187.05,187.05,66.0,2011-06-19 14:42:00,2011-06-19 14:42:00,0,173,1
13569,United Kingdom,726.54,4,345,181.64,181.64,86.25,2010-10-07 13:05:00,2011-11-22 13:07:00,411,17,4
13570,United Kingdom,239.49,1,161,239.49,239.49,161.0,2011-04-10 13:36:00,2011-04-10 13:36:00,0,243,1
13571,United Kingdom,4537.26,26,3191,174.51,174.51,122.73,2009-12-08 13:02:00,2011-11-27 10:47:00,718,13,26
13572,United Kingdom,1384.25,1,534,1384.25,1384.25,534.0,2011-05-18 11:59:00,2011-05-18 11:59:00,0,206,1
13573,United Kingdom,904.52,6,647,150.75,150.75,107.83,2010-03-12 16:06:00,2011-10-20 14:33:00,586,50,6
13574,United Kingdom,404.45,1,304,404.45,404.45,304.0,2010-10-24 13:28:00,2010-10-24 13:28:00,0,411,1
13575,United Kingdom,732.07,5,449,146.41,146.41,89.8,2011-06-16 14:24:00,2011-11-16 13:14:00,152,23,5
13576,United Kingdom,11202.59,28,4506,400.09,400.09,160.93,2009-12-08 15:12:00,2011-11-29 15:34:00,721,10,28
13577,United Kingdom,3489.28,11,1661,317.21,317.21,151.0,2009-12-14 16:10:00,2011-11-14 15:19:00,699,25,11
13578,United Kingdom,147.66,1,127,147.66,147.66,127.0,2010-10-26 13:44:00,2010-10-26 13:44:00,0,409,1
13579,United Kingdom,1374.34,5,718,274.87,274.87,143.6,2010-02-18 13:53:00,2011-11-25 08:41:00,644,15,5
13580,United Kingdom,107.75,1,45,107.75,107.75,45.0,2010-10-29 15:01:00,2010-10-29 15:01:00,0,406,1
13581,United Kingdom,280.53,2,119,140.26,140.26,59.5,2010-10-21 16:30:00,2011-02-03 14:41:00,104,309,2
13582,United Kingdom,241.68,2,106,120.84,120.84,53.0,2010-04-01 11:38:00,2010-11-15 11:34:00,227,390,2
13583,United Kingdom,1445.03,2,1097,722.52,722.52,548.5,2010-01-29 13:53:00,2011-07-07 10:40:00,523,156,2
13584,United Kingdom,385.7,3,360,128.57,128.57,120.0,2010-02-02 08:40:00,2011-02-06 12:49:00,369,307,3
13585,United Kingdom,684.54,3,1386,228.18,228.18,462.0,2009-12-01 14:56:00,2010-06-27 12:33:00,207,531,3
13586,United Kingdom,127.28,1,38,127.28,127.28,38.0,2010-06-16 13:47:00,2010-06-16 13:47:00,0,541,1
13587,United Kingdom,1673.5,4,664,418.38,418.38,166.0,2010-02-14 13:17:00,2011-10-07 12:31:00,599,64,4
13588,United Kingdom,2478.95,9,2606,275.44,275.44,289.56,2011-03-29 15:53:00,2011-11-24 10:42:00,239,16,9
13589,United Kingdom,1120.74,6,293,186.79,186.79,48.83,2009-12-06 10:26:00,2011-11-25 12:10:00,719,15,6
13590,United Kingdom,6336.04,18,5271,352.0,352.0,292.83,2009-12-01 13:37:00,2011-11-28 12:54:00,726,11,18
13591,United Kingdom,2093.94,7,850,299.13,299.13,121.43,2009-12-14 15:44:00,2011-10-06 12:26:00,660,65,7
13592,United Kingdom,247.96,4,84,61.99,61.99,21.0,2011-03-20 14:01:00,2011-11-04 09:49:00,228,36,4
13593,United Kingdom,5493.29,14,2170,392.38,392.38,155.0,2010-03-02 16:36:00,2011-08-23 13:35:00,538,108,14
13594,United Kingdom,533.32,2,396,266.66,266.66,198.0,2010-08-11 10:23:00,2011-10-18 10:19:00,432,53,2
13595,United Kingdom,784.48,3,341,261.49,261.49,113.67,2010-03-03 14:42:00,2010-07-11 12:36:00,129,517,3
13596,United Kingdom,664.11,2,384,332.06,332.06,192.0,2011-11-27 11:57:00,2011-12-04 12:01:00,7,6,2
13597,United Kingdom,396.71,2,231,198.36,198.36,115.5,2010-11-02 09:30:00,2010-11-04 14:54:00,2,400,2
13598,United Kingdom,761.96,5,393,152.39,152.39,78.6,2010-02-26 11:22:00,2011-10-23 14:28:00,604,47,5
13599,United Kingdom,9811.04,33,6248,297.3,297.3,189.33,2009-12-01 12:30:00,2011-12-08 16:10:00,737,1,33
13600,United Kingdom,518.42,2,599,259.21,259.21,299.5,2010-03-15 17:16:00,2011-01-31 15:27:00,321,312,2
13601,United Kingdom,1159.99,4,957,290.0,290.0,239.25,2010-06-11 15:03:00,2011-10-25 17:31:00,501,45,4
13602,United Kingdom,1025.17,4,538,256.29,256.29,134.5,2010-05-28 11:49:00,2011-10-06 11:47:00,495,65,4
13603,United Kingdom,164.34,1,164,164.34,164.34,164.0,2011-11-13 15:57:00,2011-11-13 15:57:00,0,26,1
13604,United Kingdom,717.62,1,242,717.62,717.62,242.0,2010-02-19 12:02:00,2010-02-19 12:02:00,0,659,1
13605,United Kingdom,522.67,2,425,261.33,261.33,212.5,2010-05-17 15:46:00,2010-11-17 17:16:00,184,387,2
13606,United Kingdom,276.75,3,276,92.25,92.25,92.0,2011-02-01 11:42:00,2011-11-10 17:46:00,282,29,3
13607,United Kingdom,1075.81,2,466,537.9,537.9,233.0,2010-11-02 11:48:00,2011-10-30 16:17:00,362,40,2
13608,United Kingdom,232.05,1,110,232.05,232.05,110.0,2010-06-17 12:28:00,2010-06-17 12:28:00,0,541,1
13609,United Kingdom,167.35,1,19,167.35,167.35,19.0,2010-04-25 13:26:00,2010-04-25 13:26:00,0,593,1
13610,United Kingdom,2103.71,14,869,150.27,150.27,62.07,2010-01-05 14:12:00,2011-11-27 15:38:00,691,12,14
13611,United Kingdom,3297.93,10,1988,329.79,329.79,198.8,2009-12-03 07:57:00,2011-09-11 14:51:00,647,89,10
13612,United Kingdom,818.29,1,444,818.29,818.29,444.0,2010-03-17 12:14:00,2010-03-17 12:14:00,0,633,1
13613,United Kingdom,1039.85,5,445,207.97,207.97,89.0,2010-02-17 12:40:00,2010-09-13 12:01:00,207,453,5
13614,United Kingdom,2332.74,6,821,388.79,388.79,136.83,2010-06-06 13:42:00,2011-11-15 14:47:00,527,24,6
13615,United Kingdom,6272.53,8,2910,784.07,784.07,363.75,2010-01-28 15:43:00,2011-01-25 08:21:00,361,319,8
13616,United Kingdom,283.85,2,172,141.93,141.93,86.0,2010-01-17 14:56:00,2010-05-20 12:59:00,122,568,2
13617,United Kingdom,1278.75,8,593,159.84,159.84,74.12,2010-08-01 15:23:00,2011-10-30 13:50:00,454,40,8
13618,United Kingdom,177.34,1,246,177.34,177.34,246.0,2011-06-19 11:09:00,2011-06-19 11:09:00,0,174,1
13619,United Kingdom,224.94,2,79,112.47,112.47,39.5,2010-02-03 14:16:00,2010-06-13 11:39:00,129,545,2
13620,United Kingdom,112.34,1,74,112.34,112.34,74.0,2010-06-29 15:02:00,2010-06-29 15:02:00,0,528,1
13621,United Kingdom,213.85,1,343,213.85,213.85,343.0,2011-08-15 08:26:00,2011-08-15 08:26:00,0,117,1
13622,United Kingdom,658.95,1,379,658.95,658.95,379.0,2010-01-12 13:22:00,2010-01-12 13:22:00,0,696,1
13623,United Kingdom,2533.06,10,1010,253.31,253.31,101.0,2009-12-02 13:57:00,2011-11-09 12:00:00,706,31,10
13624,United Kingdom,462.08,1,820,462.08,462.08,820.0,2010-11-16 13:43:00,2010-11-16 13:43:00,0,388,1
13625,United Kingdom,301.26,1,144,301.26,301.26,144.0,2010-04-22 10:50:00,2010-04-22 10:50:00,0,597,1
13626,United Kingdom,707.04,2,398,353.52,353.52,199.0,2010-11-25 16:12:00,2011-04-01 10:05:00,126,253,2
13627,United Kingdom,2245.9,7,1632,320.84,320.84,233.14,2010-03-09 14:03:00,2011-10-11 14:20:00,581,59,7
13628,United Kingdom,310.14,1,106,310.14,310.14,106.0,2010-02-01 14:44:00,2010-02-01 14:44:00,0,676,1
13629,United Kingdom,13370.86,19,7722,703.73,703.73,406.42,2010-02-11 17:34:00,2011-11-16 13:21:00,642,23,19
13630,United Kingdom,2031.78,7,1391,290.25,290.25,198.71,2011-02-27 12:49:00,2011-12-04 15:16:00,280,5,7
13631,United Kingdom,3070.42,11,467,279.13,279.13,42.45,2011-03-17 17:13:00,2011-09-01 09:57:00,167,100,11
13632,United Kingdom,3645.81,8,1633,455.73,455.73,204.12,2010-04-07 10:59:00,2011-11-15 10:51:00,586,25,8
13634,United Kingdom,5033.77,16,2090,314.61,314.61,130.62,2010-01-10 14:26:00,2011-11-06 13:40:00,664,33,16
13635,United Kingdom,2999.16,4,1884,749.79,749.79,471.0,2009-12-01 09:46:00,2011-10-03 10:55:00,671,68,4
13636,United Kingdom,949.12,5,592,189.82,189.82,118.4,2011-02-27 14:29:00,2011-11-03 10:30:00,248,37,5
13637,United Kingdom,804.3,3,405,268.1,268.1,135.0,2011-04-27 13:06:00,2011-10-18 13:32:00,174,52,3
13638,United Kingdom,122.64,1,93,122.64,122.64,93.0,2011-11-24 10:38:00,2011-11-24 10:38:00,0,16,1
13639,United Kingdom,1346.27,2,997,673.14,673.14,498.5,2010-09-29 10:05:00,2011-09-26 13:36:00,362,74,2
13640,United Kingdom,405.0,1,108,405.0,405.0,108.0,2010-04-07 15:33:00,2010-04-07 15:33:00,0,611,1
13641,United Kingdom,1016.47,5,1098,203.29,203.29,219.6,2009-12-05 13:17:00,2010-03-09 07:37:00,93,641,5
13642,United Kingdom,472.2,4,231,118.05,118.05,57.75,2010-10-03 12:23:00,2011-05-08 12:34:00,217,216,4
13643,United Kingdom,2156.77,10,902,215.68,215.68,90.2,2009-12-08 12:48:00,2011-11-08 15:37:00,700,31,10
13644,United Kingdom,2624.26,4,2067,656.06,656.06,516.75,2011-08-26 11:53:00,2011-11-23 14:07:00,89,16,4
13645,United Kingdom,252.1,1,158,252.1,252.1,158.0,2011-08-11 16:11:00,2011-08-11 16:11:00,0,120,1
13646,United Kingdom,326.25,2,79,163.12,163.12,39.5,2010-11-05 12:00:00,2010-11-05 12:13:00,0,400,2
13647,United Kingdom,3041.68,8,1795,380.21,380.21,224.38,2010-04-15 12:55:00,2011-11-30 12:00:00,593,10,8
13648,United Kingdom,1764.02,8,960,220.5,220.5,120.0,2009-12-01 18:13:00,2010-11-04 14:46:00,337,400,8
13649,United Kingdom,1453.68,6,782,242.28,242.28,130.33,2010-06-30 16:35:00,2011-03-28 11:51:00,270,257,6
13650,United Kingdom,3288.0,10,1746,328.8,328.8,174.6,2010-01-26 08:44:00,2011-11-23 12:22:00,666,17,10
13651,United Kingdom,226.85,3,62,75.62,75.62,20.67,2010-11-23 09:44:00,2011-11-04 14:59:00,346,35,3
13652,United Kingdom,2262.05,5,1458,452.41,452.41,291.6,2010-02-25 17:37:00,2011-10-25 08:51:00,606,46,5
13653,United Kingdom,152.2,1,72,152.2,152.2,72.0,2010-08-09 08:19:00,2010-08-09 08:19:00,0,488,1
13654,United Kingdom,6308.0,11,4762,573.45,573.45,432.91,2009-12-02 11:43:00,2011-10-27 16:24:00,694,43,11
13655,United Kingdom,2280.51,6,1225,380.08,380.08,204.17,2010-04-27 09:59:00,2011-08-17 14:25:00,477,114,6
13656,United Kingdom,1078.85,4,862,269.71,269.71,215.5,2010-04-23 12:50:00,2011-06-28 10:31:00,430,165,4
13657,United Kingdom,382.14,2,209,191.07,191.07,104.5,2011-05-22 12:35:00,2011-11-29 12:32:00,190,11,2
13658,United Kingdom,6025.5,9,2171,669.5,669.5,241.22,2010-02-05 13:17:00,2011-11-30 10:13:00,662,10,9
13659,United Kingdom,4884.68,12,2527,407.06,407.06,210.58,2010-02-17 09:05:00,2011-05-18 12:37:00,455,206,12
13660,United Kingdom,306.64,1,136,306.64,306.64,136.0,2010-11-04 16:10:00,2010-11-04 16:10:00,0,400,1
13661,United Kingdom,325.24,1,118,325.24,325.24,118.0,2010-04-15 14:58:00,2010-04-15 14:58:00,0,603,1
13662,United Kingdom,2233.61,11,1169,203.06,203.06,106.27,2010-02-19 13:21:00,2011-09-15 12:04:00,572,86,11
13663,United Kingdom,2047.51,5,893,409.5,409.5,178.6,2010-03-03 10:11:00,2011-06-13 15:44:00,467,179,5
13665,United Kingdom,1711.66,3,1652,570.55,570.55,550.67,2010-07-23 13:29:00,2010-11-18 13:06:00,117,386,3
13666,United Kingdom,127.9,5,54,25.58,25.58,10.8,2009-12-04 10:48:00,2011-10-10 15:39:00,675,60,5
13667,United Kingdom,299.05,1,149,299.05,299.05,149.0,2011-07-13 15:42:00,2011-07-13 15:42:00,0,149,1
13668,United Kingdom,12948.48,35,6096,369.96,369.96,174.17,2009-12-11 14:28:00,2011-12-07 12:11:00,725,3,35
13669,United Kingdom,413.55,3,393,137.85,137.85,131.0,2010-10-28 15:05:00,2011-10-20 09:32:00,356,51,3
13670,United Kingdom,349.7,1,282,349.7,349.7,282.0,2011-09-25 15:25:00,2011-09-25 15:25:00,0,75,1
13671,United Kingdom,172.6,1,95,172.6,172.6,95.0,2010-11-10 10:50:00,2010-11-10 10:50:00,0,395,1
13672,United Kingdom,419.92,3,138,139.97,139.97,46.0,2009-12-09 11:40:00,2011-02-11 13:53:00,429,301,3
13673,United Kingdom,387.44,2,114,193.72,193.72,57.0,2011-11-07 15:40:00,2011-11-21 12:11:00,13,19,2
13674,United Kingdom,240.68,1,102,240.68,240.68,102.0,2010-10-03 10:41:00,2010-10-03 10:41:00,0,433,1
13675,United Kingdom,486.82,2,330,243.41,243.41,165.0,2011-02-28 12:14:00,2011-07-11 12:57:00,133,151,2
13676,United Kingdom,243.9,2,104,121.95,121.95,52.0,2010-03-30 16:53:00,2010-06-18 17:30:00,80,539,2
13677,United Kingdom,551.24,2,217,275.62,275.62,108.5,2010-07-07 17:25:00,2010-10-31 11:32:00,115,405,2
13678,United Kingdom,232.6,1,924,232.6,232.6,924.0,2011-07-11 10:14:00,2011-07-11 10:14:00,0,152,1
13679,United Kingdom,281.26,3,102,93.75,93.75,34.0,2009-12-04 16:52:00,2010-08-03 12:13:00,241,494,3
13680,United Kingdom,11419.67,12,5244,951.64,951.64,437.0,2009-12-04 14:14:00,2011-12-08 13:47:00,733,1,12
13681,United Kingdom,827.83,4,360,206.96,206.96,90.0,2011-07-07 15:21:00,2011-11-22 11:13:00,137,18,4
13682,United Kingdom,59.5,1,10,59.5,59.5,10.0,2011-06-05 14:06:00,2011-06-05 14:06:00,0,187,1
13683,United Kingdom,258.6,1,180,258.6,258.6,180.0,2010-09-08 10:00:00,2010-09-08 10:00:00,0,458,1
13684,United Kingdom,594.88,4,234,148.72,148.72,58.5,2010-03-28 14:48:00,2011-02-27 10:13:00,335,286,4
13685,United Kingdom,3119.44,7,5056,445.63,445.63,722.29,2011-10-10 12:59:00,2011-12-07 11:41:00,57,3,7
13686,United Kingdom,409.04,3,378,136.35,136.35,126.0,2010-11-03 13:44:00,2011-06-10 09:10:00,218,183,3
13687,United Kingdom,11880.84,1,87167,11880.84,11880.84,87167.0,2010-09-27 16:30:00,2010-09-27 16:30:00,0,438,1
13688,United Kingdom,375.5,1,130,375.5,375.5,130.0,2010-03-14 14:11:00,2010-03-14 14:11:00,0,635,1
13689,United Kingdom,1259.5,2,722,629.75,629.75,361.0,2010-09-21 10:27:00,2011-10-07 13:21:00,381,63,2
13690,United Kingdom,172.25,1,67,172.25,172.25,67.0,2011-10-11 15:03:00,2011-10-11 15:03:00,0,59,1
13691,United Kingdom,212.78,1,145,212.78,212.78,145.0,2010-11-08 17:34:00,2010-11-08 17:34:00,0,396,1
13692,United Kingdom,3114.4,5,2101,622.88,622.88,420.2,2010-10-15 13:28:00,2011-11-15 11:17:00,395,25,5
13693,United Kingdom,2011.82,9,880,223.54,223.54,97.78,2009-12-07 11:29:00,2010-11-30 18:21:00,358,374,9
13694,United Kingdom,195640.69,143,188201,1368.12,1368.12,1316.09,2009-12-04 15:26:00,2011-12-06 09:32:00,731,4,143
13695,United Kingdom,2770.73,16,1791,173.17,173.17,111.94,2010-05-11 11:07:00,2011-11-08 14:26:00,546,31,16
13696,United Kingdom,2020.4,3,552,673.47,673.47,184.0,2010-02-11 14:17:00,2010-10-14 09:44:00,244,422,3
13697,United Kingdom,151.3,1,177,151.3,151.3,177.0,2011-11-01 09:14:00,2011-11-01 09:14:00,0,39,1
13698,United Kingdom,451.73,2,227,225.86,225.86,113.5,2010-01-27 09:02:00,2010-04-22 11:52:00,85,597,2
13699,United Kingdom,764.15,2,219,382.08,382.08,109.5,2010-06-07 13:03:00,2011-07-07 16:51:00,395,155,2
13700,United Kingdom,2596.97,13,2786,199.77,199.77,214.31,2010-02-07 10:53:00,2011-11-13 13:00:00,644,26,13
13701,United Kingdom,161.0,1,80,161.0,161.0,80.0,2010-09-19 12:39:00,2010-09-19 12:39:00,0,447,1
13702,United Kingdom,135.18,1,74,135.18,135.18,74.0,2010-09-20 11:40:00,2010-09-20 11:40:00,0,446,1
13703,United Kingdom,425.56,2,128,212.78,212.78,64.0,2010-10-20 13:11:00,2011-01-25 13:10:00,96,318,2
13704,United Kingdom,2308.06,9,1531,256.45,256.45,170.11,2011-09-12 14:40:00,2011-12-04 15:13:00,83,5,9
13705,United Kingdom,1717.19,7,906,245.31,245.31,129.43,2010-03-25 17:19:00,2011-12-02 12:32:00,616,8,7
13706,United Kingdom,631.17,2,301,315.58,315.58,150.5,2010-03-23 09:18:00,2011-02-10 09:21:00,324,303,2
13707,United Kingdom,3365.86,5,2210,673.17,673.17,442.0,2010-06-21 11:57:00,2011-03-17 18:03:00,269,267,5
13708,United Kingdom,285.33,1,301,285.33,285.33,301.0,2011-03-13 13:46:00,2011-03-13 13:46:00,0,271,1
13709,United Kingdom,7571.35,18,4122,420.63,420.63,229.0,2010-01-11 10:40:00,2011-12-06 10:28:00,693,4,18
13710,United Kingdom,509.52,3,336,169.84,169.84,112.0,2010-04-06 12:54:00,2011-11-08 08:16:00,580,32,3
13711,United Kingdom,1792.26,9,819,199.14,199.14,91.0,2009-12-15 19:04:00,2011-05-05 10:31:00,505,219,9
13712,United Kingdom,766.42,2,1128,383.21,383.21,564.0,2010-04-08 11:16:00,2011-04-07 12:33:00,364,247,2
13713,United Kingdom,740.76,3,284,246.92,246.92,94.67,2010-05-05 16:48:00,2010-10-27 16:18:00,174,408,3
13714,United Kingdom,161.35,1,50,161.35,161.35,50.0,2010-08-31 13:57:00,2010-08-31 13:57:00,0,465,1
13715,United Kingdom,8153.04,17,4800,479.59,479.59,282.35,2010-03-11 15:33:00,2011-03-03 19:21:00,357,281,17
13716,United Kingdom,138.28,1,138,138.28,138.28,138.0,2011-03-15 13:49:00,2011-03-15 13:49:00,0,269,1
13717,United Kingdom,1763.3,8,2144,220.41,220.41,268.0,2010-08-11 09:40:00,2011-11-07 14:13:00,453,32,8
13718,United Kingdom,306.55,2,173,153.28,153.28,86.5,2011-02-17 11:58:00,2011-04-07 13:24:00,49,246,2
13719,United Kingdom,2783.08,11,1588,253.01,253.01,144.36,2010-05-17 14:36:00,2011-11-24 15:26:00,556,15,11
13720,United Kingdom,799.9,4,501,199.98,199.98,125.25,2011-03-30 09:17:00,2011-08-15 12:46:00,138,117,4
13721,United Kingdom,741.54,2,512,370.77,370.77,256.0,2010-11-09 17:59:00,2011-11-03 14:05:00,358,36,2
13722,United Kingdom,5635.41,10,3059,563.54,563.54,305.9,2010-03-03 14:13:00,2011-07-31 12:44:00,514,132,10
13723,United Kingdom,1194.08,6,593,199.01,199.01,98.83,2010-04-07 14:32:00,2011-05-06 17:04:00,394,217,6
13724,United Kingdom,213.01,1,130,213.01,213.01,130.0,2010-03-12 15:28:00,2010-03-12 15:28:00,0,637,1
13725,United Kingdom,1980.56,8,806,247.57,247.57,100.75,2011-02-04 12:18:00,2011-10-21 10:03:00,258,50,8
13726,United Kingdom,1079.66,2,1054,539.83,539.83,527.0,2011-08-31 11:06:00,2011-11-01 10:49:00,61,39,2
13727,United Kingdom,1074.15,8,368,134.27,134.27,46.0,2009-12-09 13:25:00,2011-11-11 09:46:00,701,29,8
13728,United Kingdom,2855.17,16,1269,178.45,178.45,79.31,2009-12-09 17:13:00,2011-11-03 10:49:00,693,37,16
13729,United Kingdom,724.73,3,419,241.58,241.58,139.67,2010-01-24 14:57:00,2010-09-30 10:44:00,248,436,3
13730,United Kingdom,752.6,2,488,376.3,376.3,244.0,2011-07-01 12:47:00,2011-07-27 08:35:00,25,136,2
13731,United Kingdom,610.59,2,278,305.3,305.3,139.0,2011-04-07 10:10:00,2011-05-04 14:33:00,27,219,2
13732,United Kingdom,491.86,1,498,491.86,491.86,498.0,2011-11-11 15:49:00,2011-11-11 15:49:00,0,28,1
13733,United Kingdom,487.03,2,335,243.52,243.52,167.5,2009-12-04 15:28:00,2010-10-25 12:18:00,324,411,2
13734,United Kingdom,6695.69,4,302,1673.92,1673.92,75.5,2010-04-16 08:42:00,2010-07-19 12:04:00,94,509,4
13735,United Kingdom,9762.77,13,4135,750.98,750.98,318.08,2009-12-13 13:31:00,2011-11-15 11:14:00,701,25,13
13736,United Kingdom,2752.47,7,1549,393.21,393.21,221.29,2009-12-06 12:07:00,2011-12-04 15:19:00,728,5,7
13737,United Kingdom,339.6,1,125,339.6,339.6,125.0,2011-05-23 16:32:00,2011-05-23 16:32:00,0,200,1
13738,United Kingdom,434.78,1,237,434.78,434.78,237.0,2010-11-08 15:23:00,2010-11-08 15:23:00,0,396,1
13739,United Kingdom,292.2,2,76,146.1,146.1,38.0,2010-06-30 10:25:00,2011-11-21 13:35:00,509,18,2
13740,United Kingdom,1582.77,5,987,316.55,316.55,197.4,2009-12-02 12:22:00,2011-04-13 10:32:00,496,241,5
13741,United Kingdom,668.43,3,218,222.81,222.81,72.67,2011-05-06 13:43:00,2011-09-29 09:19:00,145,72,3
13742,United Kingdom,3107.87,12,1115,258.99,258.99,92.92,2011-01-23 14:59:00,2011-11-23 11:07:00,303,17,12
13743,United Kingdom,1341.6,7,1776,191.66,191.66,253.71,2011-03-25 14:46:00,2011-12-07 10:09:00,256,3,7
13744,United Kingdom,1080.52,2,1153,540.26,540.26,576.5,2011-02-20 14:08:00,2011-09-05 15:19:00,197,95,2
13745,United Kingdom,777.36,2,1146,388.68,388.68,573.0,2010-06-11 17:19:00,2011-06-30 16:43:00,383,162,2
13746,United Kingdom,176.69,1,83,176.69,176.69,83.0,2010-10-22 11:55:00,2010-10-22 11:55:00,0,414,1
13747,United Kingdom,169.8,2,60,84.9,84.9,30.0,2010-10-11 09:15:00,2010-12-01 10:37:00,51,374,2
13748,United Kingdom,2064.35,9,1028,229.37,229.37,114.22,2009-12-01 16:44:00,2011-09-05 09:45:00,642,96,9
13750,United Kingdom,3602.18,11,1370,327.47,327.47,124.55,2010-04-01 14:49:00,2011-10-17 12:16:00,563,54,11
13751,United Kingdom,296.25,1,152,296.25,296.25,152.0,2011-02-24 15:56:00,2011-02-24 15:56:00,0,288,1
13752,United Kingdom,1579.83,7,1005,225.69,225.69,143.57,2010-06-30 10:23:00,2011-08-07 14:16:00,403,124,7
13753,United Kingdom,2094.57,4,1450,523.64,523.64,362.5,2009-12-03 10:20:00,2011-02-25 12:48:00,449,288,4
13754,United Kingdom,447.05,3,315,149.02,149.02,105.0,2010-09-28 15:29:00,2011-07-11 11:51:00,285,152,3
13755,United Kingdom,2108.06,9,1242,234.23,234.23,138.0,2011-10-07 15:45:00,2011-12-06 12:26:00,59,4,9
13756,United Kingdom,8655.95,23,5138,376.35,376.35,223.39,2009-12-15 15:18:00,2011-12-07 16:44:00,722,2,23
13757,United Kingdom,195.55,1,54,195.55,195.55,54.0,2010-02-03 12:37:00,2010-02-03 12:37:00,0,675,1
13758,United Kingdom,8698.13,15,4667,579.88,579.88,311.13,2009-12-01 10:06:00,2011-11-28 11:11:00,727,12,15
13759,United Kingdom,659.41,2,287,329.7,329.7,143.5,2011-09-29 15:40:00,2011-11-06 14:47:00,37,33,2
13760,United Kingdom,1363.64,5,623,272.73,272.73,124.6,2010-04-25 13:10:00,2011-10-16 16:13:00,539,54,5
13761,United Kingdom,1952.17,6,1079,325.36,325.36,179.83,2010-02-21 11:08:00,2011-10-20 14:01:00,606,50,6
13762,United Kingdom,2472.48,5,2608,494.5,494.5,521.6,2010-01-10 12:13:00,2011-05-05 09:15:00,479,219,5
13763,United Kingdom,5217.44,3,3224,1739.15,1739.15,1074.67,2010-09-30 17:39:00,2011-10-07 15:13:00,371,63,3
13764,United Kingdom,2919.62,6,2084,486.6,486.6,347.33,2010-03-07 12:56:00,2011-09-30 12:03:00,571,71,6
13765,United Kingdom,352.82,1,297,352.82,352.82,297.0,2010-02-24 13:46:00,2010-02-24 13:46:00,0,653,1
13766,United Kingdom,190.35,1,137,190.35,190.35,137.0,2010-08-01 14:25:00,2010-08-01 14:25:00,0,495,1
13767,United Kingdom,33903.57,73,14595,464.43,464.43,199.93,2009-12-01 10:52:00,2011-12-07 15:00:00,736,2,73
13768,United Kingdom,875.97,2,373,437.98,437.98,186.5,2009-12-09 10:25:00,2009-12-13 10:41:00,4,727,2
13769,United Kingdom,5478.12,20,2452,273.91,273.91,122.6,2009-12-16 11:59:00,2011-12-07 15:08:00,721,2,20
13770,United Kingdom,785.37,4,468,196.34,196.34,117.0,2009-12-09 14:44:00,2010-10-13 15:10:00,308,422,4
13771,United Kingdom,5728.82,9,3140,636.54,636.54,348.89,2010-02-25 12:37:00,2011-10-06 14:18:00,588,64,9
13772,United Kingdom,3100.02,8,1446,387.5,387.5,180.75,2010-02-23 13:55:00,2011-11-06 11:43:00,620,34,8
13773,United Kingdom,301.54,2,174,150.77,150.77,87.0,2010-02-18 10:27:00,2010-11-08 11:49:00,263,397,2
13774,United Kingdom,345.0,1,192,345.0,345.0,192.0,2011-09-19 12:06:00,2011-09-19 12:06:00,0,82,1
13775,United Kingdom,1049.66,1,455,1049.66,1049.66,455.0,2010-04-28 12:15:00,2010-04-28 12:15:00,0,591,1
13776,United Kingdom,623.98,2,2,311.99,311.99,1.0,2010-10-07 16:07:00,2010-10-07 16:11:00,0,428,2
13777,United Kingdom,49638.26,61,23190,813.74,813.74,380.16,2009-12-02 09:47:00,2011-12-09 12:25:00,737,1,61
13778,United Kingdom,1124.49,4,511,281.12,281.12,127.75,2010-05-23 13:34:00,2011-08-28 15:25:00,462,103,4
13779,United Kingdom,161.13,1,53,161.13,161.13,53.0,2010-07-12 11:24:00,2010-07-12 11:24:00,0,516,1
13780,United Kingdom,732.07,3,479,244.02,244.02,159.67,2010-10-28 19:51:00,2011-12-02 13:49:00,399,7,3
13781,United Kingdom,778.83,3,300,259.61,259.61,100.0,2009-12-18 15:46:00,2011-04-03 12:08:00,470,251,3
13782,United Kingdom,1786.08,13,643,137.39,137.39,49.46,2009-12-06 12:52:00,2011-11-27 11:54:00,720,13,13
13783,United Kingdom,1542.09,4,3437,385.52,385.52,859.25,2010-02-04 13:47:00,2010-08-09 09:23:00,185,488,4
13784,United Kingdom,2910.23,14,2827,207.87,207.87,201.93,2010-09-15 12:27:00,2011-11-30 09:33:00,440,10,14
13785,United Kingdom,542.49,4,151,135.62,135.62,37.75,2010-09-05 16:01:00,2010-10-07 09:25:00,31,429,4
13786,United Kingdom,3127.99,6,1515,521.33,521.33,252.5,2009-12-03 15:32:00,2010-12-07 13:53:00,368,367,6
13787,United Kingdom,1222.5,6,998,203.75,203.75,166.33,2010-01-14 10:13:00,2011-09-25 12:06:00,619,76,6
13788,United Kingdom,3.75,1,1,3.75,3.75,1.0,2010-07-22 15:50:00,2010-07-22 15:50:00,0,505,1
13789,United Kingdom,239.46,1,258,239.46,239.46,258.0,2010-11-16 15:31:00,2010-11-16 15:31:00,0,388,1
13790,United Kingdom,348.8,1,748,348.8,348.8,748.0,2011-12-05 15:48:00,2011-12-05 15:48:00,0,4,1
13791,United Kingdom,1516.0,2,1200,758.0,758.0,600.0,2011-06-24 16:38:00,2011-08-04 11:44:00,40,128,2
13792,United Kingdom,383.95,3,156,127.98,127.98,52.0,2010-10-13 11:05:00,2011-10-04 14:31:00,356,66,3
13793,United Kingdom,96.0,1,52,96.0,96.0,52.0,2010-03-03 08:25:00,2010-03-03 08:25:00,0,647,1
13794,United Kingdom,126.03,1,63,126.03,126.03,63.0,2010-06-11 12:30:00,2010-06-11 12:30:00,0,547,1
13795,United Kingdom,836.3,4,1250,209.08,209.08,312.5,2010-03-12 12:44:00,2010-11-16 17:25:00,249,388,4
13796,United Kingdom,289.7,1,218,289.7,289.7,218.0,2010-07-28 14:45:00,2010-07-28 14:45:00,0,499,1
13797,United Kingdom,1179.45,3,573,393.15,393.15,191.0,2010-03-02 12:17:00,2010-09-29 10:34:00,210,437,3
13798,United Kingdom,75428.87,110,48187,685.72,685.72,438.06,2009-12-08 16:21:00,2011-12-08 15:51:00,729,1,110
13799,United Kingdom,2803.57,9,1539,311.51,311.51,171.0,2010-03-05 16:39:00,2011-08-15 12:07:00,527,117,9
13800,United Kingdom,1679.56,3,891,559.85,559.85,297.0,2009-12-03 10:03:00,2011-02-03 12:27:00,427,310,3
13801,United Kingdom,324.8,1,168,324.8,324.8,168.0,2011-10-04 10:15:00,2011-10-04 10:15:00,0,67,1
13802,United Kingdom,26259.11,19,14129,1382.06,1382.06,743.63,2010-02-16 10:11:00,2011-07-24 10:54:00,523,139,19
13803,United Kingdom,1338.91,3,831,446.3,446.3,277.0,2010-03-31 10:00:00,2011-03-29 12:57:00,363,255,3
13804,United Kingdom,3161.12,9,1797,351.24,351.24,199.67,2010-09-29 10:26:00,2011-11-09 12:32:00,406,31,9
13805,United Kingdom,924.6,2,1900,462.3,462.3,950.0,2011-08-02 15:29:00,2011-10-18 14:50:00,76,52,2
13806,United Kingdom,256.38,1,56,256.38,256.38,56.0,2011-10-07 11:43:00,2011-10-07 11:43:00,0,64,1
13807,United Kingdom,422.2,3,116,140.73,140.73,38.67,2009-12-04 12:41:00,2010-12-07 15:48:00,368,367,3
13808,United Kingdom,1747.66,5,782,349.53,349.53,156.4,2011-09-04 12:07:00,2011-12-04 12:18:00,91,6,5
13809,Cyprus,679.7,3,281,226.57,226.57,93.67,2010-09-05 11:42:00,2011-02-07 13:15:00,155,305,3
13810,Germany,1499.01,3,312,499.67,499.67,104.0,2011-10-14 12:57:00,2011-11-11 08:33:00,27,29,3
13811,Germany,814.5,3,68,271.5,271.5,22.67,2011-04-14 18:40:00,2011-06-09 09:54:00,55,184,3
13812,Germany,539.0,3,333,179.67,179.67,111.0,2011-08-26 12:54:00,2011-10-28 14:27:00,63,42,3
13813,Germany,2765.47,8,1292,345.68,345.68,161.5,2009-12-06 10:16:00,2011-10-31 10:38:00,694,40,8
13814,Germany,2257.32,3,1214,752.44,752.44,404.67,2010-06-30 14:12:00,2011-09-08 13:48:00,434,92,3
13815,Germany,7475.74,8,5381,934.47,934.47,672.62,2010-02-12 10:26:00,2011-11-17 14:19:00,643,22,8
13816,Germany,571.67,2,269,285.83,285.83,134.5,2011-10-06 14:37:00,2011-11-16 08:38:00,40,24,2
13817,Germany,382.98,2,211,191.49,191.49,105.5,2010-12-23 11:46:00,2011-11-10 17:49:00,322,29,2
13818,United Kingdom,61.28,1,60,61.28,61.28,60.0,2010-10-06 12:35:00,2010-10-06 12:35:00,0,430,1
13819,United Kingdom,2642.35,6,2309,440.39,440.39,384.83,2009-12-01 16:18:00,2011-02-11 10:38:00,436,302,6
13820,United Kingdom,652.75,3,285,217.58,217.58,95.0,2010-01-28 12:26:00,2010-10-17 13:46:00,262,418,3
13821,United Kingdom,1379.08,6,477,229.85,229.85,79.5,2010-01-04 13:36:00,2011-07-18 09:49:00,559,145,6
13822,United Kingdom,632.0,2,611,316.0,316.0,305.5,2011-10-30 15:55:00,2011-12-04 12:13:00,34,6,2
13823,United Kingdom,3403.45,7,1564,486.21,486.21,223.43,2009-12-15 14:34:00,2011-11-21 10:22:00,705,19,7
13824,United Kingdom,3314.76,12,1442,276.23,276.23,120.17,2010-03-12 15:17:00,2011-11-07 12:41:00,604,33,12
13825,United Kingdom,255.59,2,182,127.8,127.8,91.0,2009-12-09 14:30:00,2010-03-28 11:02:00,108,622,2
13826,United Kingdom,189.5,1,82,189.5,189.5,82.0,2011-06-16 13:48:00,2011-06-16 13:48:00,0,176,1
13827,United Kingdom,409.8,3,138,136.6,136.6,46.0,2011-07-19 15:38:00,2011-10-13 12:38:00,85,58,3
13828,United Kingdom,209.49,1,311,209.49,209.49,311.0,2011-11-17 16:02:00,2011-11-17 16:02:00,0,22,1
13829,United Kingdom,102.0,1,12,102.0,102.0,12.0,2010-10-14 18:19:00,2010-10-14 18:19:00,0,421,1
13830,United Kingdom,156.85,1,47,156.85,156.85,47.0,2010-05-07 12:24:00,2010-05-07 12:24:00,0,582,1
13831,United Kingdom,6585.54,18,2393,365.86,365.86,132.94,2009-12-10 14:50:00,2011-11-23 15:41:00,713,16,18
13832,United Kingdom,609.89,2,420,304.94,304.94,210.0,2010-10-13 14:41:00,2011-11-20 15:36:00,403,19,2
13833,United Kingdom,700.41,2,243,350.2,350.2,121.5,2010-10-31 14:11:00,2011-07-03 13:27:00,244,159,2
13834,United Kingdom,324.19,2,221,162.1,162.1,110.5,2010-02-08 12:52:00,2010-05-12 10:27:00,92,577,2
13835,United Kingdom,1095.27,7,520,156.47,156.47,74.29,2010-03-04 08:26:00,2011-11-14 15:37:00,620,25,7
13836,United Kingdom,620.37,2,273,310.18,310.18,136.5,2010-10-21 13:27:00,2010-11-05 13:31:00,15,399,2
13837,United Kingdom,266.59,2,182,133.29,133.29,91.0,2011-01-26 12:15:00,2011-05-12 12:10:00,105,212,2
13838,United Kingdom,1690.07,10,694,169.01,169.01,69.4,2010-05-09 11:40:00,2011-12-04 11:00:00,573,6,10
13839,United Kingdom,139.95,1,25,139.95,139.95,25.0,2010-08-10 13:52:00,2010-08-10 13:52:00,0,486,1
13840,United Kingdom,651.4,1,358,651.4,651.4,358.0,2010-10-19 13:34:00,2010-10-19 13:34:00,0,416,1
13841,United Kingdom,85.0,1,100,85.0,85.0,100.0,2011-04-01 12:10:00,2011-04-01 12:10:00,0,253,1
13842,United Kingdom,5319.34,18,2716,295.52,295.52,150.89,2010-02-16 15:54:00,2011-10-12 10:51:00,602,59,18
13843,United Kingdom,319.75,1,145,319.75,319.75,145.0,2010-11-23 17:48:00,2010-11-23 17:48:00,0,381,1
13844,United Kingdom,361.62,1,196,361.62,361.62,196.0,2011-11-28 13:21:00,2011-11-28 13:21:00,0,11,1
13845,United Kingdom,312.98,1,182,312.98,312.98,182.0,2011-10-06 08:25:00,2011-10-06 08:25:00,0,65,1
13846,United Kingdom,1307.79,4,705,326.95,326.95,176.25,2010-11-05 09:47:00,2011-11-15 12:07:00,375,25,4
13847,United Kingdom,310.72,1,96,310.72,310.72,96.0,2009-12-20 10:41:00,2009-12-20 10:41:00,0,720,1
13848,United Kingdom,3015.0,8,9200,376.88,376.88,1150.0,2009-12-09 16:17:00,2011-09-08 12:58:00,637,92,8
13849,United Kingdom,3469.3,5,1883,693.86,693.86,376.6,2010-03-25 12:03:00,2011-10-19 10:59:00,572,52,5
13850,United Kingdom,1595.48,1,944,1595.48,1595.48,944.0,2011-08-02 14:04:00,2011-08-02 14:04:00,0,129,1
13851,United Kingdom,4606.46,8,2525,575.81,575.81,315.62,2010-01-29 11:54:00,2011-09-05 12:36:00,584,96,8
13852,United Kingdom,187.35,1,85,187.35,187.35,85.0,2010-04-08 09:06:00,2010-04-08 09:06:00,0,611,1
13853,United Kingdom,1090.14,1,312,1090.14,1090.14,312.0,2011-10-13 14:18:00,2011-10-13 14:18:00,0,57,1
13854,United Kingdom,11944.56,39,3642,306.27,306.27,93.38,2010-01-08 11:28:00,2011-12-01 09:06:00,691,9,39
13855,United Kingdom,1310.34,4,575,327.58,327.58,143.75,2009-12-08 16:56:00,2010-07-27 09:53:00,230,501,4
13856,United Kingdom,1142.03,11,1105,103.82,103.82,100.45,2010-03-30 15:40:00,2011-06-24 10:03:00,450,169,11
13857,United Kingdom,1001.01,6,782,166.84,166.84,130.33,2010-05-17 14:21:00,2010-11-11 12:54:00,177,393,6
13858,United Kingdom,216.17,1,75,216.17,216.17,75.0,2011-10-13 16:17:00,2011-10-13 16:17:00,0,57,1
13859,United Kingdom,515.86,2,167,257.93,257.93,83.5,2010-06-28 15:36:00,2011-01-17 16:14:00,203,326,2
13860,United Kingdom,1245.9,5,591,249.18,249.18,118.2,2011-09-14 09:27:00,2011-12-08 12:57:00,85,1,5
13861,United Kingdom,273.26,2,225,136.63,136.63,112.5,2010-06-27 11:37:00,2010-10-06 14:20:00,101,429,2
13862,United Kingdom,2556.09,9,1927,284.01,284.01,214.11,2010-11-15 13:43:00,2011-11-21 16:24:00,371,18,9
13863,United Kingdom,1239.55,4,553,309.89,309.89,138.25,2010-04-25 13:09:00,2011-04-06 10:20:00,345,248,4
13864,United Kingdom,662.4,1,192,662.4,662.4,192.0,2010-11-18 12:50:00,2010-11-18 12:50:00,0,387,1
13865,United Kingdom,501.56,4,204,125.39,125.39,51.0,2011-02-23 12:04:00,2011-10-12 13:31:00,231,58,4
13866,United Kingdom,145.67,1,57,145.67,145.67,57.0,2011-09-26 14:54:00,2011-09-26 14:54:00,0,74,1
13867,United Kingdom,1005.09,3,501,335.03,335.03,167.0,2011-05-05 17:28:00,2011-11-08 15:48:00,186,31,3
13868,United Kingdom,3192.54,2,1964,1596.27,1596.27,982.0,2011-11-01 12:45:00,2011-12-02 16:32:00,31,7,2
13869,United Kingdom,7996.87,10,4302,799.69,799.69,430.2,2010-01-17 14:53:00,2011-08-08 13:53:00,567,123,10
13870,United Kingdom,5712.08,15,3449,380.81,380.81,229.93,2010-02-08 12:08:00,2011-12-07 13:23:00,667,2,15
13871,United Kingdom,7885.85,17,3502,463.87,463.87,206.0,2009-12-20 13:09:00,2011-11-17 10:49:00,696,23,17
13872,United Kingdom,919.57,3,339,306.52,306.52,113.0,2009-12-14 09:56:00,2010-06-30 15:35:00,198,527,3
13873,United Kingdom,1038.92,8,472,129.86,129.86,59.0,2010-03-03 12:31:00,2011-08-12 10:08:00,526,120,8
13874,United Kingdom,2049.15,7,864,292.74,292.74,123.43,2010-02-04 18:39:00,2010-12-16 18:20:00,314,358,7
13875,United Kingdom,4814.37,14,3072,343.88,343.88,219.43,2009-12-17 10:30:00,2011-10-17 09:36:00,668,54,14
13876,United Kingdom,122.7,1,36,122.7,122.7,36.0,2011-10-07 10:22:00,2011-10-07 10:22:00,0,64,1
13877,United Kingdom,449.68,3,478,149.89,149.89,159.33,2010-01-19 10:53:00,2011-09-14 15:49:00,603,86,3
13878,United Kingdom,2416.9,4,927,604.22,604.22,231.75,2010-04-14 13:50:00,2011-10-16 12:19:00,549,55,4
13879,United Kingdom,395.5,1,204,395.5,395.5,204.0,2010-03-04 10:49:00,2010-03-04 10:49:00,0,646,1
13880,United Kingdom,4293.86,17,2535,252.58,252.58,149.12,2010-05-26 14:29:00,2011-11-18 13:44:00,540,21,17
13881,United Kingdom,45179.1,43,29760,1050.68,1050.68,692.09,2010-03-04 14:41:00,2011-12-06 12:50:00,641,4,43
13882,United Kingdom,1191.13,5,953,238.23,238.23,190.6,2011-10-06 15:28:00,2011-12-07 11:16:00,61,3,5
13883,United Kingdom,6560.02,15,3584,437.33,437.33,238.93,2009-12-08 17:26:00,2011-11-29 10:45:00,720,11,15
13884,United Kingdom,1825.03,10,752,182.5,182.5,75.2,2010-08-26 19:57:00,2011-12-02 16:30:00,462,7,10
13885,United Kingdom,506.8,2,182,253.4,253.4,91.0,2011-05-23 08:52:00,2011-06-03 15:07:00,11,189,2
13886,United Kingdom,243.56,1,126,243.56,243.56,126.0,2011-09-29 13:17:00,2011-09-29 13:17:00,0,71,1
13887,United Kingdom,349.55,1,147,349.55,349.55,147.0,2011-05-19 17:22:00,2011-05-19 17:22:00,0,204,1
13888,United Kingdom,2001.59,7,795,285.94,285.94,113.57,2010-05-13 11:57:00,2011-08-12 10:13:00,455,120,7
13889,United Kingdom,1991.23,6,979,331.87,331.87,163.17,2010-01-22 14:32:00,2011-09-08 09:13:00,593,93,6
13890,United Kingdom,2927.38,14,1392,209.1,209.1,99.43,2009-12-06 15:15:00,2011-12-08 15:36:00,732,1,14
13891,United Kingdom,859.21,3,476,286.4,286.4,158.67,2010-05-06 16:02:00,2010-11-26 15:57:00,203,378,3
13892,United Kingdom,1267.65,6,3125,211.28,211.28,520.83,2010-05-13 10:32:00,2011-11-13 11:50:00,549,27,6
13893,United Kingdom,821.1,1,190,821.1,821.1,190.0,2011-02-15 11:30:00,2011-02-15 11:30:00,0,298,1
13894,United Kingdom,564.62,3,354,188.21,188.21,118.0,2011-02-02 12:54:00,2011-11-16 09:44:00,286,24,3
13895,United Kingdom,4008.52,6,2060,668.09,668.09,343.33,2009-12-03 13:09:00,2011-11-11 16:57:00,708,28,6
13896,United Kingdom,388.55,1,149,388.55,388.55,149.0,2010-03-24 08:55:00,2010-03-24 08:55:00,0,626,1
13897,United Kingdom,1160.72,3,820,386.91,386.91,273.33,2010-01-31 13:48:00,2011-10-20 14:30:00,627,50,3
13898,United Kingdom,686.4,2,544,343.2,343.2,272.0,2010-10-24 15:42:00,2011-01-18 10:28:00,85,326,2
13899,United Kingdom,388.52,2,156,194.26,194.26,78.0,2011-03-10 09:30:00,2011-11-23 13:40:00,258,16,2
13900,United Kingdom,1610.59,6,938,268.43,268.43,156.33,2010-03-25 13:46:00,2011-06-09 19:26:00,441,183,6
13901,United Kingdom,5676.34,15,3344,378.42,378.42,222.93,2010-01-05 09:29:00,2011-09-28 14:48:00,631,72,15
13902,Denmark,34095.26,5,220600,6819.05,6819.05,44120.0,2009-12-15 10:02:00,2010-03-17 13:09:00,92,632,5
13903,United Kingdom,165.45,1,103,165.45,165.45,103.0,2010-11-04 17:44:00,2010-11-04 17:44:00,0,400,1
13904,United Kingdom,332.64,2,332,166.32,166.32,166.0,2011-02-18 11:18:00,2011-11-02 13:41:00,257,37,2
13905,United Kingdom,312.65,1,135,312.65,312.65,135.0,2009-12-07 11:41:00,2009-12-07 11:41:00,0,733,1
13906,United Kingdom,42.0,1,100,42.0,42.0,100.0,2010-10-26 15:00:00,2010-10-26 15:00:00,0,409,1
13907,United Kingdom,136.8,1,68,136.8,136.8,68.0,2010-01-17 12:22:00,2010-01-17 12:22:00,0,692,1
13908,United Kingdom,2369.55,4,1478,592.39,592.39,369.5,2011-03-08 12:04:00,2011-09-21 11:49:00,196,80,4
13909,United Kingdom,282.85,2,301,141.43,141.43,150.5,2010-07-06 16:52:00,2010-10-12 17:22:00,98,423,2
13911,United Kingdom,4234.99,20,4487,211.75,211.75,224.35,2010-03-01 16:31:00,2011-10-13 15:43:00,590,57,20
13912,United Kingdom,124.95,1,29,124.95,124.95,29.0,2010-10-12 08:43:00,2010-10-12 08:43:00,0,424,1
13913,United Kingdom,42.22,1,10,42.22,42.22,10.0,2010-07-21 10:11:00,2010-07-21 10:11:00,0,507,1
13914,United Kingdom,626.45,2,380,313.23,313.23,190.0,2011-11-03 16:28:00,2011-11-28 10:35:00,24,12,2
13915,United Kingdom,70.8,1,24,70.8,70.8,24.0,2010-11-10 15:17:00,2010-11-10 15:17:00,0,394,1
13916,United Kingdom,1275.81,4,673,318.95,318.95,168.25,2010-02-02 10:06:00,2010-09-02 10:04:00,211,464,4
13917,United Kingdom,272.04,2,228,136.02,136.02,114.0,2011-06-01 12:46:00,2011-10-21 09:56:00,141,50,2
13918,United Kingdom,1212.84,2,1140,606.42,606.42,570.0,2011-03-31 18:05:00,2011-10-21 12:25:00,203,50,2
13919,Denmark,1360.68,4,1133,340.17,340.17,283.25,2010-06-17 09:30:00,2011-10-11 14:24:00,481,59,4
13920,United Kingdom,1774.68,4,1772,443.67,443.67,443.0,2010-05-26 15:48:00,2010-10-04 12:37:00,130,432,4
13921,United Kingdom,730.7,4,210,182.68,182.68,52.5,2009-12-18 12:19:00,2010-11-02 16:32:00,319,402,4
13922,United Kingdom,865.2,3,467,288.4,288.4,155.67,2010-08-29 14:36:00,2010-12-23 10:38:00,115,352,3
13923,United Kingdom,351.13,1,185,351.13,351.13,185.0,2011-10-17 12:33:00,2011-10-17 12:33:00,0,54,1
13924,United Kingdom,1838.85,6,1575,306.47,306.47,262.5,2011-09-28 15:07:00,2011-12-08 09:39:00,70,2,6
13925,United Kingdom,678.25,4,331,169.56,169.56,82.75,2011-07-28 12:09:00,2011-09-08 12:47:00,42,93,4
13926,United Kingdom,223.85,1,104,223.85,223.85,104.0,2011-11-16 13:16:00,2011-11-16 13:16:00,0,23,1
13927,United Kingdom,708.26,2,463,354.13,354.13,231.5,2010-09-28 16:12:00,2011-09-26 12:00:00,362,75,2
13928,United Kingdom,464.57,4,129,116.14,116.14,32.25,2011-07-29 15:59:00,2011-11-29 10:33:00,122,11,4
13929,United Kingdom,3494.1,11,1566,317.65,317.65,142.36,2010-01-14 07:25:00,2011-06-23 15:26:00,525,169,11
13930,United Kingdom,337.34,2,274,168.67,168.67,137.0,2011-07-26 11:00:00,2011-10-13 09:45:00,78,58,2
13931,United Kingdom,5257.38,11,3488,477.94,477.94,317.09,2009-12-03 10:26:00,2011-09-05 10:12:00,640,96,11
13932,United Kingdom,307.4,1,72,307.4,307.4,72.0,2011-02-18 12:02:00,2011-02-18 12:02:00,0,295,1
13933,United Kingdom,608.79,2,205,304.4,304.4,102.5,2011-07-14 13:35:00,2011-08-22 14:03:00,39,109,2
13934,United Kingdom,922.1,1,390,922.1,922.1,390.0,2011-03-21 08:39:00,2011-03-21 08:39:00,0,264,1
13935,United Kingdom,6116.92,3,2252,2038.97,2038.97,750.67,2010-02-25 16:01:00,2010-04-22 11:21:00,55,597,3
13936,United Kingdom,939.66,3,661,313.22,313.22,220.33,2010-10-21 14:21:00,2011-06-13 08:47:00,234,180,3
13937,United Kingdom,880.13,2,587,440.06,440.06,293.5,2010-11-02 12:37:00,2011-06-23 16:35:00,233,169,2
13938,United Kingdom,71.66,1,70,71.66,71.66,70.0,2011-11-04 14:37:00,2011-11-04 14:37:00,0,35,1
13939,United Kingdom,1560.96,7,1608,222.99,222.99,229.71,2010-04-06 12:43:00,2011-11-16 13:33:00,589,23,7
13940,United Kingdom,839.14,4,516,209.78,209.78,129.0,2011-07-18 16:05:00,2011-11-22 15:15:00,126,17,4
13941,United Kingdom,10027.18,15,4782,668.48,668.48,318.8,2009-12-16 16:10:00,2011-11-18 09:43:00,701,22,15
13942,United Kingdom,320.0,1,1000,320.0,320.0,1000.0,2010-06-23 12:35:00,2010-06-23 12:35:00,0,535,1
13943,United Kingdom,246.54,1,94,246.54,246.54,94.0,2010-05-11 11:30:00,2010-05-11 11:30:00,0,578,1
13944,United Kingdom,200.43,1,153,200.43,200.43,153.0,2010-02-24 15:02:00,2010-02-24 15:02:00,0,653,1
13945,United Kingdom,854.15,2,413,427.08,427.08,206.5,2010-08-17 09:59:00,2010-11-10 10:00:00,85,395,2
13946,United Kingdom,1876.23,6,2847,312.7,312.7,474.5,2009-12-04 11:07:00,2011-09-21 13:33:00,656,79,6
13947,United Kingdom,90.6,1,44,90.6,90.6,44.0,2011-10-05 14:42:00,2011-10-05 14:42:00,0,65,1
13948,United Kingdom,548.76,4,248,137.19,137.19,62.0,2009-12-04 12:14:00,2010-12-14 10:18:00,374,361,4
13949,United Kingdom,2427.32,6,2474,404.55,404.55,412.33,2011-09-06 11:55:00,2011-12-07 09:35:00,91,3,6
13950,United Kingdom,745.06,4,323,186.26,186.26,80.75,2011-04-07 11:29:00,2011-11-28 14:44:00,235,11,4
13951,United Kingdom,674.45,3,459,224.82,224.82,153.0,2011-02-18 15:21:00,2011-06-16 16:43:00,118,176,3
13952,United Kingdom,12823.52,14,5947,915.97,915.97,424.79,2009-12-16 09:41:00,2011-05-06 09:00:00,505,218,14
13953,United Kingdom,6640.68,12,5224,553.39,553.39,435.33,2009-12-11 12:58:00,2011-12-02 16:04:00,721,7,12
13954,United Kingdom,439.92,2,150,219.96,219.96,75.0,2011-09-30 10:52:00,2011-12-08 12:50:00,69,2,2
13955,United Kingdom,544.07,3,272,181.36,181.36,90.67,2010-11-29 17:35:00,2011-07-08 17:19:00,220,154,3
13956,United Kingdom,1019.27,5,486,203.85,203.85,97.2,2011-03-13 12:51:00,2011-12-04 13:20:00,266,5,5
13957,United Kingdom,458.25,3,157,152.75,152.75,52.33,2010-02-19 10:32:00,2010-10-18 10:02:00,240,418,3
13958,United Kingdom,4709.23,8,2264,588.65,588.65,283.0,2009-12-05 13:12:00,2010-11-25 10:11:00,354,380,8
13959,United Kingdom,1064.77,6,694,177.46,177.46,115.67,2010-07-16 15:11:00,2011-09-21 15:06:00,431,79,6
13960,United Kingdom,230.22,2,142,115.11,115.11,71.0,2011-09-29 12:39:00,2011-11-18 15:27:00,50,21,2
13961,United Kingdom,538.4,1,226,538.4,538.4,226.0,2010-11-12 14:40:00,2010-11-12 14:40:00,0,392,1
13962,United Kingdom,362.8,3,160,120.93,120.93,53.33,2010-09-30 10:35:00,2011-11-18 08:47:00,413,22,3
13963,United Kingdom,2860.57,17,2007,168.27,168.27,118.06,2010-04-21 16:20:00,2011-02-04 14:43:00,288,308,17
13964,United Kingdom,438.9,2,228,219.45,219.45,114.0,2010-10-05 12:38:00,2010-11-17 13:53:00,43,387,2
13965,United Kingdom,996.61,3,425,332.2,332.2,141.67,2010-01-05 15:21:00,2010-08-20 10:40:00,226,477,3
13966,United Kingdom,384.26,1,760,384.26,384.26,760.0,2010-09-30 13:08:00,2010-09-30 13:08:00,0,435,1
13967,United Kingdom,166.3,2,66,83.15,83.15,33.0,2010-11-08 13:24:00,2011-07-17 12:02:00,250,146,2
13968,United Kingdom,123.66,1,174,123.66,123.66,174.0,2010-10-12 13:22:00,2010-10-12 13:22:00,0,423,1
13969,United Kingdom,12973.46,35,6640,370.67,370.67,189.71,2010-03-25 13:15:00,2011-12-02 15:11:00,617,7,35
13970,United Kingdom,846.55,2,469,423.28,423.28,234.5,2010-09-28 11:53:00,2010-11-18 13:21:00,51,386,2
13971,United Kingdom,4667.57,14,3084,333.4,333.4,220.29,2010-01-26 09:51:00,2011-11-21 12:06:00,664,19,14
13972,United Kingdom,190.25,2,187,95.12,95.12,93.5,2011-05-22 11:34:00,2011-09-30 11:54:00,131,71,2
13973,United Kingdom,264.7,1,109,264.7,264.7,109.0,2011-02-25 15:21:00,2011-02-25 15:21:00,0,287,1
13974,United Kingdom,677.72,2,356,338.86,338.86,178.0,2010-05-06 17:55:00,2011-10-21 14:41:00,532,49,2
13975,United Kingdom,5256.4,12,3884,438.03,438.03,323.67,2010-02-02 13:13:00,2011-11-08 13:19:00,644,31,12
13976,United Kingdom,1192.36,4,452,298.09,298.09,113.0,2010-02-09 13:08:00,2011-05-17 09:13:00,461,207,4
13977,United Kingdom,519.81,1,303,519.81,519.81,303.0,2010-10-24 14:08:00,2010-10-24 14:08:00,0,411,1
13978,United Kingdom,196.79,2,315,98.4,98.4,157.5,2011-10-25 15:04:00,2011-11-25 11:36:00,30,15,2
13979,United Kingdom,3379.93,7,2270,482.85,482.85,324.29,2009-12-03 10:02:00,2011-09-27 13:32:00,663,73,7
13980,United Kingdom,768.82,5,463,153.76,153.76,92.6,2010-02-21 14:18:00,2011-10-10 13:34:00,595,60,5
13981,United Kingdom,331.14,1,234,331.14,331.14,234.0,2010-10-20 10:03:00,2010-10-20 10:03:00,0,416,1
13982,United Kingdom,3954.29,9,2478,439.37,439.37,275.33,2010-01-20 14:04:00,2011-10-31 16:24:00,649,39,9
13983,United Kingdom,6753.89,21,3925,321.61,321.61,186.9,2009-12-09 13:53:00,2011-11-10 11:06:00,700,30,21
13984,United Kingdom,1893.8,12,1301,157.82,157.82,108.42,2009-12-07 11:51:00,2011-11-13 12:38:00,706,27,12
13985,United Kingdom,10020.86,22,4936,455.49,455.49,224.36,2010-02-09 13:56:00,2011-12-05 17:06:00,664,4,22
13986,United Kingdom,320.46,1,430,320.46,320.46,430.0,2011-11-22 15:00:00,2011-11-22 15:00:00,0,17,1
13987,United Kingdom,682.54,2,492,341.27,341.27,246.0,2010-11-04 09:54:00,2010-11-25 10:20:00,21,380,2
13988,United Kingdom,4757.8,8,3385,594.72,594.72,423.12,2010-03-24 11:05:00,2011-11-20 10:15:00,605,20,8
13989,United Kingdom,2026.06,5,2207,405.21,405.21,441.4,2010-05-25 12:13:00,2011-10-05 09:47:00,497,66,5
13990,United Kingdom,311.3,1,190,311.3,311.3,190.0,2011-05-10 15:19:00,2011-05-10 15:19:00,0,213,1
13991,United Kingdom,852.88,6,995,142.15,142.15,165.83,2011-07-19 12:58:00,2011-11-27 16:18:00,131,12,6
13992,United Kingdom,219.5,3,154,73.17,73.17,51.33,2010-09-02 17:04:00,2011-11-09 15:23:00,432,30,3
13993,United Kingdom,6775.71,19,2135,356.62,356.62,112.37,2009-12-03 11:57:00,2011-10-28 09:06:00,693,43,19
13994,United Kingdom,2274.14,6,932,379.02,379.02,155.33,2011-07-14 18:28:00,2011-12-06 11:05:00,144,4,6
13995,United Kingdom,3902.01,14,2359,278.72,278.72,168.5,2009-12-18 12:43:00,2011-11-24 14:22:00,706,15,14
13996,United Kingdom,895.76,2,613,447.88,447.88,306.5,2010-11-05 15:07:00,2010-11-18 16:27:00,13,386,2
13997,United Kingdom,376.46,3,143,125.49,125.49,47.67,2010-06-07 17:33:00,2010-07-08 18:06:00,31,519,3
13998,United Kingdom,566.7,3,204,188.9,188.9,68.0,2010-05-12 13:18:00,2010-09-19 10:20:00,129,447,3
13999,United Kingdom,9502.26,29,5043,327.66,327.66,173.9,2009-12-05 12:42:00,2011-11-29 13:40:00,724,10,29
14000,United Kingdom,2046.34,5,1838,409.27,409.27,367.6,2009-12-02 09:50:00,2011-05-12 16:50:00,526,211,5
14001,United Kingdom,4228.85,9,1779,469.87,469.87,197.67,2010-08-03 12:49:00,2011-10-25 10:31:00,447,46,9
14002,United Kingdom,529.73,2,877,264.86,264.86,438.5,2011-07-06 14:59:00,2011-07-28 15:55:00,22,134,2
14003,United Kingdom,209.41,1,149,209.41,209.41,149.0,2009-12-07 08:53:00,2009-12-07 08:53:00,0,733,1
14004,United Kingdom,6258.45,11,3425,568.95,568.95,311.36,2010-09-30 09:39:00,2011-10-27 14:40:00,392,43,11
14005,United Kingdom,2874.72,5,2478,574.94,574.94,495.6,2011-05-08 10:33:00,2011-11-30 12:41:00,206,10,5
14006,United Kingdom,2196.67,7,2181,313.81,313.81,311.57,2010-02-25 09:45:00,2011-08-16 09:39:00,536,116,7
14007,United Kingdom,79.48,1,16,79.48,79.48,16.0,2010-07-15 09:06:00,2010-07-15 09:06:00,0,513,1
14008,United Kingdom,509.04,1,326,509.04,509.04,326.0,2010-10-03 13:09:00,2010-10-03 13:09:00,0,432,1
14009,United Kingdom,1099.91,3,951,366.64,366.64,317.0,2010-09-03 12:08:00,2011-05-25 15:47:00,264,198,3
14010,United Kingdom,445.15,2,177,222.58,222.58,88.5,2010-05-23 12:46:00,2010-05-23 13:00:00,0,565,2
14011,United Kingdom,457.82,2,644,228.91,228.91,322.0,2010-04-11 13:40:00,2010-08-16 15:31:00,127,480,2
14012,United Kingdom,328.8,1,160,328.8,328.8,160.0,2011-03-07 12:26:00,2011-03-07 12:26:00,0,278,1
14013,United Kingdom,1084.57,5,775,216.91,216.91,155.0,2010-03-26 10:02:00,2011-08-21 15:01:00,513,110,5
14014,United Kingdom,1948.21,3,2004,649.4,649.4,668.0,2010-05-12 09:04:00,2011-09-23 13:18:00,499,77,3
14015,United Kingdom,917.34,1,378,917.34,917.34,378.0,2011-10-18 10:02:00,2011-10-18 10:02:00,0,53,1
14016,EIRE,11403.41,11,5722,1036.67,1036.67,520.18,2010-01-08 14:12:00,2011-07-01 11:29:00,538,162,11
14017,United Kingdom,229.75,1,73,229.75,229.75,73.0,2010-05-17 14:52:00,2010-05-17 14:52:00,0,571,1
14018,United Kingdom,367.15,1,224,367.15,367.15,224.0,2010-03-04 14:23:00,2010-03-04 14:23:00,0,645,1
14019,United Kingdom,1421.61,3,1037,473.87,473.87,345.67,2011-07-24 15:39:00,2011-10-24 10:13:00,91,47,3
14020,United Kingdom,1249.01,4,648,312.25,312.25,162.0,2010-06-28 15:29:00,2011-11-23 09:22:00,512,17,4
14021,United Kingdom,1716.58,7,878,245.23,245.23,125.43,2010-04-26 11:22:00,2011-07-07 15:46:00,437,155,7
14022,United Kingdom,792.15,2,681,396.08,396.08,340.5,2010-08-10 09:38:00,2011-04-28 14:39:00,261,225,2
14023,United Kingdom,584.07,2,345,292.04,292.04,172.5,2011-04-03 15:50:00,2011-12-02 13:58:00,242,7,2
14024,United Kingdom,645.74,3,238,215.25,215.25,79.33,2010-11-14 10:51:00,2011-08-10 11:30:00,269,122,3
14025,United Kingdom,4057.9,8,1914,507.24,507.24,239.25,2010-05-05 09:56:00,2010-09-01 10:11:00,119,465,8
14026,United Kingdom,713.11,2,427,356.56,356.56,213.5,2010-03-24 14:10:00,2010-08-26 10:31:00,154,471,2
14027,United Kingdom,104.82,1,62,104.82,104.82,62.0,2011-10-10 09:01:00,2011-10-10 09:01:00,0,61,1
14028,United Kingdom,10396.5,3,7170,3465.5,3465.5,2390.0,2010-06-07 12:02:00,2010-06-07 13:33:00,0,550,3
14029,United Kingdom,467.66,2,198,233.83,233.83,99.0,2011-07-18 16:57:00,2011-10-07 14:46:00,80,63,2
14030,United Kingdom,7521.8,20,4215,376.09,376.09,210.75,2009-12-10 17:27:00,2011-11-21 16:48:00,710,18,20
14031,United Kingdom,39019.51,44,13783,886.81,886.81,313.25,2009-12-03 15:35:00,2011-12-02 17:13:00,729,7,44
14032,United Kingdom,4546.41,16,3740,284.15,284.15,233.75,2009-12-14 12:02:00,2011-12-07 15:23:00,723,2,16
14033,United Kingdom,109.44,1,576,109.44,109.44,576.0,2010-06-02 15:10:00,2010-06-02 15:10:00,0,555,1
14034,United Kingdom,648.89,3,420,216.3,216.3,140.0,2011-07-05 13:06:00,2011-11-17 14:02:00,135,22,3
14035,United Kingdom,2794.75,9,1405,310.53,310.53,156.11,2010-04-06 12:39:00,2011-11-11 10:03:00,583,29,9
14036,United Kingdom,626.65,1,268,626.65,626.65,268.0,2011-02-28 09:26:00,2011-02-28 09:26:00,0,285,1
14037,United Kingdom,836.95,6,590,139.49,139.49,98.33,2009-12-07 11:39:00,2011-06-16 13:57:00,556,176,6
14038,United Kingdom,3069.88,5,1708,613.98,613.98,341.6,2010-02-04 08:56:00,2011-09-22 13:37:00,595,78,5
14039,United Kingdom,267.28,2,192,133.64,133.64,96.0,2010-05-13 10:15:00,2011-11-06 13:48:00,542,33,2
14040,United Kingdom,12523.81,35,4972,357.82,357.82,142.06,2009-12-01 12:14:00,2011-10-30 12:42:00,698,41,35
14041,United Kingdom,141.41,1,94,141.41,141.41,94.0,2011-03-18 13:25:00,2011-03-18 13:25:00,0,266,1
14042,United Kingdom,431.98,1,180,431.98,431.98,180.0,2009-12-14 15:07:00,2009-12-14 15:07:00,0,725,1
14043,United Kingdom,302.6,2,152,151.3,151.3,76.0,2009-12-10 15:56:00,2010-08-05 18:18:00,238,491,2
14044,United Kingdom,3077.7,10,2100,307.77,307.77,210.0,2010-01-24 15:14:00,2011-11-13 12:05:00,657,27,10
14045,United Kingdom,10986.63,16,4459,686.66,686.66,278.69,2010-01-08 10:08:00,2011-08-22 15:27:00,591,109,16
14046,United Kingdom,154.99,1,460,154.99,154.99,460.0,2011-02-28 14:48:00,2011-02-28 14:48:00,0,284,1
14047,United Kingdom,3968.11,14,1541,283.44,283.44,110.07,2010-02-01 10:05:00,2011-12-01 11:43:00,668,9,14
14048,United Kingdom,748.69,3,467,249.56,249.56,155.67,2010-11-22 14:08:00,2011-02-07 14:53:00,77,305,3
14049,United Kingdom,13023.4,13,8480,1001.8,1001.8,652.31,2010-04-01 14:52:00,2011-11-23 12:20:00,600,17,13
14050,United Kingdom,746.36,2,689,373.18,373.18,344.5,2011-08-25 13:46:00,2011-11-08 10:00:00,74,32,2
14051,United Kingdom,21770.98,37,5709,588.4,588.4,154.3,2009-12-03 11:53:00,2011-12-09 10:20:00,735,1,37
14052,United Kingdom,466.66,2,174,233.33,233.33,87.0,2010-11-14 11:37:00,2011-11-20 12:30:00,371,20,2
14053,United Kingdom,572.3,4,490,143.07,143.07,122.5,2010-08-10 11:02:00,2011-08-07 14:27:00,362,124,4
14054,United Kingdom,92.46,1,62,92.46,92.46,62.0,2011-10-05 15:49:00,2011-10-05 15:49:00,0,65,1
14055,United Kingdom,1520.96,3,720,506.99,506.99,240.0,2009-12-16 15:11:00,2011-08-25 15:04:00,616,106,3
14056,United Kingdom,8152.71,23,4252,354.47,354.47,184.87,2011-02-28 15:19:00,2011-12-08 13:36:00,282,1,23
14057,United Kingdom,8346.66,22,6438,379.39,379.39,292.64,2009-12-03 13:17:00,2011-11-16 10:32:00,712,24,22
14058,United Kingdom,469.19,2,211,234.6,234.6,105.5,2010-06-27 11:29:00,2010-09-03 09:31:00,67,463,2
14059,United Kingdom,183.6,1,128,183.6,183.6,128.0,2011-03-18 10:06:00,2011-03-18 10:06:00,0,267,1
14060,United Kingdom,8898.24,30,7419,296.61,296.61,247.3,2010-03-11 09:47:00,2011-12-05 12:29:00,634,5,30
14061,United Kingdom,917.43,3,133,305.81,305.81,44.33,2009-12-01 18:03:00,2010-07-20 17:22:00,230,507,3
14062,United Kingdom,25585.65,24,12794,1066.07,1066.07,533.08,2009-12-10 14:28:00,2011-11-30 10:04:00,719,10,24
14063,United Kingdom,22710.2,9,3850,2523.36,2523.36,427.78,2009-12-08 13:46:00,2010-09-27 16:18:00,293,438,9
14064,United Kingdom,3260.24,15,3911,217.35,217.35,260.73,2010-01-21 13:22:00,2011-11-10 13:14:00,657,29,15
14065,United Kingdom,891.02,3,582,297.01,297.01,194.0,2010-10-04 12:03:00,2010-11-15 16:13:00,42,389,3
14066,United Kingdom,152.55,1,45,152.55,152.55,45.0,2011-03-18 12:21:00,2011-03-18 12:21:00,0,267,1
14067,United Kingdom,374.7,2,361,187.35,187.35,180.5,2011-09-04 12:00:00,2011-10-07 10:21:00,32,64,2
14068,United Kingdom,1516.72,4,510,379.18,379.18,127.5,2010-01-31 10:10:00,2011-01-23 16:02:00,357,320,4
14069,United Kingdom,225.81,2,58,112.9,112.9,29.0,2010-05-27 12:30:00,2010-07-13 12:12:00,46,515,2
14070,United Kingdom,321.6,1,85,321.6,321.6,85.0,2010-01-24 12:27:00,2010-01-24 12:27:00,0,685,1
14071,United Kingdom,1437.57,8,994,179.7,179.7,124.25,2011-03-20 11:33:00,2011-12-06 12:27:00,261,4,8
14072,United Kingdom,390.85,1,65,390.85,390.85,65.0,2010-02-11 12:31:00,2010-02-11 12:31:00,0,667,1
14073,United Kingdom,151.04,1,130,151.04,151.04,130.0,2011-11-07 15:49:00,2011-11-07 15:49:00,0,32,1
14074,United Kingdom,219.4,1,228,219.4,219.4,228.0,2010-03-26 13:55:00,2010-03-26 13:55:00,0,623,1
14075,United Kingdom,1734.87,6,1494,289.14,289.14,249.0,2010-06-16 14:47:00,2011-12-05 08:38:00,536,5,6
14076,United Kingdom,118.67,1,79,118.67,118.67,79.0,2011-08-02 15:19:00,2011-08-02 15:19:00,0,129,1
14077,United Kingdom,615.08,6,376,102.51,102.51,62.67,2010-11-09 16:01:00,2011-10-30 12:35:00,354,41,6
14078,United Kingdom,1553.47,9,586,172.61,172.61,65.11,2010-03-28 15:05:00,2011-08-30 12:16:00,519,102,9
14079,United Kingdom,618.73,2,302,309.36,309.36,151.0,2010-01-26 17:19:00,2011-08-07 12:10:00,557,125,2
14080,United Kingdom,1115.68,5,268,223.14,223.14,53.6,2009-12-02 15:01:00,2011-11-07 11:09:00,704,33,5
14081,United Kingdom,4867.57,10,3381,486.76,486.76,338.1,2009-12-10 18:27:00,2011-02-10 16:17:00,426,302,10
14082,United Kingdom,413.36,2,246,206.68,206.68,123.0,2010-11-12 11:47:00,2010-12-10 11:02:00,27,365,2
14083,United Kingdom,1082.19,11,760,98.38,98.38,69.09,2009-12-18 11:34:00,2011-12-05 13:14:00,717,4,11
14084,United Kingdom,150.5,1,306,150.5,150.5,306.0,2010-07-15 14:36:00,2010-07-15 14:36:00,0,512,1
14085,United Kingdom,9720.67,33,6434,294.57,294.57,194.97,2009-12-08 13:41:00,2011-12-07 13:46:00,729,2,33
14086,United Kingdom,39.95,1,1,39.95,39.95,1.0,2010-09-03 10:52:00,2010-09-03 10:52:00,0,463,1
14087,United Kingdom,829.47,3,718,276.49,276.49,239.33,2009-12-04 15:27:00,2011-12-07 12:41:00,732,3,3
14088,United Kingdom,64036.8,16,15276,4002.3,4002.3,954.75,2010-10-14 19:46:00,2011-11-29 16:16:00,410,10,16
14089,United Kingdom,158.75,1,133,158.75,158.75,133.0,2011-10-14 10:38:00,2011-10-14 10:38:00,0,57,1
14090,United Kingdom,76.32,1,72,76.32,76.32,72.0,2011-01-19 10:51:00,2011-01-19 10:51:00,0,325,1
14091,United Kingdom,9530.08,2,3316,4765.04,4765.04,1658.0,2010-01-10 13:41:00,2010-02-23 15:17:00,44,654,2
14092,United Kingdom,7229.45,24,3606,301.23,301.23,150.25,2009-12-16 16:24:00,2011-12-02 12:13:00,715,8,24
14093,United Kingdom,433.86,1,391,433.86,433.86,391.0,2011-11-27 16:27:00,2011-11-27 16:27:00,0,12,1
14094,United Kingdom,311.77,1,158,311.77,311.77,158.0,2010-09-26 11:58:00,2010-09-26 11:58:00,0,440,1
14095,United Kingdom,2.95,1,1,2.95,2.95,1.0,2009-12-17 12:49:00,2009-12-17 12:49:00,0,723,1
14096,United Kingdom,65164.79,17,16352,3833.22,3833.22,961.88,2011-08-30 10:49:00,2011-12-05 17:17:00,97,4,17
14097,United Kingdom,422.86,2,352,211.43,211.43,176.0,2010-03-04 10:46:00,2010-08-15 14:20:00,164,481,2
14098,United Kingdom,147.35,1,104,147.35,147.35,104.0,2011-11-03 10:13:00,2011-11-03 10:13:00,0,37,1
14099,United Kingdom,5750.91,20,3666,287.55,287.55,183.3,2009-12-10 11:55:00,2011-11-23 13:53:00,713,16,20
14100,United Kingdom,191.95,1,63,191.95,191.95,63.0,2011-07-25 11:01:00,2011-07-25 11:01:00,0,138,1
14101,United Kingdom,9961.93,13,10542,766.3,766.3,810.92,2010-03-28 13:36:00,2011-09-27 12:28:00,547,74,13
14102,United Kingdom,1105.88,5,769,221.18,221.18,153.8,2011-10-26 12:46:00,2011-12-04 15:38:00,39,5,5
14104,United Kingdom,743.53,5,496,148.71,148.71,99.2,2010-05-28 16:11:00,2011-07-08 12:50:00,405,155,5
14105,United Kingdom,5988.83,5,3534,1197.77,1197.77,706.8,2009-12-18 16:57:00,2011-04-14 17:58:00,482,239,5
14106,United Kingdom,214.8,1,24,214.8,214.8,24.0,2009-12-02 14:09:00,2009-12-02 14:09:00,0,737,1
14107,United Kingdom,4877.3,11,3489,443.39,443.39,317.18,2009-12-09 14:20:00,2011-10-19 12:12:00,678,52,11
14108,United Kingdom,1044.96,4,660,261.24,261.24,165.0,2009-12-01 18:07:00,2011-11-09 10:41:00,707,31,4
14109,United Kingdom,144.2,1,88,144.2,144.2,88.0,2011-09-28 10:18:00,2011-09-28 10:18:00,0,73,1
14110,United Kingdom,12987.95,33,5825,393.57,393.57,176.52,2009-12-01 09:50:00,2011-12-06 12:26:00,735,4,33
14111,United Kingdom,692.85,4,458,173.21,173.21,114.5,2011-04-12 11:36:00,2011-11-25 13:44:00,227,14,4
14112,United Kingdom,5834.59,13,3539,448.81,448.81,272.23,2010-02-23 14:16:00,2011-11-17 12:30:00,631,23,13
14113,United Kingdom,7092.61,16,3439,443.29,443.29,214.94,2009-12-08 07:42:00,2011-12-06 12:18:00,728,4,16
14114,United Kingdom,1364.09,7,650,194.87,194.87,92.86,2010-04-12 11:07:00,2011-03-11 09:42:00,332,274,7
14115,United Kingdom,622.67,2,509,311.33,311.33,254.5,2010-02-11 11:44:00,2010-07-26 12:36:00,165,502,2
14116,United Kingdom,1382.74,5,707,276.55,276.55,141.4,2011-08-10 12:44:00,2011-11-20 10:29:00,101,20,5
14117,United Kingdom,90.0,1,72,90.0,90.0,72.0,2011-07-19 09:49:00,2011-07-19 09:49:00,0,144,1
14118,United Kingdom,458.45,1,97,458.45,458.45,97.0,2010-10-07 11:59:00,2010-10-07 11:59:00,0,429,1
14119,United Kingdom,183.37,2,177,91.68,91.68,88.5,2009-12-21 14:52:00,2010-11-29 10:33:00,342,376,2
14121,United Kingdom,2780.15,4,2082,695.04,695.04,520.5,2011-10-11 10:39:00,2011-12-06 12:19:00,56,4,4
14122,United Kingdom,362.42,3,114,120.81,120.81,38.0,2009-12-02 14:22:00,2010-10-29 15:11:00,331,406,3
14123,United Kingdom,436.18,1,234,436.18,436.18,234.0,2009-12-06 15:35:00,2009-12-06 15:35:00,0,733,1
14124,United Kingdom,419.58,1,1618,419.58,419.58,1618.0,2011-09-16 13:32:00,2011-09-16 13:32:00,0,84,1
14125,United Kingdom,2720.63,3,1628,906.88,906.88,542.67,2011-09-22 15:40:00,2011-11-29 12:47:00,67,11,3
14126,United Kingdom,1172.46,4,887,293.12,293.12,221.75,2010-09-21 14:51:00,2011-12-02 11:45:00,436,8,4
14127,United Kingdom,1900.08,6,828,316.68,316.68,138.0,2010-10-10 11:53:00,2011-08-09 10:49:00,302,123,6
14128,United Kingdom,924.21,3,814,308.07,308.07,271.33,2010-06-06 14:05:00,2011-10-10 12:00:00,490,61,3
14129,United Kingdom,2591.34,9,1414,287.93,287.93,157.11,2010-05-09 14:54:00,2011-12-08 11:02:00,577,2,9
14130,United Kingdom,1858.77,4,1215,464.69,464.69,303.75,2009-12-11 16:33:00,2011-01-24 16:05:00,408,319,4
14131,United Kingdom,168.22,1,105,168.22,168.22,105.0,2010-03-01 11:59:00,2010-03-01 11:59:00,0,649,1
14132,United Kingdom,3586.03,11,3368,326.0,326.0,306.18,2011-06-09 12:04:00,2011-12-07 13:35:00,181,2,11
14133,United Kingdom,911.14,4,398,227.78,227.78,99.5,2009-12-06 12:10:00,2011-08-02 11:34:00,603,130,4
14134,United Kingdom,11123.35,15,5814,741.56,741.56,387.6,2009-12-10 09:25:00,2010-11-22 12:26:00,347,383,15
14135,United Kingdom,8839.67,24,8534,368.32,368.32,355.58,2009-12-02 08:58:00,2011-12-08 11:38:00,736,2,24
14136,United Kingdom,1570.81,5,1148,314.16,314.16,229.6,2009-12-08 09:19:00,2010-11-04 11:53:00,331,401,5
14137,United Kingdom,332.7,1,462,332.7,332.7,462.0,2010-01-13 12:30:00,2010-01-13 12:30:00,0,696,1
14138,United Kingdom,965.88,2,600,482.94,482.94,300.0,2011-10-07 09:38:00,2011-12-08 12:44:00,62,2,2
14139,United Kingdom,1086.8,4,1049,271.7,271.7,262.25,2010-06-15 09:17:00,2011-10-24 13:34:00,496,46,4
14140,United Kingdom,935.05,2,811,467.52,467.52,405.5,2011-11-08 11:20:00,2011-12-06 09:05:00,27,4,2
14141,United Kingdom,915.13,4,355,228.78,228.78,88.75,2011-08-26 14:40:00,2011-12-07 09:53:00,102,3,4
14142,United Kingdom,671.34,2,518,335.67,335.67,259.0,2010-03-03 15:13:00,2010-12-01 16:33:00,273,373,2
14143,United Kingdom,115.8,1,30,115.8,115.8,30.0,2011-07-29 09:48:00,2011-07-29 09:48:00,0,134,1
14144,United Kingdom,30.6,1,12,30.6,30.6,12.0,2010-08-10 15:17:00,2010-08-10 15:17:00,0,486,1
14145,United Kingdom,7600.05,7,1655,1085.72,1085.72,236.43,2010-04-08 09:47:00,2011-10-24 12:10:00,564,47,7
14146,United Kingdom,9450.3,12,5780,787.52,787.52,481.67,2010-01-13 16:04:00,2011-12-01 10:18:00,686,9,12
14147,United Kingdom,2590.2,9,995,287.8,287.8,110.56,2010-03-09 13:43:00,2011-09-22 18:10:00,562,78,9
14148,United Kingdom,466.29,2,223,233.14,233.14,111.5,2010-10-21 14:08:00,2011-04-20 12:02:00,180,234,2
14149,United Kingdom,446.62,1,218,446.62,446.62,218.0,2011-05-03 09:44:00,2011-05-03 09:44:00,0,221,1
14150,United Kingdom,658.64,2,496,329.32,329.32,248.0,2010-12-15 10:04:00,2011-11-04 10:05:00,324,36,2
14151,United Kingdom,679.45,2,405,339.72,339.72,202.5,2009-12-23 10:54:00,2010-02-04 15:35:00,43,673,2
14152,United Kingdom,1997.34,7,1844,285.33,285.33,263.43,2010-02-18 13:57:00,2011-09-25 12:54:00,583,75,7
14153,United Kingdom,233.4,1,312,233.4,233.4,312.0,2010-08-13 14:35:00,2010-08-13 14:35:00,0,483,1
14154,United Kingdom,6460.7,8,3222,807.59,807.59,402.75,2010-01-13 12:47:00,2011-04-14 16:26:00,456,239,8
14155,United Kingdom,118.75,1,25,118.75,118.75,25.0,2011-03-18 14:13:00,2011-03-18 14:13:00,0,266,1
14156,EIRE,313437.62,156,164325,2009.22,2009.22,1053.37,2009-12-01 12:30:00,2011-11-30 10:54:00,728,10,156
14157,United Kingdom,978.69,5,521,195.74,195.74,104.2,2010-03-03 16:49:00,2011-11-20 11:32:00,626,20,5
14158,United Kingdom,507.66,1,781,507.66,507.66,781.0,2011-10-30 15:08:00,2011-10-30 15:08:00,0,40,1
14159,United Kingdom,7860.8,20,6520,393.04,393.04,326.0,2009-12-03 12:31:00,2011-11-20 12:36:00,717,20,20
14160,United Kingdom,8421.47,7,4661,1203.07,1203.07,665.86,2010-01-10 12:06:00,2010-04-08 14:30:00,88,610,7
14161,United Kingdom,2996.93,7,1480,428.13,428.13,211.43,2009-12-13 11:46:00,2011-05-08 11:41:00,510,216,7
14162,United Kingdom,289.36,2,142,144.68,144.68,71.0,2011-02-20 12:32:00,2011-06-19 11:36:00,118,174,2
14163,United Kingdom,2594.62,5,950,518.92,518.92,190.0,2010-09-03 17:15:00,2011-09-13 15:18:00,374,87,5
14164,United Kingdom,1631.77,2,1033,815.88,815.88,516.5,2011-09-20 12:18:00,2011-09-30 12:24:00,10,71,2
14165,United Kingdom,120.44,1,53,120.44,120.44,53.0,2011-03-09 12:39:00,2011-03-09 12:39:00,0,276,1
14166,United Kingdom,251.15,2,82,125.58,125.58,41.0,2010-03-23 15:10:00,2010-07-22 19:42:00,121,505,2
14167,United Kingdom,1274.29,8,340,159.29,159.29,42.5,2010-01-27 16:07:00,2011-10-31 14:29:00,641,39,8
14168,United Kingdom,370.45,2,147,185.22,185.22,73.5,2010-05-24 12:28:00,2010-10-15 10:49:00,143,421,2
14169,United Kingdom,621.51,2,205,310.76,310.76,102.5,2010-09-21 13:39:00,2010-10-05 08:45:00,13,431,2
14170,United Kingdom,570.18,3,270,190.06,190.06,90.0,2010-11-09 14:06:00,2010-11-29 13:10:00,19,375,3
14171,United Kingdom,498.79,2,211,249.4,249.4,105.5,2009-12-09 13:50:00,2011-09-02 16:43:00,632,98,2
14172,United Kingdom,369.02,3,78,123.01,123.01,26.0,2010-03-07 10:58:00,2010-04-13 13:26:00,37,605,3
14173,United Kingdom,586.0,6,194,97.67,97.67,32.33,2009-12-09 12:46:00,2011-11-29 11:54:00,719,11,6
14174,United Kingdom,134.46,1,94,134.46,134.46,94.0,2011-11-06 13:17:00,2011-11-06 13:17:00,0,33,1
14175,United Kingdom,7678.88,8,3009,959.86,959.86,376.12,2010-03-22 10:43:00,2011-10-11 11:55:00,568,60,8
14176,United Kingdom,756.46,5,265,151.29,151.29,53.0,2010-11-23 13:21:00,2011-02-15 13:12:00,83,297,5
14177,United Kingdom,2209.69,13,1043,169.98,169.98,80.23,2010-02-26 11:59:00,2011-09-14 15:11:00,565,86,13
14178,United Kingdom,1600.26,7,1494,228.61,228.61,213.43,2011-06-10 12:51:00,2011-12-01 12:01:00,173,9,7
14179,United Kingdom,701.57,2,319,350.78,350.78,159.5,2011-10-18 14:00:00,2011-10-30 12:07:00,11,41,2
14180,United Kingdom,6117.5,33,847,185.38,185.38,25.67,2010-06-09 14:56:00,2011-11-29 10:56:00,537,11,33
14181,United Kingdom,308.35,2,120,154.18,154.18,60.0,2010-05-26 12:32:00,2010-10-25 08:27:00,151,411,2
14182,United Kingdom,678.77,4,174,169.69,169.69,43.5,2010-04-22 15:36:00,2010-09-22 11:45:00,152,444,4
14183,United Kingdom,278.34,2,60,139.17,139.17,30.0,2010-08-15 15:36:00,2010-10-24 14:45:00,69,411,2
14184,United Kingdom,452.89,1,127,452.89,452.89,127.0,2011-10-04 12:43:00,2011-10-04 12:43:00,0,67,1
14185,United Kingdom,197.65,1,6,197.65,197.65,6.0,2011-01-12 13:52:00,2011-01-12 13:52:00,0,331,1
14186,United Kingdom,1550.63,5,1550,310.13,310.13,310.0,2010-03-05 11:17:00,2010-10-08 13:30:00,217,427,5
14187,United Kingdom,123.5,1,50,123.5,123.5,50.0,2010-08-23 12:06:00,2010-08-23 12:06:00,0,474,1
14188,United Kingdom,2054.36,6,1162,342.39,342.39,193.67,2011-02-02 13:46:00,2011-11-09 12:45:00,279,31,6
14189,United Kingdom,5503.15,16,4392,343.95,343.95,274.5,2010-11-16 09:28:00,2011-12-07 15:55:00,386,2,16
14190,United Kingdom,79.9,1,2,79.9,79.9,2.0,2010-02-11 14:27:00,2010-02-11 14:27:00,0,666,1
14191,United Kingdom,4817.66,15,3724,321.18,321.18,248.27,2009-12-11 10:48:00,2011-12-08 09:23:00,726,2,15
14192,United Kingdom,293.74,1,218,293.74,293.74,218.0,2010-11-16 17:44:00,2010-11-16 17:44:00,0,388,1
14193,United Kingdom,1210.19,3,653,403.4,403.4,217.67,2010-11-08 12:31:00,2011-10-03 09:34:00,328,68,3
14194,United Kingdom,18670.59,36,10037,518.63,518.63,278.81,2010-01-06 12:16:00,2011-12-05 10:38:00,697,5,36
14195,United Kingdom,2615.6,6,2144,435.93,435.93,357.33,2010-03-15 17:12:00,2011-05-22 10:29:00,432,202,6
14196,United Kingdom,335.52,1,142,335.52,335.52,142.0,2011-08-25 10:25:00,2011-08-25 10:25:00,0,107,1
14197,United Kingdom,390.05,1,143,390.05,390.05,143.0,2010-10-25 10:01:00,2010-10-25 10:01:00,0,411,1
14198,United Kingdom,1569.73,9,623,174.41,174.41,69.22,2010-01-05 10:07:00,2011-11-21 16:35:00,685,18,9
14199,United Kingdom,1091.7,4,254,272.92,272.92,63.5,2010-06-27 12:13:00,2011-05-05 13:44:00,312,218,4
14200,United Kingdom,379.2,1,140,379.2,379.2,140.0,2010-04-01 13:01:00,2010-04-01 13:01:00,0,617,1
14201,United Kingdom,1193.54,10,806,119.35,119.35,80.6,2010-04-30 13:00:00,2011-10-10 13:27:00,528,60,10
14202,United Kingdom,847.76,3,166,282.59,282.59,55.33,2010-03-25 10:36:00,2010-11-23 17:13:00,243,381,3
14203,United Kingdom,339.34,1,80,339.34,339.34,80.0,2010-11-07 13:35:00,2010-11-07 13:35:00,0,397,1
14204,United Kingdom,1024.83,4,469,256.21,256.21,117.25,2009-12-02 13:26:00,2011-12-07 13:38:00,735,2,4
14205,United Kingdom,2414.2,9,1342,268.24,268.24,149.11,2010-03-07 12:20:00,2011-11-23 10:55:00,625,17,9
14206,United Kingdom,1185.01,3,930,395.0,395.0,310.0,2010-11-02 11:37:00,2011-04-14 16:38:00,163,239,3
14207,United Kingdom,157.8,1,36,157.8,157.8,36.0,2010-01-21 09:33:00,2010-01-21 09:33:00,0,688,1
14208,United Kingdom,567.05,2,529,283.52,283.52,264.5,2010-06-06 13:11:00,2011-09-06 12:48:00,456,95,2
14209,United Kingdom,4993.27,15,1739,332.88,332.88,115.93,2010-01-22 10:28:00,2011-11-29 10:18:00,675,11,15
14210,United Kingdom,5556.57,16,2511,347.29,347.29,156.94,2010-01-06 10:17:00,2011-08-26 12:36:00,597,106,16
14211,United Kingdom,4402.29,18,2575,244.57,244.57,143.06,2009-12-09 12:48:00,2011-10-17 13:23:00,677,53,18
14212,United Kingdom,2190.14,2,2046,1095.07,1095.07,1023.0,2010-09-20 11:48:00,2011-09-11 12:45:00,356,90,2
14213,United Kingdom,1192.2,1,244,1192.2,1192.2,244.0,2010-10-31 10:37:00,2010-10-31 10:37:00,0,405,1
14214,United Kingdom,1004.38,5,751,200.88,200.88,150.2,2011-03-07 12:26:00,2011-11-09 10:31:00,246,31,5
14215,United Kingdom,3250.33,9,2181,361.15,361.15,242.33,2009-12-08 09:35:00,2011-11-28 12:19:00,720,12,9
14216,United Kingdom,2150.04,5,712,430.01,430.01,142.4,2010-10-21 15:07:00,2011-12-06 14:56:00,410,3,5
14217,United Kingdom,3298.59,23,1230,143.42,143.42,53.48,2010-06-30 12:54:00,2011-12-08 11:53:00,525,2,23
14218,United Kingdom,169.48,1,160,169.48,169.48,160.0,2011-10-28 10:00:00,2011-10-28 10:00:00,0,43,1
14219,United Kingdom,633.83,3,363,211.28,211.28,121.0,2010-08-03 14:42:00,2011-12-05 16:23:00,489,4,3
14220,United Kingdom,1515.0,4,468,378.75,378.75,117.0,2010-05-19 13:26:00,2011-04-06 13:23:00,321,247,4
14221,United Kingdom,6517.49,17,3808,383.38,383.38,224.0,2010-04-06 14:10:00,2011-10-28 13:42:00,569,42,17
14222,United Kingdom,683.17,1,607,683.17,683.17,607.0,2011-06-15 16:42:00,2011-06-15 16:42:00,0,177,1
14223,United Kingdom,991.13,3,585,330.38,330.38,195.0,2011-03-20 16:02:00,2011-09-08 13:38:00,171,92,3
14224,United Kingdom,1841.71,9,826,204.63,204.63,91.78,2010-06-13 13:46:00,2011-08-21 13:24:00,433,110,9
14225,United Kingdom,2031.07,4,1167,507.77,507.77,291.75,2010-01-12 15:02:00,2010-10-01 10:32:00,261,435,4
14226,United Kingdom,2985.13,6,1714,497.52,497.52,285.67,2010-09-24 14:32:00,2011-11-11 11:34:00,412,29,6
14227,United Kingdom,6368.71,15,4048,424.58,424.58,269.87,2010-02-08 09:38:00,2011-11-13 15:48:00,643,26,15
14228,United Kingdom,745.5,3,260,248.5,248.5,86.67,2010-06-11 12:29:00,2010-09-28 09:45:00,108,438,3
14229,United Kingdom,2594.04,7,934,370.58,370.58,133.43,2010-08-25 11:47:00,2011-10-19 10:04:00,419,52,7
14230,United Kingdom,979.8,3,246,326.6,326.6,82.0,2010-06-09 13:56:00,2010-09-30 09:07:00,112,436,3
14231,United Kingdom,1235.62,4,610,308.9,308.9,152.5,2010-09-15 09:52:00,2011-06-09 11:05:00,267,184,4
14232,United Kingdom,2048.07,5,1941,409.61,409.61,388.2,2011-03-20 12:44:00,2011-10-28 11:09:00,221,43,5
14233,United Kingdom,2904.27,7,1261,414.9,414.9,180.14,2010-03-05 16:35:00,2011-10-21 15:54:00,594,49,7
14234,United Kingdom,754.12,4,951,188.53,188.53,237.75,2011-10-13 13:58:00,2011-11-17 17:53:00,35,22,4
14235,United Kingdom,4717.99,9,3014,524.22,524.22,334.89,2010-03-30 13:36:00,2011-09-25 14:37:00,544,75,9
14236,United Kingdom,1555.34,5,774,311.07,311.07,154.8,2010-07-22 14:27:00,2011-09-20 09:13:00,424,81,5
14237,United Kingdom,471.14,2,238,235.57,235.57,119.0,2010-04-28 10:04:00,2010-12-01 13:20:00,217,373,2
14238,United Kingdom,434.23,3,189,144.74,144.74,63.0,2009-12-05 10:58:00,2011-01-17 14:40:00,408,326,3
14239,United Kingdom,4263.17,21,1729,203.01,203.01,82.33,2009-12-05 12:36:00,2011-10-27 14:40:00,691,43,21
14240,United Kingdom,1247.49,3,655,415.83,415.83,218.33,2010-10-12 12:48:00,2011-11-09 13:45:00,393,30,3
14241,United Kingdom,333.7,2,242,166.85,166.85,121.0,2010-01-12 15:11:00,2011-06-09 11:46:00,512,184,2
14242,United Kingdom,280.55,2,123,140.28,140.28,61.5,2011-01-18 08:53:00,2011-04-19 11:46:00,91,235,2
14243,United Kingdom,7217.75,17,3631,424.57,424.57,213.59,2010-08-20 13:41:00,2011-12-01 11:12:00,467,9,17
14244,United Kingdom,366.42,1,814,366.42,366.42,814.0,2010-02-17 11:40:00,2010-02-17 11:40:00,0,661,1
14245,United Kingdom,1693.45,2,976,846.72,846.72,488.0,2011-03-21 10:41:00,2011-05-04 08:40:00,43,220,2
14246,United Kingdom,1474.06,3,804,491.35,491.35,268.0,2011-04-08 08:25:00,2011-08-21 11:50:00,135,111,3
14247,United Kingdom,753.56,5,378,150.71,150.71,75.6,2010-06-06 15:07:00,2011-03-06 15:21:00,273,278,5
14248,United Kingdom,1032.95,3,692,344.32,344.32,230.67,2010-07-12 14:27:00,2011-01-25 14:45:00,197,318,3
14249,United Kingdom,5400.46,12,2383,450.04,450.04,198.58,2010-01-29 14:21:00,2010-10-25 12:34:00,268,411,12
14250,United Kingdom,1904.05,3,1200,634.68,634.68,400.0,2011-09-11 13:44:00,2011-12-02 14:30:00,82,7,3
14251,United Kingdom,2879.7,5,1674,575.94,575.94,334.8,2011-10-13 12:46:00,2011-12-08 08:32:00,55,2,5
14252,United Kingdom,350.99,1,111,350.99,350.99,111.0,2010-11-23 13:36:00,2010-11-23 13:36:00,0,381,1
14253,United Kingdom,363.4,2,88,181.7,181.7,44.0,2010-03-26 15:08:00,2010-08-03 14:55:00,129,493,2
14254,United Kingdom,601.03,1,263,601.03,601.03,263.0,2010-10-03 11:52:00,2010-10-03 11:52:00,0,433,1
14255,United Kingdom,1000.63,1,1,1000.63,1000.63,1.0,2010-06-11 15:54:00,2010-06-11 15:54:00,0,546,1
14256,United Kingdom,2460.79,5,1147,492.16,492.16,229.4,2010-01-14 10:35:00,2011-03-24 13:17:00,434,260,5
14257,United Kingdom,5954.45,9,3332,661.61,661.61,370.22,2010-03-01 15:36:00,2011-10-06 16:54:00,584,64,9
14258,United Kingdom,32051.34,25,17488,1282.05,1282.05,699.52,2009-12-04 08:36:00,2011-11-30 15:27:00,726,9,25
14259,United Kingdom,120.0,1,68,120.0,120.0,68.0,2011-07-21 10:44:00,2011-07-21 10:44:00,0,142,1
14260,United Kingdom,824.28,3,544,274.76,274.76,181.33,2010-06-09 11:23:00,2010-08-25 14:55:00,77,471,3
14261,United Kingdom,1163.45,2,406,581.72,581.72,203.0,2011-09-22 10:47:00,2011-10-20 10:04:00,27,51,2
14262,United Kingdom,2618.23,8,1645,327.28,327.28,205.62,2011-04-13 12:23:00,2011-12-01 14:17:00,232,8,8
14263,United Kingdom,322.93,1,171,322.93,322.93,171.0,2010-10-12 14:09:00,2010-10-12 14:09:00,0,423,1
14264,United Kingdom,1517.36,6,553,252.89,252.89,92.17,2010-04-07 13:21:00,2011-07-08 10:20:00,456,155,6
14265,Unspecified,1373.35,4,715,343.34,343.34,178.75,2010-04-06 14:39:00,2011-08-22 13:32:00,502,109,4
14266,United Kingdom,40.56,1,24,40.56,40.56,24.0,2010-10-07 13:32:00,2010-10-07 13:32:00,0,428,1
14267,United Kingdom,1516.24,3,530,505.41,505.41,176.67,2011-03-24 11:38:00,2011-06-30 10:09:00,97,163,3
14268,United Kingdom,354.85,1,147,354.85,354.85,147.0,2010-08-26 10:45:00,2010-08-26 10:45:00,0,471,1
14269,United Kingdom,295.73,1,123,295.73,295.73,123.0,2010-09-26 12:53:00,2010-09-26 12:53:00,0,439,1
14270,United Kingdom,492.65,1,197,492.65,492.65,197.0,2011-01-12 09:33:00,2011-01-12 09:33:00,0,332,1
14271,United Kingdom,214.18,2,148,107.09,107.09,74.0,2010-10-26 17:01:00,2011-04-28 12:47:00,183,226,2
14272,United Kingdom,920.81,4,1097,230.2,230.2,274.25,2010-05-06 14:01:00,2011-09-27 10:08:00,508,74,4
14273,United Kingdom,559.97,4,264,139.99,139.99,66.0,2011-04-11 13:24:00,2011-10-19 13:20:00,190,51,4
14274,United Kingdom,256.6,1,178,256.6,256.6,178.0,2010-01-22 12:51:00,2010-01-22 12:51:00,0,686,1
14275,United Kingdom,1189.38,6,538,198.23,198.23,89.67,2010-04-11 12:32:00,2010-11-09 09:06:00,211,396,6
14276,United Kingdom,2102.68,7,1406,300.38,300.38,200.86,2010-02-17 13:10:00,2011-09-02 09:45:00,561,99,7
14277,France,17197.61,9,89806,1910.85,1910.85,9978.44,2009-12-13 15:43:00,2011-11-24 15:01:00,710,15,9
14278,United Kingdom,205.83,1,131,205.83,205.83,131.0,2010-10-26 12:07:00,2010-10-26 12:07:00,0,410,1
14279,United Kingdom,191.86,2,46,95.93,95.93,23.0,2010-01-27 16:34:00,2010-07-07 08:42:00,160,521,2
14280,United Kingdom,134.04,1,52,134.04,134.04,52.0,2011-05-27 10:37:00,2011-05-27 10:37:00,0,197,1
14281,United Kingdom,245.15,1,45,245.15,245.15,45.0,2010-10-27 14:45:00,2010-10-27 14:45:00,0,408,1
14282,United Kingdom,7250.76,25,5166,290.03,290.03,206.64,2010-02-15 11:22:00,2011-12-06 17:04:00,659,3,25
14283,United Kingdom,628.44,4,550,157.11,157.11,137.5,2010-05-19 12:22:00,2010-09-02 14:46:00,106,463,4
14284,United Kingdom,1299.65,3,510,433.22,433.22,170.0,2010-02-24 12:06:00,2011-11-09 08:11:00,622,31,3
14285,United Kingdom,3284.42,8,954,410.55,410.55,119.25,2009-12-08 14:13:00,2011-11-18 14:50:00,710,21,8
14286,United Kingdom,8479.76,7,8795,1211.39,1211.39,1256.43,2009-12-04 08:40:00,2011-11-16 10:34:00,712,24,7
14287,United Kingdom,176.63,3,261,58.88,58.88,87.0,2011-05-25 11:41:00,2011-12-01 13:25:00,190,8,3
14288,United Kingdom,426.6,1,188,426.6,426.6,188.0,2011-05-10 13:22:00,2011-05-10 13:22:00,0,213,1
14289,United Kingdom,911.26,6,292,151.88,151.88,48.67,2011-02-23 12:33:00,2011-12-01 11:44:00,280,9,6
14290,United Kingdom,4516.56,8,1600,564.57,564.57,200.0,2009-12-08 11:44:00,2011-11-28 14:02:00,720,11,8
14291,United Kingdom,7904.1,23,6146,343.66,343.66,267.22,2009-12-09 10:46:00,2011-12-08 10:26:00,728,2,23
14292,United Kingdom,9226.25,16,3429,576.64,576.64,214.31,2010-03-19 11:10:00,2011-12-02 11:50:00,623,8,16
14293,United Kingdom,2903.01,9,1558,322.56,322.56,173.11,2009-12-10 10:57:00,2011-12-06 15:17:00,726,3,9
14294,United Kingdom,375.34,1,190,375.34,375.34,190.0,2010-10-28 16:25:00,2010-10-28 16:25:00,0,407,1
14295,United Kingdom,2362.91,5,1029,472.58,472.58,205.8,2009-12-08 09:49:00,2011-10-30 15:50:00,691,40,5
14296,United Kingdom,456.4,2,314,228.2,228.2,157.0,2010-05-14 14:34:00,2010-10-14 14:14:00,152,421,2
14297,United Kingdom,1305.33,4,865,326.33,326.33,216.25,2011-03-10 08:31:00,2011-11-22 09:06:00,257,18,4
14298,United Kingdom,91194.49,82,100272,1112.13,1112.13,1222.83,2009-12-11 13:49:00,2011-12-01 13:12:00,719,8,82
14299,United Kingdom,14070.25,27,8136,521.12,521.12,301.33,2009-12-02 10:58:00,2011-12-01 16:05:00,729,8,27
14300,United Kingdom,43.2,1,32,43.2,43.2,32.0,2011-11-21 08:57:00,2011-11-21 08:57:00,0,19,1
14301,United Kingdom,1992.18,4,1686,498.04,498.04,421.5,2010-02-11 13:07:00,2011-08-14 15:33:00,549,117,4
14302,United Kingdom,742.9,3,298,247.63,247.63,99.33,2009-12-02 08:16:00,2010-10-05 08:10:00,306,431,3
14303,United Kingdom,277.94,2,218,138.97,138.97,109.0,2010-10-01 10:31:00,2010-10-28 15:37:00,27,407,2
14304,United Kingdom,1725.01,3,775,575.0,575.0,258.33,2010-05-18 10:50:00,2011-05-01 11:50:00,348,223,3
14305,United Kingdom,1858.96,3,1089,619.65,619.65,363.0,2011-07-27 14:14:00,2011-09-29 15:29:00,64,71,3
14306,United Kingdom,3151.4,6,2065,525.23,525.23,344.17,2010-01-31 13:42:00,2011-10-19 13:23:00,625,51,6
14307,United Kingdom,4287.92,10,2816,428.79,428.79,281.6,2009-12-07 13:06:00,2011-09-12 09:38:00,643,89,10
14308,United Kingdom,1147.02,2,2,573.51,573.51,1.0,2010-06-08 16:39:00,2010-06-08 16:48:00,0,549,2
14309,United Kingdom,3780.81,11,2583,343.71,343.71,234.82,2010-06-07 10:24:00,2011-12-01 13:33:00,542,8,11
14310,United Kingdom,492.1,1,230,492.1,492.1,230.0,2010-10-03 12:34:00,2010-10-03 12:34:00,0,433,1
14311,United Kingdom,516.45,2,235,258.23,258.23,117.5,2010-05-21 10:28:00,2011-04-11 10:14:00,324,243,2
14312,United Kingdom,3090.29,11,1904,280.94,280.94,173.09,2010-07-23 15:05:00,2011-10-24 09:46:00,457,47,11
14314,United Kingdom,229.8,2,332,114.9,114.9,166.0,2010-10-05 08:00:00,2011-08-25 10:39:00,324,107,2
14315,United Kingdom,3197.82,8,1344,399.73,399.73,168.0,2010-03-15 12:49:00,2011-10-26 12:06:00,589,45,8
14316,United Kingdom,1370.34,5,4494,274.07,274.07,898.8,2010-03-19 15:18:00,2010-10-13 16:31:00,208,422,5
14317,United Kingdom,508.58,1,255,508.58,508.58,255.0,2011-10-06 10:44:00,2011-10-06 10:44:00,0,65,1
14318,United Kingdom,158.02,1,152,158.02,158.02,152.0,2010-09-05 15:32:00,2010-09-05 15:32:00,0,460,1
14319,United Kingdom,494.85,1,329,494.85,494.85,329.0,2010-10-11 13:38:00,2010-10-11 13:38:00,0,424,1
14320,United Kingdom,1346.75,5,713,269.35,269.35,142.6,2010-01-21 11:44:00,2011-05-17 09:24:00,480,207,5
14321,United Kingdom,2218.06,7,3275,316.87,316.87,467.86,2010-08-23 12:56:00,2011-11-29 09:47:00,462,11,7
14322,United Kingdom,474.1,4,158,118.52,118.52,39.5,2010-02-18 08:49:00,2010-10-06 15:17:00,230,429,4
14323,United Kingdom,605.06,2,350,302.53,302.53,175.0,2011-04-15 11:44:00,2011-08-17 11:37:00,123,115,2
14324,United Kingdom,701.61,2,402,350.8,350.8,201.0,2010-01-15 13:31:00,2010-10-26 11:44:00,283,410,2
14325,United Kingdom,245.48,1,320,245.48,245.48,320.0,2010-05-19 09:20:00,2010-05-19 09:20:00,0,570,1
14326,United Kingdom,940.98,3,572,313.66,313.66,190.67,2010-06-25 12:10:00,2011-04-11 15:04:00,290,242,3
14327,United Kingdom,1894.93,6,1296,315.82,315.82,216.0,2010-01-08 14:04:00,2011-06-29 13:58:00,536,163,6
14328,United Kingdom,445.05,1,1,445.05,445.05,1.0,2010-09-27 16:01:00,2010-09-27 16:01:00,0,438,1
14329,United Kingdom,9887.62,15,5913,659.17,659.17,394.2,2009-12-16 15:31:00,2011-11-22 15:50:00,706,17,15
14330,United Kingdom,200.63,1,103,200.63,200.63,103.0,2010-03-26 09:10:00,2010-03-26 09:10:00,0,624,1
14331,United Kingdom,462.66,2,252,231.33,231.33,126.0,2011-07-27 15:14:00,2011-08-07 13:17:00,10,124,2
14332,United Kingdom,1917.41,5,875,383.48,383.48,175.0,2010-10-19 13:01:00,2011-11-17 11:54:00,393,23,5
14333,United Kingdom,415.2,1,58,415.2,415.2,58.0,2011-10-03 10:38:00,2011-10-03 10:38:00,0,68,1
14334,United Kingdom,4318.48,12,2986,359.87,359.87,248.83,2010-05-20 10:04:00,2011-11-23 10:01:00,551,17,12
14335,Germany,454.86,2,375,227.43,227.43,187.5,2011-09-04 13:07:00,2011-11-23 13:41:00,80,16,2
14336,United Kingdom,1614.91,4,1759,403.73,403.73,439.75,2011-03-08 16:48:00,2011-11-23 11:40:00,259,17,4
14338,United Kingdom,928.1,3,622,309.37,309.37,207.33,2010-06-21 10:32:00,2011-07-01 14:08:00,375,161,3
14339,United Kingdom,620.27,2,456,310.14,310.14,228.0,2010-10-07 08:50:00,2011-04-11 11:06:00,186,243,2
14340,United Kingdom,134.7,1,58,134.7,134.7,58.0,2011-05-05 09:44:00,2011-05-05 09:44:00,0,219,1
14341,United Kingdom,4452.02,18,2813,247.33,247.33,156.28,2009-12-01 12:20:00,2011-10-25 15:48:00,693,45,18
14342,United Kingdom,918.44,6,521,153.07,153.07,86.83,2010-08-24 13:03:00,2011-11-18 13:21:00,451,21,6
14343,United Kingdom,1079.66,4,626,269.92,269.92,156.5,2010-01-18 16:47:00,2010-10-14 13:05:00,268,421,4
14344,United Kingdom,2993.05,20,1546,149.65,149.65,77.3,2010-03-23 15:47:00,2011-08-04 13:51:00,498,127,20
14345,United Kingdom,108.98,1,50,108.98,108.98,50.0,2011-11-01 09:51:00,2011-11-01 09:51:00,0,39,1
14346,United Kingdom,2315.75,5,1878,463.15,463.15,375.6,2010-07-30 10:44:00,2011-08-11 09:47:00,376,121,5
14347,United Kingdom,82.6,1,48,82.6,82.6,48.0,2009-12-03 10:49:00,2009-12-03 10:49:00,0,737,1
14348,United Kingdom,409.57,1,183,409.57,409.57,183.0,2011-03-24 16:23:00,2011-03-24 16:23:00,0,260,1
14349,United Kingdom,133.5,1,86,133.5,133.5,86.0,2011-11-29 15:39:00,2011-11-29 15:39:00,0,10,1
14350,United Kingdom,972.03,3,543,324.01,324.01,181.0,2010-10-05 15:52:00,2011-03-10 14:14:00,155,274,3
14351,United Kingdom,51.0,1,12,51.0,51.0,12.0,2011-06-28 11:56:00,2011-06-28 11:56:00,0,165,1
14352,United Kingdom,1078.96,4,538,269.74,269.74,134.5,2011-03-11 14:58:00,2011-07-05 15:41:00,116,157,4
14353,United Kingdom,376.5,3,344,125.5,125.5,114.67,2010-10-04 12:38:00,2011-05-08 16:06:00,216,215,3
14354,United Kingdom,163.62,2,210,81.81,81.81,105.0,2011-11-09 15:36:00,2011-12-04 11:32:00,24,6,2
14355,United Kingdom,840.05,3,617,280.02,280.02,205.67,2010-03-22 15:08:00,2010-12-09 12:16:00,261,366,3
14356,United Kingdom,701.23,2,277,350.62,350.62,138.5,2011-09-19 14:43:00,2011-09-21 09:18:00,1,80,2
14357,United Kingdom,225.12,1,147,225.12,225.12,147.0,2011-10-27 16:23:00,2011-10-27 16:23:00,0,43,1
14358,United Kingdom,400.06,2,338,200.03,200.03,169.0,2010-10-07 17:26:00,2010-11-15 15:51:00,38,389,2
14359,United Kingdom,912.18,3,371,304.06,304.06,123.67,2011-09-13 09:03:00,2011-11-20 13:17:00,68,19,3
14360,United Kingdom,2118.03,4,1139,529.51,529.51,284.75,2011-09-06 11:58:00,2011-11-08 09:12:00,62,32,4
14361,United Kingdom,214.71,1,251,214.71,214.71,251.0,2010-05-10 12:29:00,2010-05-10 12:29:00,0,579,1
14362,United Kingdom,151.5,1,96,151.5,151.5,96.0,2011-11-17 15:08:00,2011-11-17 15:08:00,0,22,1
14363,United Kingdom,227.47,2,105,113.74,113.74,52.5,2010-09-14 14:39:00,2010-11-02 17:01:00,49,402,2
14364,United Kingdom,3717.35,8,1967,464.67,464.67,245.88,2011-05-12 12:56:00,2011-08-23 11:01:00,102,109,8
14365,United Kingdom,634.68,2,557,317.34,317.34,278.5,2010-01-27 09:44:00,2010-11-10 09:52:00,287,395,2
14366,United Kingdom,136.0,1,16,136.0,136.0,16.0,2010-07-02 17:23:00,2010-07-02 17:23:00,0,525,1
14367,United Kingdom,9227.82,16,4426,576.74,576.74,276.62,2011-03-08 14:12:00,2011-12-01 13:19:00,267,8,16
14368,United Kingdom,155.0,1,36,155.0,155.0,36.0,2011-01-24 09:52:00,2011-01-24 09:52:00,0,320,1
14369,United Kingdom,469.13,2,255,234.56,234.56,127.5,2010-02-16 10:28:00,2010-03-07 15:47:00,19,642,2
14370,United Kingdom,1175.78,6,266,195.96,195.96,44.33,2010-02-01 08:35:00,2010-09-15 10:53:00,226,451,6
14371,United Kingdom,100.5,1,34,100.5,100.5,34.0,2011-02-17 16:35:00,2011-02-17 16:35:00,0,295,1
14372,United Kingdom,860.08,2,378,430.04,430.04,189.0,2010-04-19 15:57:00,2010-09-22 16:17:00,156,443,2
14373,United Kingdom,76.55,1,17,76.55,76.55,17.0,2010-12-16 15:40:00,2010-12-16 15:40:00,0,358,1
14374,United Kingdom,108.0,1,20,108.0,108.0,20.0,2010-06-16 14:25:00,2010-06-16 14:25:00,0,541,1
14375,United Kingdom,1106.82,3,647,368.94,368.94,215.67,2010-06-16 14:34:00,2011-06-07 13:44:00,355,185,3
14376,United Kingdom,215.46,1,50,215.46,215.46,50.0,2010-01-25 15:36:00,2010-01-25 15:36:00,0,683,1
14377,United Kingdom,617.05,2,219,308.52,308.52,109.5,2011-03-22 13:38:00,2011-06-01 13:32:00,70,191,2
14378,United Kingdom,131.25,1,57,131.25,131.25,57.0,2010-03-28 12:22:00,2010-03-28 12:22:00,0,622,1
14379,United Kingdom,1265.16,4,712,316.29,316.29,178.0,2010-08-16 15:31:00,2011-10-26 16:43:00,436,44,4
14380,United Kingdom,48.96,1,1,48.96,48.96,1.0,2010-01-26 17:11:00,2010-01-26 17:11:00,0,682,1
14381,United Kingdom,625.94,2,449,312.97,312.97,224.5,2010-09-14 16:15:00,2011-10-18 17:10:00,399,52,2
14382,United Kingdom,1193.63,2,1667,596.82,596.82,833.5,2010-11-14 16:32:00,2011-11-13 16:18:00,363,26,2
14383,United Kingdom,1247.69,3,817,415.9,415.9,272.33,2011-06-29 10:18:00,2011-11-01 15:53:00,125,38,3
14384,United Kingdom,58.5,1,30,58.5,58.5,30.0,2010-07-27 09:53:00,2010-07-27 09:53:00,0,501,1
14385,United Kingdom,202.11,3,159,67.37,67.37,53.0,2011-11-16 11:55:00,2011-11-30 15:36:00,14,9,3
14386,United Kingdom,142.4,1,54,142.4,142.4,54.0,2011-02-16 09:45:00,2011-02-16 09:45:00,0,297,1
14387,United Kingdom,1727.6,3,795,575.87,575.87,265.0,2011-08-22 14:13:00,2011-11-07 12:29:00,76,33,3
14388,United Kingdom,6388.2,16,4190,399.26,399.26,261.88,2010-01-20 11:54:00,2011-11-29 13:32:00,678,10,16
14389,United Kingdom,1898.01,5,1388,379.6,379.6,277.6,2010-04-28 14:57:00,2011-10-05 15:17:00,525,65,5
14390,United Kingdom,6150.03,13,2830,473.08,473.08,217.69,2010-10-10 14:30:00,2011-11-29 13:49:00,414,10,13
14391,United Kingdom,135.6,1,168,135.6,135.6,168.0,2010-05-12 09:42:00,2010-05-12 09:42:00,0,577,1
14392,United Kingdom,266.4,1,114,266.4,266.4,114.0,2010-10-03 12:56:00,2010-10-03 12:56:00,0,432,1
14393,United Kingdom,67.95,1,13,67.95,67.95,13.0,2011-05-05 18:16:00,2011-05-05 18:16:00,0,218,1
14394,United Kingdom,93.8,1,58,93.8,93.8,58.0,2010-05-24 10:43:00,2010-05-24 10:43:00,0,565,1
14395,United Kingdom,7801.93,20,3872,390.1,390.1,193.6,2010-04-18 13:12:00,2011-12-07 14:34:00,598,2,20
14396,United Kingdom,1969.38,7,959,281.34,281.34,137.0,2009-12-02 14:21:00,2011-10-05 16:09:00,672,65,7
14397,United Kingdom,2612.96,19,1890,137.52,137.52,99.47,2011-05-10 12:25:00,2011-12-07 09:22:00,210,3,19
14398,United Kingdom,707.79,2,267,353.9,353.9,133.5,2010-06-30 11:57:00,2010-11-03 13:46:00,126,401,2
14399,United Kingdom,2108.21,8,965,263.53,263.53,120.62,2010-02-03 13:09:00,2010-11-10 13:23:00,280,394,8
14400,United Kingdom,1732.47,3,1706,577.49,577.49,568.67,2010-03-18 12:11:00,2011-07-13 15:50:00,482,149,3
14401,United Kingdom,6795.9,22,6401,308.9,308.9,290.95,2009-12-14 13:22:00,2011-12-05 13:30:00,721,4,22
14402,United Kingdom,285.6,1,240,285.6,285.6,240.0,2010-02-25 13:20:00,2010-02-25 13:20:00,0,652,1
14403,United Kingdom,1880.51,6,737,313.42,313.42,122.83,2010-03-10 14:00:00,2011-08-01 12:57:00,508,130,6
14404,United Kingdom,2724.13,13,1577,209.55,209.55,121.31,2009-12-20 14:40:00,2011-11-06 12:30:00,685,34,13
14405,United Kingdom,195.0,1,100,195.0,195.0,100.0,2010-11-18 11:40:00,2010-11-18 11:40:00,0,387,1
14406,United Kingdom,156.75,1,77,156.75,156.75,77.0,2011-08-12 16:54:00,2011-08-12 16:54:00,0,119,1
14407,United Kingdom,2157.73,6,1415,359.62,359.62,235.83,2011-03-08 11:59:00,2011-08-24 14:02:00,169,107,6
14408,United Kingdom,4102.27,11,2438,372.93,372.93,221.64,2009-12-07 12:18:00,2011-11-29 11:41:00,721,11,11
14409,United Kingdom,3427.29,9,2233,380.81,380.81,248.11,2010-05-21 16:45:00,2011-09-29 18:18:00,496,71,9
14410,United Kingdom,2631.9,11,1369,239.26,239.26,124.45,2010-09-28 15:46:00,2011-09-08 15:08:00,344,92,11
14411,United Kingdom,1063.0,1,196,1063.0,1063.0,196.0,2011-02-02 10:56:00,2011-02-02 10:56:00,0,311,1
14412,United Kingdom,1426.19,3,1428,475.4,475.4,476.0,2010-10-11 12:33:00,2011-10-28 10:45:00,381,43,3
14413,United Kingdom,764.52,4,277,191.13,191.13,69.25,2010-01-19 14:27:00,2010-12-12 13:37:00,326,362,4
14414,United Kingdom,2399.33,8,2877,299.92,299.92,359.62,2010-11-30 10:12:00,2011-09-09 12:09:00,283,92,8
14415,United Kingdom,11980.09,23,6263,520.87,520.87,272.3,2009-12-16 14:08:00,2011-12-08 14:38:00,722,1,23
14416,United Kingdom,490.22,2,326,245.11,245.11,163.0,2011-10-28 15:10:00,2011-11-17 15:22:00,20,22,2
14417,United Kingdom,524.65,1,543,524.65,524.65,543.0,2010-11-17 10:55:00,2010-11-17 10:55:00,0,388,1
14418,United Kingdom,1937.25,3,1711,645.75,645.75,570.33,2011-08-23 17:18:00,2011-12-06 11:39:00,104,4,3
14419,United Kingdom,1254.64,7,552,179.23,179.23,78.86,2010-11-22 11:09:00,2011-11-29 11:22:00,372,11,7
14420,United Kingdom,1639.17,4,1120,409.79,409.79,280.0,2010-01-17 12:41:00,2011-09-01 18:07:00,592,99,4
14421,United Kingdom,2469.37,6,1342,411.56,411.56,223.67,2010-01-17 11:30:00,2011-10-13 13:24:00,634,57,6
14422,United Kingdom,10271.52,19,6067,540.61,540.61,319.32,2009-12-17 12:12:00,2011-12-09 11:26:00,721,1,19
14423,United Kingdom,916.61,3,419,305.54,305.54,139.67,2010-01-14 11:49:00,2011-05-05 15:12:00,476,218,3
14424,United Kingdom,322.08,1,48,322.08,322.08,48.0,2011-11-22 11:48:00,2011-11-22 11:48:00,0,18,1
14425,United Kingdom,661.39,3,325,220.46,220.46,108.33,2009-12-02 11:31:00,2010-10-01 10:24:00,302,435,3
14426,United Kingdom,11727.94,17,7023,689.88,689.88,413.12,2010-03-04 14:36:00,2011-11-16 12:25:00,621,24,17
14427,United Kingdom,1263.52,4,538,315.88,315.88,134.5,2010-03-18 09:49:00,2011-10-20 14:23:00,581,50,4
14428,United Kingdom,1224.06,5,428,244.81,244.81,85.6,2011-01-18 16:39:00,2011-12-02 13:17:00,317,7,5
14429,United Kingdom,516.28,1,286,516.28,516.28,286.0,2010-11-01 10:08:00,2010-11-01 10:08:00,0,404,1
14430,United Kingdom,1220.9,3,446,406.97,406.97,148.67,2010-04-11 15:59:00,2010-07-16 11:35:00,95,512,3
14431,United Kingdom,2614.2,4,1202,653.55,653.55,300.5,2010-01-21 10:49:00,2011-02-10 10:40:00,384,303,4
14432,United Kingdom,2248.5,6,2013,374.75,374.75,335.5,2011-09-11 14:09:00,2011-11-30 08:04:00,79,10,6
14433,United Kingdom,280.7,1,131,280.7,280.7,131.0,2010-08-31 12:35:00,2010-08-31 12:35:00,0,466,1
14434,United Kingdom,1372.8,6,368,228.8,228.8,61.33,2011-09-28 15:31:00,2011-11-18 08:56:00,50,22,6
14435,United Kingdom,90.42,1,282,90.42,90.42,282.0,2010-07-26 12:33:00,2010-07-26 12:33:00,0,502,1
14436,United Kingdom,271.7,2,297,135.85,135.85,148.5,2010-06-04 11:32:00,2011-09-02 10:13:00,454,99,2
14437,United Kingdom,873.34,5,420,174.67,174.67,84.0,2010-05-05 12:20:00,2010-12-09 09:27:00,217,366,5
14438,United Kingdom,131.9,1,82,131.9,131.9,82.0,2011-02-06 14:56:00,2011-02-06 14:56:00,0,306,1
14439,Greece,9443.04,5,2244,1888.61,1888.61,448.8,2010-01-21 14:01:00,2011-01-24 11:39:00,367,320,5
14440,United Kingdom,5982.03,13,1605,460.16,460.16,123.46,2009-12-02 12:13:00,2011-12-01 15:42:00,729,8,13
14441,United Kingdom,4611.69,11,1260,419.24,419.24,114.55,2010-01-18 10:40:00,2011-12-09 09:07:00,689,1,11
14442,Channel Islands,5367.02,7,1431,766.72,766.72,204.43,2010-01-18 12:59:00,2011-05-19 11:36:00,485,205,7
14443,United Kingdom,2082.97,5,1357,416.59,416.59,271.4,2010-11-25 14:18:00,2011-10-17 10:10:00,325,54,5
14444,United Kingdom,120.44,1,172,120.44,120.44,172.0,2010-09-09 18:56:00,2010-09-09 18:56:00,0,456,1
14445,United Kingdom,221.65,1,83,221.65,221.65,83.0,2010-09-10 11:09:00,2010-09-10 11:09:00,0,456,1
14446,United Kingdom,1200.28,5,1091,240.06,240.06,218.2,2010-11-18 12:08:00,2011-12-09 11:34:00,385,1,5
14447,United Kingdom,1711.73,6,913,285.29,285.29,152.17,2010-11-04 13:32:00,2011-11-21 08:28:00,381,19,6
14448,United Kingdom,375.35,2,104,187.68,187.68,52.0,2010-12-10 17:26:00,2011-11-30 13:50:00,354,9,2
14449,United Kingdom,2230.96,8,1604,278.87,278.87,200.5,2010-09-29 13:15:00,2011-11-21 12:06:00,417,19,8
14450,United Kingdom,1128.44,7,522,161.21,161.21,74.57,2010-04-08 12:09:00,2011-06-12 10:46:00,429,181,7
14451,United Kingdom,3258.68,12,1737,271.56,271.56,144.75,2010-01-17 10:35:00,2011-10-10 13:38:00,631,60,12
14452,United Kingdom,658.95,4,285,164.74,164.74,71.25,2010-07-06 13:13:00,2011-11-29 12:06:00,510,11,4
14453,United Kingdom,119.93,1,49,119.93,119.93,49.0,2011-06-02 14:15:00,2011-06-02 14:15:00,0,190,1
14454,United Kingdom,977.3,5,400,195.46,195.46,80.0,2009-12-06 12:56:00,2010-11-28 13:26:00,357,376,5
14455,United Kingdom,617.72,4,706,154.43,154.43,176.5,2010-08-01 13:26:00,2010-10-03 15:48:00,63,432,4
14456,United Kingdom,3017.28,9,2885,335.25,335.25,320.56,2011-07-20 13:06:00,2011-12-04 13:59:00,137,5,9
14457,United Kingdom,113.64,1,88,113.64,113.64,88.0,2011-02-02 09:39:00,2011-02-02 09:39:00,0,311,1
14458,United Kingdom,228.07,1,317,228.07,228.07,317.0,2010-11-24 12:43:00,2010-11-24 12:43:00,0,381,1
14459,United Kingdom,5375.74,2,2303,2687.87,2687.87,1151.5,2010-02-26 13:26:00,2011-07-07 13:35:00,496,155,2
14460,United Kingdom,1093.5,9,1879,121.5,121.5,208.78,2009-12-15 19:06:00,2011-08-21 14:19:00,613,110,9
14461,United Kingdom,6676.91,13,3005,513.61,513.61,231.15,2010-01-18 12:48:00,2011-07-14 17:11:00,542,148,13
14462,United Kingdom,2242.81,12,1063,186.9,186.9,88.58,2010-10-03 14:13:00,2011-10-04 15:55:00,366,66,12
14463,United Kingdom,786.57,4,210,196.64,196.64,52.5,2010-07-28 11:35:00,2011-09-02 15:20:00,401,98,4
14464,United Kingdom,111.0,2,62,55.5,55.5,31.0,2010-03-22 15:20:00,2010-05-20 18:00:00,59,568,2
14465,United Kingdom,3925.85,11,2539,356.9,356.9,230.82,2010-01-07 15:03:00,2011-04-07 12:38:00,454,247,11
14466,United Kingdom,4267.15,13,2507,328.24,328.24,192.85,2009-12-13 15:44:00,2011-11-10 14:07:00,696,29,13
14467,United Kingdom,2203.24,12,1187,183.6,183.6,98.92,2009-12-02 12:44:00,2011-11-22 12:48:00,720,18,12
14468,United Kingdom,204.24,1,164,204.24,204.24,164.0,2009-12-06 12:21:00,2009-12-06 12:21:00,0,734,1
14469,United Kingdom,2093.46,4,973,523.36,523.36,243.25,2010-01-29 11:12:00,2010-10-19 14:30:00,263,416,4
14470,United Kingdom,712.04,3,282,237.35,237.35,94.0,2010-10-05 12:39:00,2011-11-28 10:31:00,418,12,3
14471,United Kingdom,400.95,2,187,200.48,200.48,93.5,2009-12-07 12:26:00,2010-04-27 17:12:00,141,591,2
14472,United Kingdom,2118.72,9,1271,235.41,235.41,141.22,2010-01-19 13:09:00,2011-08-28 11:01:00,585,104,9
14473,United Kingdom,234.34,2,88,117.17,117.17,44.0,2011-03-02 13:56:00,2011-09-26 15:10:00,208,74,2
14474,United Kingdom,1258.89,2,448,629.45,629.45,224.0,2010-05-09 12:12:00,2011-10-24 13:26:00,533,46,2
14475,United Kingdom,1151.15,4,541,287.79,287.79,135.25,2010-10-27 09:20:00,2011-09-29 10:46:00,337,72,4
14476,United Kingdom,193.0,1,110,193.0,193.0,110.0,2011-03-27 15:39:00,2011-03-27 15:39:00,0,257,1
14477,United Kingdom,1969.6,7,1120,281.37,281.37,160.0,2010-01-04 15:41:00,2011-11-20 11:11:00,684,20,7
14478,United Kingdom,1276.66,4,1226,319.17,319.17,306.5,2009-12-01 13:20:00,2010-11-22 15:29:00,356,382,4
14479,United Kingdom,1124.71,4,562,281.18,281.18,140.5,2009-12-06 13:48:00,2011-03-31 09:07:00,479,254,4
14480,United Kingdom,1299.52,4,670,324.88,324.88,167.5,2009-12-21 16:32:00,2011-11-28 16:35:00,707,11,4
14481,United Kingdom,2284.69,5,1568,456.94,456.94,313.6,2010-01-31 12:43:00,2011-06-28 10:38:00,512,165,5
14482,United Kingdom,4306.72,12,2869,358.89,358.89,239.08,2010-08-26 14:13:00,2011-11-21 13:14:00,451,18,12
14483,United Kingdom,257.1,2,193,128.55,128.55,96.5,2009-12-03 10:16:00,2011-03-03 10:26:00,455,282,2
14484,United Kingdom,1070.98,4,744,267.74,267.74,186.0,2009-12-17 10:57:00,2011-10-20 14:11:00,672,50,4
14485,United Kingdom,162.8,1,70,162.8,162.8,70.0,2011-11-01 12:25:00,2011-11-01 12:25:00,0,39,1
14486,United Kingdom,175.5,2,90,87.75,87.75,45.0,2010-06-04 10:30:00,2010-07-16 09:42:00,41,512,2
14487,United Kingdom,1266.27,7,761,180.9,180.9,108.71,2010-11-25 13:36:00,2011-11-13 12:17:00,352,27,7
14488,United Kingdom,1064.28,1,799,1064.28,1064.28,799.0,2011-10-03 09:30:00,2011-10-03 09:30:00,0,68,1
14489,United Kingdom,1574.93,4,1011,393.73,393.73,252.75,2010-04-06 09:52:00,2011-05-16 14:51:00,405,207,4
14490,United Kingdom,1273.47,2,933,636.74,636.74,466.5,2010-10-07 11:36:00,2010-10-29 15:04:00,22,406,2
14491,United Kingdom,340.93,2,139,170.46,170.46,69.5,2010-12-02 12:10:00,2011-06-17 15:22:00,197,175,2
14492,United Kingdom,1921.91,7,751,274.56,274.56,107.29,2010-03-30 14:23:00,2010-10-05 13:21:00,188,430,7
14493,United Kingdom,5087.86,10,3148,508.79,508.79,314.8,2010-03-08 08:33:00,2011-12-02 16:14:00,634,7,10
14494,United Kingdom,401.46,3,210,133.82,133.82,70.0,2009-12-08 13:25:00,2011-11-14 09:21:00,705,26,3
14495,United Kingdom,174.8,3,68,58.27,58.27,22.67,2010-02-18 08:49:00,2011-10-20 12:28:00,609,51,3
14496,United Kingdom,2363.89,7,905,337.7,337.7,129.29,2010-03-16 13:15:00,2011-02-01 09:01:00,321,312,7
14497,United Kingdom,697.06,2,332,348.53,348.53,166.0,2010-02-04 09:59:00,2011-02-03 17:01:00,364,309,2
14498,United Kingdom,3900.83,10,2120,390.08,390.08,212.0,2010-06-07 16:05:00,2011-10-28 12:09:00,507,43,10
14499,United Kingdom,2101.79,7,1231,300.26,300.26,175.86,2010-08-27 11:57:00,2011-11-13 13:01:00,443,26,7
14500,United Kingdom,356.85,3,117,118.95,118.95,39.0,2011-06-03 10:08:00,2011-09-12 16:45:00,101,88,3
14501,United Kingdom,251.21,2,161,125.6,125.6,80.5,2011-01-24 10:43:00,2011-06-09 12:02:00,136,184,2
14502,United Kingdom,2429.83,11,1480,220.89,220.89,134.55,2011-01-30 15:52:00,2011-11-20 11:50:00,293,20,11
14503,United Kingdom,3543.26,6,2004,590.54,590.54,334.0,2011-06-14 10:00:00,2011-12-06 13:30:00,175,3,6
14504,United Kingdom,673.26,4,308,168.32,168.32,77.0,2011-03-06 14:38:00,2011-10-23 16:00:00,231,47,4
14505,United Kingdom,11879.08,19,5325,625.21,625.21,280.26,2009-12-09 14:48:00,2011-11-22 15:45:00,713,17,19
14506,United Kingdom,2960.25,7,936,422.89,422.89,133.71,2010-04-19 08:27:00,2011-11-22 13:02:00,582,17,7
14507,United Kingdom,3216.74,11,1491,292.43,292.43,135.55,2009-12-10 17:04:00,2011-11-16 12:21:00,705,24,11
14508,United Kingdom,822.92,5,347,164.58,164.58,69.4,2010-06-17 13:02:00,2011-11-17 19:48:00,518,22,5
14509,United Kingdom,110.95,1,38,110.95,110.95,38.0,2010-06-23 13:21:00,2010-06-23 13:21:00,0,534,1
14510,United Kingdom,979.85,3,793,326.62,326.62,264.33,2010-09-29 13:35:00,2010-11-29 12:46:00,60,376,3
14511,United Kingdom,1314.81,5,784,262.96,262.96,156.8,2011-07-29 12:13:00,2011-11-28 17:05:00,122,11,5
14512,United Kingdom,1215.97,7,736,173.71,173.71,105.14,2009-12-07 13:49:00,2011-06-05 12:39:00,544,188,7
14513,United Kingdom,788.01,6,593,131.34,131.34,98.83,2010-05-20 17:57:00,2011-08-31 11:25:00,467,101,6
14514,United Kingdom,4380.04,9,2362,486.67,486.67,262.44,2009-12-13 13:21:00,2011-10-09 16:05:00,665,61,9
14515,United Kingdom,3724.06,12,1893,310.34,310.34,157.75,2010-06-07 12:37:00,2011-11-22 11:37:00,532,18,12
14516,United Kingdom,151.17,1,63,151.17,151.17,63.0,2010-07-11 14:07:00,2010-07-11 14:07:00,0,516,1
14517,United Kingdom,330.45,2,91,165.22,165.22,45.5,2011-07-21 11:42:00,2011-11-06 14:20:00,108,33,2
14518,United Kingdom,174.37,1,278,174.37,174.37,278.0,2011-10-06 14:43:00,2011-10-06 14:43:00,0,64,1
14519,United Kingdom,203.14,2,81,101.57,101.57,40.5,2009-12-11 10:40:00,2010-01-25 11:18:00,45,684,2
14520,United Kingdom,270.6,2,146,135.3,135.3,73.0,2011-02-22 09:15:00,2011-12-08 09:46:00,289,2,2
14521,United Kingdom,199.45,1,211,199.45,199.45,211.0,2010-08-05 16:35:00,2010-08-05 16:35:00,0,491,1
14522,United Kingdom,1748.42,8,956,218.55,218.55,119.5,2010-01-24 13:55:00,2011-11-15 13:24:00,659,24,8
14523,United Kingdom,241.09,1,251,241.09,241.09,251.0,2011-08-23 13:13:00,2011-08-23 13:13:00,0,108,1
14524,United Kingdom,2909.86,13,1169,223.84,223.84,89.92,2010-10-19 11:44:00,2011-11-08 12:29:00,385,32,13
14525,United Kingdom,8026.54,17,5106,472.15,472.15,300.35,2009-12-13 14:01:00,2011-11-20 11:37:00,706,20,17
14526,United Kingdom,258.65,1,178,258.65,258.65,178.0,2010-11-15 13:32:00,2010-11-15 13:32:00,0,389,1
14527,United Kingdom,27246.88,122,6647,223.34,223.34,54.48,2009-12-02 12:06:00,2011-12-07 12:19:00,735,3,122
14528,United Kingdom,364.22,1,278,364.22,364.22,278.0,2011-11-02 17:09:00,2011-11-02 17:09:00,0,37,1
14529,United Kingdom,578.61,3,325,192.87,192.87,108.33,2011-08-21 14:10:00,2011-10-10 15:27:00,50,60,3
14530,United Kingdom,6088.87,16,2989,380.55,380.55,186.81,2010-01-21 11:25:00,2011-11-14 10:38:00,661,26,16
14531,United Kingdom,376.34,1,260,376.34,376.34,260.0,2010-08-17 10:16:00,2010-08-17 10:16:00,0,480,1
14532,United Kingdom,3845.78,11,1111,349.62,349.62,101.0,2010-01-10 11:47:00,2011-04-17 13:05:00,462,236,11
14533,United Kingdom,3466.37,11,6038,315.12,315.12,548.91,2010-04-08 12:13:00,2011-11-15 12:05:00,585,25,11
14534,United Kingdom,6187.66,26,2822,237.99,237.99,108.54,2010-03-15 14:16:00,2011-12-07 12:19:00,631,3,26
14535,United Kingdom,5973.23,9,3214,663.69,663.69,357.11,2010-02-24 15:03:00,2011-10-10 15:39:00,593,60,9
14536,United Kingdom,170.95,1,39,170.95,170.95,39.0,2011-03-25 12:21:00,2011-03-25 12:21:00,0,260,1
14537,United Kingdom,641.4,2,228,320.7,320.7,114.0,2010-03-26 13:44:00,2011-10-13 10:54:00,565,58,2
14538,United Kingdom,1370.84,5,284,274.17,274.17,56.8,2010-01-25 15:42:00,2011-10-06 10:31:00,618,65,5
14539,United Kingdom,537.48,2,428,268.74,268.74,214.0,2011-10-26 12:03:00,2011-11-24 09:50:00,28,16,2
14540,United Kingdom,3709.64,11,1595,337.24,337.24,145.0,2009-12-07 13:00:00,2011-11-30 10:15:00,722,10,11
14541,United Kingdom,2491.38,14,1123,177.96,177.96,80.21,2010-01-07 11:59:00,2011-10-12 10:08:00,642,59,14
14542,United Kingdom,103.25,1,19,103.25,103.25,19.0,2011-06-07 08:19:00,2011-06-07 08:19:00,0,186,1
14543,United Kingdom,14587.87,39,2639,374.05,374.05,67.67,2009-12-01 13:47:00,2011-11-11 12:45:00,709,29,39
14544,United Kingdom,2938.53,3,2412,979.51,979.51,804.0,2010-08-26 16:00:00,2011-11-15 15:06:00,445,24,3
14545,United Kingdom,349.25,1,236,349.25,349.25,236.0,2010-02-03 15:23:00,2010-02-03 15:23:00,0,674,1
14546,United Kingdom,5184.84,11,2688,471.35,471.35,244.36,2009-12-06 13:10:00,2011-12-04 13:00:00,727,5,11
14547,United Kingdom,3974.75,8,2639,496.84,496.84,329.88,2011-10-16 14:35:00,2011-12-06 11:06:00,50,4,8
14548,United Kingdom,2541.29,9,986,282.37,282.37,109.56,2009-12-06 14:00:00,2011-07-12 12:19:00,582,151,9
14549,United Kingdom,913.6,4,394,228.4,228.4,98.5,2009-12-02 14:06:00,2011-02-01 13:47:00,425,311,4
14550,United Kingdom,1345.06,4,771,336.26,336.26,192.75,2010-08-13 12:05:00,2011-11-29 12:12:00,473,11,4
14551,United Kingdom,878.09,7,486,125.44,125.44,69.43,2010-01-27 12:06:00,2011-11-21 13:36:00,663,18,7
14552,United Kingdom,507.93,3,258,169.31,169.31,86.0,2010-04-26 13:44:00,2011-07-11 12:49:00,440,152,3
14553,United Kingdom,1818.6,9,1118,202.07,202.07,124.22,2010-07-18 12:07:00,2011-11-20 13:20:00,490,19,9
14554,United Kingdom,2279.49,4,1443,569.87,569.87,360.75,2011-10-18 13:04:00,2011-11-29 16:44:00,42,10,4
14555,United Kingdom,2304.03,6,842,384.01,384.01,140.33,2009-12-18 11:39:00,2011-10-13 16:24:00,664,57,6
14556,United Kingdom,815.69,3,323,271.9,271.9,107.67,2010-01-20 11:49:00,2010-04-22 14:57:00,92,596,3
14557,United Kingdom,788.38,1,510,788.38,788.38,510.0,2011-09-15 15:48:00,2011-09-15 15:48:00,0,85,1
14558,United Kingdom,655.5,3,162,218.5,218.5,54.0,2009-12-08 10:41:00,2010-02-23 12:51:00,77,654,3
14559,United Kingdom,75.6,1,72,75.6,75.6,72.0,2010-11-14 16:05:00,2010-11-14 16:05:00,0,390,1
14560,United Kingdom,6114.03,44,4580,138.96,138.96,104.09,2009-12-02 10:15:00,2011-12-02 15:22:00,730,7,44
14561,United Kingdom,1080.76,3,1014,360.25,360.25,338.0,2011-06-08 13:26:00,2011-09-25 12:39:00,108,76,3
14562,United Kingdom,6638.15,26,2574,255.31,255.31,99.0,2010-02-07 14:10:00,2011-12-06 11:05:00,666,4,26
14563,United Kingdom,640.54,2,279,320.27,320.27,139.5,2010-04-26 12:51:00,2010-07-18 12:01:00,82,510,2
14564,Channel Islands,2605.62,2,1295,1302.81,1302.81,647.5,2009-12-04 09:27:00,2010-10-01 09:02:00,300,435,2
14565,United Kingdom,3859.22,5,1940,771.84,771.84,388.0,2010-08-23 09:48:00,2011-09-05 09:07:00,377,96,5
14566,Channel Islands,4092.0,4,2400,1023.0,1023.0,600.0,2010-06-24 10:34:00,2011-08-21 11:05:00,423,111,4
14567,United Kingdom,1530.36,2,412,765.18,765.18,206.0,2011-08-01 13:48:00,2011-10-14 10:21:00,73,57,2
14568,Channel Islands,919.7,1,645,919.7,919.7,645.0,2010-09-30 17:15:00,2010-09-30 17:15:00,0,435,1
14569,United Kingdom,597.33,4,257,149.33,149.33,64.25,2010-04-15 11:49:00,2011-12-08 14:58:00,602,1,4
14570,United Kingdom,613.75,3,431,204.58,204.58,143.67,2010-09-22 13:07:00,2011-03-04 10:58:00,162,281,3
14571,United Kingdom,160.0,1,56,160.0,160.0,56.0,2010-10-10 15:06:00,2010-10-10 15:06:00,0,425,1
14572,United Kingdom,5526.88,11,2878,502.44,502.44,261.64,2010-03-28 13:47:00,2011-12-06 14:40:00,618,3,11
14573,United Kingdom,2163.12,13,683,166.39,166.39,52.54,2010-01-08 16:34:00,2011-06-13 11:15:00,520,180,13
14574,United Kingdom,143.7,1,63,143.7,143.7,63.0,2009-12-07 12:42:00,2009-12-07 12:42:00,0,733,1
14575,United Kingdom,420.22,1,163,420.22,420.22,163.0,2010-08-08 14:51:00,2010-08-08 14:51:00,0,488,1
14576,United Kingdom,35.4,1,12,35.4,35.4,12.0,2010-12-02 17:51:00,2010-12-02 17:51:00,0,372,1
14577,United Kingdom,1364.15,7,569,194.88,194.88,81.29,2009-12-11 12:09:00,2011-11-27 12:47:00,716,13,7
14578,United Kingdom,168.63,1,240,168.63,168.63,240.0,2011-12-06 17:18:00,2011-12-06 17:18:00,0,3,1
14579,United Kingdom,105.56,1,56,105.56,105.56,56.0,2010-10-03 14:36:00,2010-10-03 14:36:00,0,432,1
14580,United Kingdom,14.85,1,3,14.85,14.85,3.0,2010-07-09 15:20:00,2010-07-09 15:20:00,0,518,1
14581,United Kingdom,409.65,2,304,204.82,204.82,152.0,2010-06-13 15:48:00,2011-11-23 12:39:00,527,17,2
14582,United Kingdom,114.11,1,73,114.11,114.11,73.0,2011-10-30 11:56:00,2011-10-30 11:56:00,0,41,1
14583,United Kingdom,1660.29,8,1071,207.54,207.54,133.88,2010-03-28 15:16:00,2011-12-04 12:32:00,615,6,8
14584,United Kingdom,1738.16,8,960,217.27,217.27,120.0,2010-02-17 14:01:00,2011-06-23 18:33:00,491,169,8
14585,United Kingdom,1143.27,5,630,228.65,228.65,126.0,2010-10-19 12:17:00,2011-10-20 14:33:00,366,50,5
14586,United Kingdom,237.36,1,444,237.36,237.36,444.0,2011-03-08 10:04:00,2011-03-08 10:04:00,0,277,1
14587,United Kingdom,1580.29,9,749,175.59,175.59,83.22,2011-01-12 13:16:00,2011-11-21 11:34:00,312,19,9
14588,United Kingdom,135.39,1,62,135.39,135.39,62.0,2010-05-10 15:08:00,2010-05-10 15:08:00,0,578,1
14589,United Kingdom,39.75,1,5,39.75,39.75,5.0,2010-12-03 11:42:00,2010-12-03 11:42:00,0,372,1
14590,United Kingdom,2993.37,20,901,149.67,149.67,45.05,2009-12-07 14:10:00,2010-10-11 12:06:00,307,425,20
14591,United Kingdom,1320.21,4,1228,330.05,330.05,307.0,2011-05-10 14:09:00,2011-11-24 13:57:00,197,15,4
14592,United Kingdom,557.94,3,407,185.98,185.98,135.67,2011-10-06 18:08:00,2011-11-04 16:35:00,28,35,3
14593,United Kingdom,3665.53,12,1848,305.46,305.46,154.0,2009-12-09 12:57:00,2011-11-18 12:48:00,708,22,12
14594,United Kingdom,363.33,2,183,181.66,181.66,91.5,2010-12-01 13:54:00,2011-12-02 13:28:00,365,7,2
14595,United Kingdom,2164.45,8,1228,270.56,270.56,153.5,2010-01-20 13:59:00,2011-11-20 12:12:00,668,20,8
14596,United Kingdom,222.22,1,75,222.22,222.22,75.0,2010-03-23 12:13:00,2010-03-23 12:13:00,0,627,1
14597,United Kingdom,2184.63,6,1436,364.1,364.1,239.33,2010-09-28 13:17:00,2011-11-28 13:13:00,425,11,6
14598,United Kingdom,384.04,2,354,192.02,192.02,177.0,2010-05-19 13:07:00,2011-10-26 13:19:00,525,44,2
14599,United Kingdom,457.89,2,292,228.94,228.94,146.0,2010-07-18 15:54:00,2010-11-14 14:49:00,118,390,2
14600,United Kingdom,865.17,2,487,432.58,432.58,243.5,2010-11-11 15:56:00,2011-02-07 09:48:00,87,306,2
14601,United Kingdom,213.96,1,168,213.96,213.96,168.0,2011-11-29 09:48:00,2011-11-29 09:48:00,0,11,1
14602,United Kingdom,205.36,1,80,205.36,205.36,80.0,2010-02-21 15:47:00,2010-02-21 15:47:00,0,656,1
14603,United Kingdom,660.0,1,400,660.0,660.0,400.0,2011-03-10 10:27:00,2011-03-10 10:27:00,0,275,1
14604,United Kingdom,143.86,1,88,143.86,143.86,88.0,2010-03-16 13:00:00,2010-03-16 13:00:00,0,633,1
14605,United Kingdom,921.56,4,416,230.39,230.39,104.0,2009-12-08 13:59:00,2010-11-30 14:07:00,357,374,4
14606,United Kingdom,29951.37,192,15217,156.0,156.0,79.26,2009-12-03 12:40:00,2011-12-08 19:28:00,735,1,192
14607,United Kingdom,23763.13,22,15335,1080.14,1080.14,697.05,2009-12-15 11:25:00,2011-11-24 10:35:00,708,16,22
14608,United Kingdom,3352.94,11,927,304.81,304.81,84.27,2009-12-06 12:34:00,2011-12-05 16:52:00,729,4,11
14609,United Kingdom,1486.2,10,12720,148.62,148.62,1272.0,2010-02-09 09:48:00,2011-09-28 12:54:00,596,72,10
14610,United Kingdom,24.35,2,15,12.18,12.18,7.5,2010-07-13 16:06:00,2010-11-09 10:58:00,118,396,2
14611,United Kingdom,604.33,2,582,302.17,302.17,291.0,2010-04-20 10:19:00,2010-09-22 09:19:00,154,444,2
14612,United Kingdom,877.7,1,134,877.7,877.7,134.0,2010-10-20 16:01:00,2010-10-20 16:01:00,0,415,1
14613,United Kingdom,76.32,1,72,76.32,76.32,72.0,2010-01-28 13:02:00,2010-01-28 13:02:00,0,680,1
14614,United Kingdom,295.13,1,189,295.13,295.13,189.0,2010-11-18 13:04:00,2010-11-18 13:04:00,0,386,1
14615,United Kingdom,951.76,5,495,190.35,190.35,99.0,2010-06-09 13:59:00,2010-11-10 13:36:00,153,394,5
14616,United Kingdom,527.78,5,170,105.56,105.56,34.0,2010-06-09 09:42:00,2011-04-11 09:54:00,306,243,5
14617,United Kingdom,190.47,2,81,95.24,95.24,40.5,2010-10-20 10:40:00,2010-11-02 11:41:00,13,403,2
14618,United Kingdom,1342.32,7,704,191.76,191.76,100.57,2010-06-11 10:11:00,2011-11-30 13:45:00,537,9,7
14619,United Kingdom,1291.24,2,594,645.62,645.62,297.0,2010-06-16 14:41:00,2011-04-08 07:37:00,295,246,2
14620,United Kingdom,412.78,2,214,206.39,206.39,107.0,2011-03-01 08:30:00,2011-05-18 11:58:00,78,206,2
14621,United Kingdom,3000.57,9,1706,333.4,333.4,189.56,2010-01-25 09:08:00,2011-12-08 16:22:00,682,1,9
14622,United Kingdom,320.58,1,146,320.58,320.58,146.0,2011-06-08 12:42:00,2011-06-08 12:42:00,0,185,1
14623,United Kingdom,2016.98,10,1025,201.7,201.7,102.5,2010-04-16 17:12:00,2011-11-07 13:56:00,569,32,10
14624,United Kingdom,814.07,6,645,135.68,135.68,107.5,2010-04-14 10:44:00,2011-10-13 13:44:00,547,57,6
14625,United Kingdom,4497.88,11,2155,408.9,408.9,195.91,2009-12-16 13:23:00,2011-05-27 15:32:00,527,196,11
14626,United Kingdom,5410.92,11,3135,491.9,491.9,285.0,2009-12-10 14:57:00,2011-11-16 10:37:00,705,24,11
14627,United Kingdom,462.75,1,284,462.75,462.75,284.0,2010-11-25 16:32:00,2010-11-25 16:32:00,0,379,1
14628,United Kingdom,1998.0,5,1147,399.6,399.6,229.4,2010-01-25 14:40:00,2011-09-09 14:58:00,592,91,5
14629,United Kingdom,955.26,2,378,477.63,477.63,189.0,2011-10-23 16:13:00,2011-12-05 16:55:00,43,4,2
14630,United Kingdom,338.65,1,111,338.65,338.65,111.0,2010-08-12 16:38:00,2010-08-12 16:38:00,0,484,1
14631,United Kingdom,2025.69,6,1407,337.62,337.62,234.5,2010-08-09 14:45:00,2011-10-20 11:17:00,436,51,6
14632,United Kingdom,114.56,1,96,114.56,114.56,96.0,2011-03-22 08:49:00,2011-03-22 08:49:00,0,263,1
14633,United Kingdom,344.9,1,96,344.9,344.9,96.0,2011-03-18 17:07:00,2011-03-18 17:07:00,0,266,1
14634,United Kingdom,2124.46,4,1906,531.12,531.12,476.5,2010-06-16 09:48:00,2010-09-28 10:40:00,104,438,4
14635,United Kingdom,215.22,1,118,215.22,215.22,118.0,2010-09-12 10:47:00,2010-09-12 10:47:00,0,454,1
14636,United Kingdom,609.85,2,241,304.92,304.92,120.5,2011-03-16 09:52:00,2011-11-03 16:12:00,232,36,2
14637,United Kingdom,106.68,1,100,106.68,106.68,100.0,2010-01-31 15:52:00,2010-01-31 15:52:00,0,677,1
14638,United Kingdom,443.6,1,166,443.6,443.6,166.0,2011-10-20 10:10:00,2011-10-20 10:10:00,0,51,1
14639,United Kingdom,4978.96,9,2410,553.22,553.22,267.78,2010-02-16 12:35:00,2011-10-18 15:06:00,609,52,9
14640,United Kingdom,3649.36,10,1645,364.94,364.94,164.5,2010-01-22 15:44:00,2011-11-15 13:07:00,661,24,10
14641,United Kingdom,110.46,1,90,110.46,110.46,90.0,2011-11-18 10:42:00,2011-11-18 10:42:00,0,22,1
14642,United Kingdom,96.12,1,76,96.12,96.12,76.0,2011-10-12 11:08:00,2011-10-12 11:08:00,0,59,1
14643,United Kingdom,1679.89,5,1377,335.98,335.98,275.4,2009-12-11 11:52:00,2011-06-22 14:41:00,558,170,5
14644,United Kingdom,2247.72,7,770,321.1,321.1,110.0,2009-12-03 16:24:00,2011-10-03 08:30:00,668,68,7
14645,United Kingdom,876.89,3,587,292.3,292.3,195.67,2010-03-15 11:33:00,2011-07-06 09:15:00,477,157,3
14646,Netherlands,528602.52,151,367193,3500.68,3500.68,2431.74,2009-12-02 16:52:00,2011-12-08 12:12:00,735,2,151
14647,United Kingdom,506.04,2,175,253.02,253.02,87.5,2010-07-04 13:27:00,2011-05-22 13:40:00,322,201,2
14648,United Kingdom,4466.65,15,3265,297.78,297.78,217.67,2009-12-10 13:59:00,2010-10-19 13:12:00,312,416,15
14649,United Kingdom,3651.19,9,2415,405.69,405.69,268.33,2010-01-20 13:10:00,2011-12-05 12:30:00,683,5,9
14650,United Kingdom,62.5,1,22,62.5,62.5,22.0,2010-04-29 20:27:00,2010-04-29 20:27:00,0,589,1
14651,United Kingdom,2025.52,9,880,225.06,225.06,97.78,2010-03-18 11:39:00,2011-10-03 15:52:00,564,67,9
14652,United Kingdom,114.18,1,53,114.18,114.18,53.0,2011-09-23 14:21:00,2011-09-23 14:21:00,0,77,1
14653,United Kingdom,3593.06,12,1969,299.42,299.42,164.08,2009-12-02 11:51:00,2011-12-08 13:45:00,736,1,12
14654,United Kingdom,246.86,1,273,246.86,246.86,273.0,2009-12-01 12:57:00,2009-12-01 12:57:00,0,738,1
14655,United Kingdom,3878.51,7,2341,554.07,554.07,334.43,2010-04-22 14:29:00,2011-12-01 16:28:00,588,8,7
14656,United Kingdom,790.0,5,309,158.0,158.0,61.8,2010-04-15 12:10:00,2011-06-23 13:51:00,434,169,5
14657,United Kingdom,1450.19,6,879,241.7,241.7,146.5,2010-09-30 19:57:00,2011-11-22 12:47:00,417,18,6
14658,United Kingdom,247.15,2,47,123.58,123.58,23.5,2011-08-14 15:42:00,2011-12-04 15:35:00,111,5,2
14659,United Kingdom,2529.93,9,1195,281.1,281.1,132.78,2011-01-28 12:43:00,2011-12-01 12:17:00,306,9,9
14660,United Kingdom,285.74,2,228,142.87,142.87,114.0,2011-08-31 10:40:00,2011-09-14 11:34:00,14,87,2
14661,United Kingdom,107.95,1,35,107.95,107.95,35.0,2011-11-13 11:51:00,2011-11-13 11:51:00,0,27,1
14662,United Kingdom,1376.43,7,907,196.63,196.63,129.57,2009-12-03 16:47:00,2011-11-11 12:13:00,707,29,7
14663,United Kingdom,490.6,2,397,245.3,245.3,198.5,2010-10-05 13:12:00,2010-10-05 13:21:00,0,430,2
14664,United Kingdom,636.24,2,465,318.12,318.12,232.5,2011-11-06 14:56:00,2011-11-20 10:59:00,13,20,2
14665,United Kingdom,2749.65,7,1144,392.81,392.81,163.43,2010-04-26 11:17:00,2011-10-10 09:14:00,531,61,7
14666,United Kingdom,195.25,1,161,195.25,195.25,161.0,2011-11-15 12:57:00,2011-11-15 12:57:00,0,24,1
14667,United Kingdom,20395.34,54,11939,377.69,377.69,221.09,2009-12-02 12:38:00,2011-11-29 11:30:00,726,11,54
14668,United Kingdom,111.63,1,49,111.63,111.63,49.0,2010-09-20 15:03:00,2010-09-20 15:03:00,0,445,1
14669,United Kingdom,3216.78,7,2043,459.54,459.54,291.86,2009-12-02 13:06:00,2011-04-12 11:43:00,495,242,7
14670,United Kingdom,583.33,3,423,194.44,194.44,141.0,2009-12-07 13:59:00,2011-03-04 14:13:00,452,280,3
14671,United Kingdom,1127.45,2,571,563.72,563.72,285.5,2010-05-20 18:21:00,2010-06-08 13:39:00,18,549,2
14672,United Kingdom,1113.14,4,646,278.29,278.29,161.5,2010-01-28 11:33:00,2011-04-19 10:19:00,445,235,4
14673,United Kingdom,3037.32,7,1822,433.9,433.9,260.29,2010-10-26 10:14:00,2011-12-06 14:31:00,406,3,7
14674,United Kingdom,173.66,1,103,173.66,173.66,103.0,2010-07-18 14:25:00,2010-07-18 14:25:00,0,509,1
14675,United Kingdom,1015.58,2,660,507.79,507.79,330.0,2010-11-16 12:22:00,2011-11-23 12:58:00,372,16,2
14676,United Kingdom,8356.79,12,8792,696.4,696.4,732.67,2010-03-10 09:30:00,2011-11-08 13:29:00,608,31,12
14677,United Kingdom,184.91,1,139,184.91,184.91,139.0,2010-04-26 09:48:00,2010-04-26 09:48:00,0,593,1
14678,United Kingdom,403.39,1,179,403.39,403.39,179.0,2010-05-09 14:32:00,2010-05-09 14:32:00,0,579,1
14679,United Kingdom,1289.44,3,794,429.81,429.81,264.67,2009-12-08 17:13:00,2010-11-23 11:51:00,349,382,3
14680,United Kingdom,55688.5,58,26894,960.15,960.15,463.69,2009-12-04 12:36:00,2011-11-14 16:59:00,710,25,58
14681,United Kingdom,875.15,6,172,145.86,145.86,28.67,2010-02-24 08:54:00,2011-09-29 15:52:00,582,71,6
14682,United Kingdom,1514.81,6,949,252.47,252.47,158.17,2010-02-05 14:47:00,2011-06-05 12:12:00,484,188,6
14683,United Kingdom,146.56,1,386,146.56,146.56,386.0,2010-04-30 17:18:00,2010-04-30 17:18:00,0,588,1
14684,United Kingdom,1430.03,6,1005,238.34,238.34,167.5,2010-11-14 14:07:00,2011-11-14 11:33:00,364,26,6
14685,United Kingdom,4536.64,8,1969,567.08,567.08,246.12,2009-12-13 11:32:00,2010-05-12 13:08:00,150,576,8
14686,United Kingdom,852.53,5,457,170.51,170.51,91.4,2010-02-18 18:29:00,2010-10-21 18:31:00,245,414,5
14687,United Kingdom,1402.06,3,850,467.35,467.35,283.33,2010-06-06 10:36:00,2011-08-25 11:59:00,445,107,3
14688,United Kingdom,7190.42,28,5041,256.8,256.8,180.04,2010-09-09 12:35:00,2011-12-02 12:26:00,448,8,28
14689,United Kingdom,112.8,1,76,112.8,112.8,76.0,2011-05-15 11:22:00,2011-05-15 11:22:00,0,209,1
14690,United Kingdom,777.68,4,341,194.42,194.42,85.25,2010-10-25 12:20:00,2011-10-26 15:39:00,366,44,4
14691,United Kingdom,2114.33,5,707,422.87,422.87,141.4,2011-05-11 09:55:00,2011-11-09 12:30:00,182,31,5
14692,United Kingdom,1715.14,12,890,142.93,142.93,74.17,2010-04-01 14:04:00,2011-07-25 15:08:00,480,137,12
14693,United Kingdom,1165.36,7,388,166.48,166.48,55.43,2010-07-02 08:28:00,2011-03-20 12:50:00,261,265,7
14694,United Kingdom,244.31,1,193,244.31,244.31,193.0,2010-04-01 19:46:00,2010-04-01 19:46:00,0,617,1
14695,United Kingdom,1534.22,3,661,511.41,511.41,220.33,2009-12-07 11:05:00,2010-07-08 14:18:00,213,519,3
14696,United Kingdom,2473.28,8,1867,309.16,309.16,233.38,2010-10-14 11:43:00,2011-12-05 13:43:00,417,4,8
14697,United Kingdom,188.61,2,181,94.3,94.3,90.5,2011-05-05 15:29:00,2011-05-05 15:39:00,0,218,2
14698,United Kingdom,1217.27,5,602,243.45,243.45,120.4,2011-10-19 12:54:00,2011-12-08 12:26:00,49,2,5
14699,United Kingdom,702.6,4,484,175.65,175.65,121.0,2010-07-02 12:04:00,2011-05-09 14:54:00,311,214,4
14700,United Kingdom,3076.06,5,1606,615.21,615.21,321.2,2010-08-11 12:19:00,2011-11-07 14:40:00,453,32,5
14701,United Kingdom,4487.11,15,1744,299.14,299.14,116.27,2010-01-24 12:15:00,2011-11-29 12:38:00,674,11,15
14702,United Kingdom,6368.78,29,2878,219.61,219.61,99.24,2009-12-10 20:22:00,2011-12-08 19:29:00,727,1,29
14703,United Kingdom,318.17,1,183,318.17,318.17,183.0,2011-11-25 09:23:00,2011-11-25 09:23:00,0,15,1
14704,United Kingdom,1752.92,11,1164,159.36,159.36,105.82,2010-03-25 17:21:00,2011-11-28 12:51:00,612,11,11
14705,United Kingdom,179.0,1,100,179.0,179.0,100.0,2011-05-25 12:39:00,2011-05-25 12:39:00,0,199,1
14706,United Kingdom,367.54,1,246,367.54,367.54,246.0,2010-03-31 11:09:00,2010-03-31 11:09:00,0,619,1
14707,United Kingdom,139.2,2,96,69.6,69.6,48.0,2010-05-12 11:07:00,2010-09-30 11:37:00,141,436,2
14708,United Kingdom,1793.22,5,1159,358.64,358.64,231.8,2010-09-10 10:26:00,2011-12-07 08:21:00,452,3,5
14709,United Kingdom,8886.33,25,4141,355.45,355.45,165.64,2009-12-05 15:26:00,2011-11-24 15:41:00,719,15,25
14710,United Kingdom,1899.79,13,1135,146.14,146.14,87.31,2009-12-03 17:12:00,2011-11-25 14:53:00,721,14,13
14711,United Kingdom,2839.62,11,966,258.15,258.15,87.82,2011-03-22 13:32:00,2011-11-29 14:58:00,252,10,11
14712,United Kingdom,1328.07,4,411,332.02,332.02,102.75,2010-10-17 14:49:00,2011-11-10 12:59:00,388,29,4
14713,United Kingdom,5115.76,21,3329,243.61,243.61,158.52,2009-12-03 19:22:00,2011-11-30 16:26:00,726,9,21
14714,United Kingdom,906.24,4,642,226.56,226.56,160.5,2010-01-21 11:51:00,2011-11-15 13:07:00,663,24,4
14715,United Kingdom,1825.45,8,1030,228.18,228.18,128.75,2010-01-19 12:18:00,2011-11-15 12:10:00,664,25,8
14716,United Kingdom,543.28,3,643,181.09,181.09,214.33,2010-09-21 12:07:00,2011-10-27 17:29:00,401,43,3
14717,United Kingdom,81.3,1,32,81.3,81.3,32.0,2009-12-06 13:05:00,2009-12-06 13:05:00,0,733,1
14718,United Kingdom,226.42,1,202,226.42,226.42,202.0,2010-10-25 13:07:00,2010-10-25 13:07:00,0,410,1
14719,United Kingdom,1581.84,5,1025,316.37,316.37,205.0,2011-04-04 14:17:00,2011-12-08 12:43:00,247,2,5
14720,United Kingdom,663.81,3,219,221.27,221.27,73.0,2011-08-05 12:06:00,2011-12-04 12:02:00,120,6,3
14721,United Kingdom,109.07,1,57,109.07,109.07,57.0,2010-11-25 13:08:00,2010-11-25 13:08:00,0,379,1
14722,United Kingdom,489.52,3,214,163.17,163.17,71.33,2010-08-10 13:28:00,2011-07-15 14:58:00,339,147,3
14723,United Kingdom,1803.06,11,1168,163.91,163.91,106.18,2009-12-04 11:22:00,2011-11-29 15:23:00,725,10,11
14724,United Kingdom,341.9,1,184,341.9,341.9,184.0,2010-04-28 13:26:00,2010-04-28 13:26:00,0,590,1
14725,United Kingdom,1252.74,4,1335,313.18,313.18,333.75,2010-06-23 11:34:00,2011-11-15 12:42:00,510,25,4
14726,United Kingdom,116.5,1,82,116.5,116.5,82.0,2010-02-23 12:35:00,2010-02-23 12:35:00,0,655,1
14727,United Kingdom,463.73,3,458,154.58,154.58,152.67,2010-06-11 13:23:00,2011-03-10 14:45:00,272,274,3
14728,United Kingdom,190.58,1,68,190.58,190.58,68.0,2010-10-22 15:57:00,2010-10-22 15:57:00,0,413,1
14729,United Kingdom,586.24,3,372,195.41,195.41,124.0,2010-03-24 13:30:00,2010-12-01 12:43:00,251,374,3
14730,United Kingdom,1897.57,8,1078,237.2,237.2,134.75,2011-03-08 12:49:00,2011-12-08 14:39:00,275,1,8
14731,United Kingdom,380.02,3,256,126.67,126.67,85.33,2011-05-11 13:06:00,2011-10-23 15:54:00,165,47,3
14732,United Kingdom,5517.07,19,2273,290.37,290.37,119.63,2009-12-09 10:48:00,2011-12-01 14:34:00,722,8,19
14733,United Kingdom,14335.15,15,5799,955.68,955.68,386.6,2010-11-02 15:42:00,2011-11-23 15:39:00,385,16,15
14734,United Kingdom,1056.42,4,378,264.1,264.1,94.5,2010-06-06 15:15:00,2010-10-10 12:04:00,125,426,4
14735,United Kingdom,12240.16,56,4513,218.57,218.57,80.59,2009-12-04 11:32:00,2011-12-06 12:09:00,732,4,56
14736,United Kingdom,374.05,2,148,187.02,187.02,74.0,2010-08-11 15:13:00,2010-08-11 15:21:00,0,485,2
14737,United Kingdom,3554.17,4,1071,888.54,888.54,267.75,2010-11-04 11:29:00,2011-12-06 10:16:00,396,4,4
14738,United Kingdom,1821.9,9,757,202.43,202.43,84.11,2009-12-07 10:21:00,2011-10-28 08:56:00,689,43,9
14739,United Kingdom,11573.62,25,9696,462.94,462.94,387.84,2009-12-02 13:23:00,2011-12-05 16:54:00,733,4,25
14740,United Kingdom,4161.06,11,2081,378.28,378.28,189.18,2010-02-25 11:40:00,2011-05-26 18:17:00,455,197,11
14741,United Kingdom,1713.09,7,1006,244.73,244.73,143.71,2010-10-18 09:33:00,2011-11-28 08:48:00,405,12,7
14742,United Kingdom,579.85,1,374,579.85,579.85,374.0,2010-09-30 14:07:00,2010-09-30 14:07:00,0,435,1
14743,United Kingdom,50.48,1,40,50.48,50.48,40.0,2010-04-26 10:26:00,2010-04-26 10:26:00,0,593,1
14744,United Kingdom,3660.08,14,2399,261.43,261.43,171.36,2010-05-18 14:06:00,2011-11-23 12:51:00,553,16,14
14745,United Kingdom,2551.41,12,1969,212.62,212.62,164.08,2010-03-12 10:33:00,2011-08-19 10:05:00,524,113,12
14746,United Kingdom,593.5,4,398,148.38,148.38,99.5,2010-10-12 11:06:00,2010-10-29 14:44:00,17,406,4
14747,United Kingdom,328.2,1,84,328.2,328.2,84.0,2011-04-04 14:09:00,2011-04-04 14:09:00,0,249,1
14748,United Kingdom,2681.9,10,2422,268.19,268.19,242.2,2010-03-04 17:08:00,2011-11-10 18:33:00,616,29,10
14749,United Kingdom,310.15,1,403,310.15,310.15,403.0,2010-08-17 12:36:00,2010-08-17 12:36:00,0,480,1
14750,United Kingdom,112.03,1,65,112.03,112.03,65.0,2009-12-03 17:57:00,2009-12-03 17:57:00,0,736,1
14751,United Kingdom,126.45,2,65,63.22,63.22,32.5,2009-12-13 14:08:00,2010-01-24 13:37:00,41,684,2
14752,United Kingdom,389.64,1,260,389.64,389.64,260.0,2011-10-27 11:55:00,2011-10-27 11:55:00,0,44,1
14753,United Kingdom,869.51,2,412,434.76,434.76,206.0,2010-09-05 11:04:00,2011-09-13 14:50:00,373,87,2
14754,United Kingdom,1547.93,6,1010,257.99,257.99,168.33,2010-01-18 11:04:00,2011-10-26 12:01:00,646,45,6
14755,United Kingdom,9972.55,25,4401,398.9,398.9,176.04,2009-12-03 16:51:00,2011-11-30 11:24:00,726,10,25
14756,United Kingdom,2653.76,3,1423,884.59,884.59,474.33,2010-10-11 11:50:00,2011-11-24 18:13:00,409,15,3
14757,United Kingdom,420.5,1,160,420.5,420.5,160.0,2011-09-25 14:36:00,2011-09-25 14:36:00,0,75,1
14758,United Kingdom,2864.97,7,840,409.28,409.28,120.0,2010-04-08 08:27:00,2011-07-18 08:21:00,465,145,7
14759,United Kingdom,1625.97,3,569,541.99,541.99,189.67,2011-04-21 10:55:00,2011-12-05 12:03:00,228,5,3
14760,United Kingdom,89.2,1,40,89.2,89.2,40.0,2011-02-15 16:27:00,2011-02-15 16:27:00,0,297,1
14761,United Kingdom,447.92,3,206,149.31,149.31,68.67,2010-09-21 14:22:00,2011-10-12 12:10:00,385,59,3
14762,United Kingdom,417.57,2,428,208.78,208.78,214.0,2010-03-23 15:36:00,2011-03-21 08:20:00,362,264,2
14764,United Kingdom,278.3,1,190,278.3,278.3,190.0,2011-10-24 11:54:00,2011-10-24 11:54:00,0,47,1
14765,United Kingdom,254.11,3,135,84.7,84.7,45.0,2011-06-16 19:49:00,2011-11-10 19:53:00,147,29,3
14766,United Kingdom,6375.73,11,3999,579.61,579.61,363.55,2010-06-06 11:11:00,2011-12-01 16:05:00,543,8,11
14767,United Kingdom,382.81,1,117,382.81,382.81,117.0,2010-08-22 14:54:00,2010-08-22 14:54:00,0,474,1
14768,United Kingdom,192.6,2,52,96.3,96.3,26.0,2011-08-04 13:25:00,2011-11-22 12:54:00,109,17,2
14769,United Kingdom,15514.11,17,11058,912.59,912.59,650.47,2009-12-16 09:17:00,2011-12-07 10:24:00,721,3,17
14770,United Kingdom,3637.64,8,1598,454.7,454.7,199.75,2010-02-25 18:58:00,2011-04-21 14:21:00,419,232,8
14771,United Kingdom,594.62,2,622,297.31,297.31,311.0,2009-12-03 09:44:00,2010-03-28 12:52:00,115,621,2
14772,United Kingdom,139.26,1,82,139.26,139.26,82.0,2011-08-19 15:04:00,2011-08-19 15:04:00,0,112,1
14773,United Kingdom,140.55,1,53,140.55,140.55,53.0,2010-04-26 10:29:00,2010-04-26 10:29:00,0,593,1
14774,United Kingdom,241.45,1,99,241.45,241.45,99.0,2010-06-29 12:26:00,2010-06-29 12:26:00,0,529,1
14775,United Kingdom,1011.9,3,1174,337.3,337.3,391.33,2010-12-02 16:38:00,2011-10-12 15:27:00,313,58,3
14776,United Kingdom,3708.3,15,4658,247.22,247.22,310.53,2010-09-19 14:12:00,2011-10-19 15:34:00,395,51,15
14777,United Kingdom,307.56,1,212,307.56,307.56,212.0,2010-11-01 12:50:00,2010-11-01 12:50:00,0,404,1
14778,United Kingdom,730.86,2,306,365.43,365.43,153.0,2011-02-04 11:43:00,2011-08-04 15:23:00,181,127,2
14779,United Kingdom,386.15,3,84,128.72,128.72,28.0,2011-01-20 12:04:00,2011-03-04 12:42:00,43,281,3
14780,United Kingdom,447.68,2,310,223.84,223.84,155.0,2011-09-21 15:15:00,2011-10-16 12:46:00,24,55,2
14782,United Kingdom,200.1,1,114,200.1,200.1,114.0,2011-01-24 11:12:00,2011-01-24 11:12:00,0,320,1
14783,United Kingdom,307.3,1,262,307.3,307.3,262.0,2010-02-18 16:16:00,2010-02-18 16:16:00,0,659,1
14784,United Kingdom,449.93,3,363,149.98,149.98,121.0,2010-11-15 09:49:00,2011-11-13 13:30:00,363,26,3
14785,United Kingdom,77.4,2,84,38.7,38.7,42.0,2011-11-24 13:40:00,2011-11-29 13:21:00,4,10,2
14786,United Kingdom,90.96,1,112,90.96,90.96,112.0,2010-06-07 13:42:00,2010-06-07 13:42:00,0,550,1
14787,United Kingdom,110.65,1,59,110.65,110.65,59.0,2010-08-25 14:38:00,2010-08-25 14:38:00,0,471,1
14788,United Kingdom,1156.32,3,719,385.44,385.44,239.67,2010-04-22 18:16:00,2011-12-02 17:06:00,588,7,3
14789,United Kingdom,197.64,1,116,197.64,197.64,116.0,2011-11-11 08:59:00,2011-11-11 08:59:00,0,29,1
14790,United Kingdom,2526.62,10,2642,252.66,252.66,264.2,2009-12-11 14:37:00,2011-11-23 09:28:00,711,17,10
14791,United Kingdom,303.63,1,127,303.63,303.63,127.0,2010-04-12 10:24:00,2010-04-12 10:24:00,0,607,1
14792,United Kingdom,6.2,1,2,6.2,6.2,2.0,2011-10-07 09:19:00,2011-10-07 09:19:00,0,64,1
14793,United Kingdom,625.9,2,361,312.95,312.95,180.5,2010-06-22 16:54:00,2011-11-18 14:50:00,513,21,2
14794,United Kingdom,1953.9,10,783,195.39,195.39,78.3,2010-08-09 15:44:00,2011-12-07 10:11:00,484,3,10
14795,United Kingdom,131.45,1,17,131.45,131.45,17.0,2011-06-26 13:04:00,2011-06-26 13:04:00,0,166,1
14796,United Kingdom,10169.33,27,7188,376.64,376.64,266.22,2009-12-14 15:06:00,2011-12-08 15:31:00,724,1,27
14797,United Kingdom,300.31,1,99,300.31,300.31,99.0,2010-07-20 14:07:00,2010-07-20 14:07:00,0,507,1
14798,United Kingdom,724.31,8,601,90.54,90.54,75.12,2010-03-01 08:38:00,2011-10-18 10:58:00,596,53,8
14799,United Kingdom,338.15,2,495,169.08,169.08,247.5,2009-12-02 11:18:00,2011-10-19 16:16:00,686,51,2
14800,United Kingdom,7191.33,17,6501,423.02,423.02,382.41,2010-09-30 14:38:00,2011-10-23 12:46:00,387,48,17
14801,United Kingdom,189.34,1,173,189.34,189.34,173.0,2011-10-09 15:24:00,2011-10-09 15:24:00,0,61,1
14802,United Kingdom,1502.98,2,2,751.49,751.49,1.0,2010-09-27 16:32:00,2010-09-27 16:34:00,0,438,2
14803,United Kingdom,845.55,3,370,281.85,281.85,123.33,2011-02-20 13:21:00,2011-06-30 13:58:00,130,162,3
14804,United Kingdom,353.27,1,121,353.27,353.27,121.0,2011-12-01 11:20:00,2011-12-01 11:20:00,0,9,1
14805,United Kingdom,1082.55,7,416,154.65,154.65,59.43,2010-03-28 12:34:00,2011-11-24 16:20:00,606,15,7
14806,United Kingdom,303.43,2,423,151.72,151.72,211.5,2010-09-26 15:50:00,2011-09-25 15:32:00,363,75,2
14807,United Kingdom,504.14,2,234,252.07,252.07,117.0,2010-02-28 11:33:00,2010-11-14 12:47:00,259,391,2
14808,United Kingdom,2718.6,8,2120,339.82,339.82,265.0,2011-06-20 12:53:00,2011-10-31 12:21:00,132,40,8
14809,United Kingdom,686.76,2,232,343.38,343.38,116.0,2010-03-28 15:42:00,2010-03-28 15:44:00,0,621,2
14810,United Kingdom,2354.03,13,1162,181.08,181.08,89.38,2010-10-06 13:12:00,2011-10-30 11:19:00,388,41,13
14811,United Kingdom,170.5,1,74,170.5,170.5,74.0,2010-11-17 13:09:00,2010-11-17 13:09:00,0,387,1
14812,United Kingdom,178.85,1,135,178.85,178.85,135.0,2010-04-20 12:13:00,2010-04-20 12:13:00,0,599,1
14813,United Kingdom,888.91,4,392,222.23,222.23,98.0,2010-04-08 11:49:00,2010-12-05 11:57:00,241,370,4
14814,United Kingdom,154.21,1,93,154.21,154.21,93.0,2010-05-07 14:10:00,2010-05-07 14:10:00,0,581,1
14815,United Kingdom,778.5,2,744,389.25,389.25,372.0,2011-10-03 11:36:00,2011-11-03 11:36:00,31,37,2
14816,United Kingdom,271.85,1,5,271.85,271.85,5.0,2011-05-26 13:16:00,2011-05-26 13:16:00,0,197,1
14817,United Kingdom,3959.86,7,2462,565.69,565.69,351.71,2010-03-22 12:10:00,2011-05-23 13:35:00,427,200,7
14818,United Kingdom,1153.56,6,543,192.26,192.26,90.5,2010-03-02 12:48:00,2011-09-27 11:01:00,573,74,6
14819,United Kingdom,456.41,4,170,114.1,114.1,42.5,2009-12-21 15:54:00,2011-10-06 13:41:00,653,64,4
14820,United Kingdom,1274.76,9,724,141.64,141.64,80.44,2010-01-31 12:49:00,2011-11-18 15:41:00,656,21,9
14821,United Kingdom,1230.15,7,459,175.74,175.74,65.57,2010-02-01 13:33:00,2010-12-08 08:43:00,309,367,7
14822,United Kingdom,157.7,1,94,157.7,157.7,94.0,2010-08-11 12:52:00,2010-08-11 12:52:00,0,485,1
14823,United Kingdom,321.43,3,88,107.14,107.14,29.33,2011-05-29 12:48:00,2011-06-12 13:12:00,14,180,3
14824,United Kingdom,4022.91,10,1954,402.29,402.29,195.4,2010-03-12 13:07:00,2011-11-29 14:20:00,627,10,10
14825,United Kingdom,4735.08,24,2774,197.3,197.3,115.58,2010-04-06 14:14:00,2011-12-06 11:38:00,608,4,24
14826,United Kingdom,385.2,2,152,192.6,192.6,76.0,2010-01-13 13:08:00,2010-05-07 09:00:00,113,582,2
14828,United Kingdom,9839.46,13,9718,756.88,756.88,747.54,2009-12-07 11:19:00,2011-05-27 10:16:00,535,197,13
14829,United Kingdom,1455.87,7,957,207.98,207.98,136.71,2010-09-29 13:14:00,2011-11-10 16:16:00,407,29,7
14830,United Kingdom,188.88,1,164,188.88,188.88,164.0,2011-10-17 14:29:00,2011-10-17 14:29:00,0,53,1
14831,United Kingdom,1676.57,3,885,558.86,558.86,295.0,2009-12-02 09:21:00,2010-01-28 14:31:00,57,680,3
14832,United Kingdom,322.69,1,1,322.69,322.69,1.0,2010-03-19 15:14:00,2010-03-19 15:14:00,0,630,1
14833,United Kingdom,94.8,1,58,94.8,94.8,58.0,2010-07-29 10:06:00,2010-07-29 10:06:00,0,499,1
14834,United Kingdom,2206.16,7,872,315.17,315.17,124.57,2010-10-28 17:37:00,2011-11-22 10:30:00,389,18,7
14835,United Kingdom,297.0,2,180,148.5,148.5,90.0,2010-04-01 19:34:00,2010-06-29 10:08:00,88,529,2
14836,United Kingdom,102.45,3,45,34.15,34.15,15.0,2011-11-09 13:26:00,2011-11-29 16:45:00,20,10,3
14837,United Kingdom,3460.32,9,3030,384.48,384.48,336.67,2010-01-24 10:20:00,2011-09-11 10:58:00,595,90,9
14838,United Kingdom,769.92,2,361,384.96,384.96,180.5,2009-12-03 09:52:00,2010-10-12 15:46:00,313,423,2
14839,United Kingdom,915.28,3,927,305.09,305.09,309.0,2010-01-04 16:29:00,2010-10-17 13:01:00,285,418,3
14840,United Kingdom,362.71,2,179,181.36,181.36,89.5,2010-06-18 15:42:00,2011-03-17 12:00:00,271,268,2
14841,United Kingdom,7163.0,14,4164,511.64,511.64,297.43,2009-12-02 16:49:00,2011-10-17 15:03:00,683,53,14
14842,United Kingdom,2824.69,4,1166,706.17,706.17,291.5,2011-02-04 15:32:00,2011-10-27 12:37:00,264,44,4
14843,United Kingdom,211.8,1,132,211.8,211.8,132.0,2010-09-29 12:39:00,2010-09-29 12:39:00,0,437,1
14844,United Kingdom,6702.43,10,4369,670.24,670.24,436.9,2010-04-12 12:50:00,2011-10-07 10:41:00,542,64,10
14845,United Kingdom,150.0,1,600,150.0,150.0,600.0,2010-04-19 10:19:00,2010-04-19 10:19:00,0,600,1
14846,United Kingdom,437.4,1,193,437.4,437.4,193.0,2010-10-08 17:07:00,2010-10-08 17:07:00,0,427,1
14847,United Kingdom,1348.95,3,533,449.65,449.65,177.67,2010-05-24 12:29:00,2011-07-14 10:52:00,415,149,3
14848,United Kingdom,310.56,1,260,310.56,310.56,260.0,2010-10-31 12:22:00,2010-10-31 12:22:00,0,405,1
14849,United Kingdom,15407.61,43,11838,358.32,358.32,275.3,2010-01-10 11:40:00,2011-11-18 10:58:00,676,22,43
14850,United Kingdom,1770.96,7,1393,252.99,252.99,199.0,2010-05-20 13:28:00,2011-02-01 11:21:00,256,312,7
14851,United Kingdom,829.41,3,631,276.47,276.47,210.33,2010-03-19 11:52:00,2011-11-16 14:20:00,607,23,3
14852,United Kingdom,6132.43,18,4366,340.69,340.69,242.56,2010-03-05 14:51:00,2011-10-12 13:20:00,585,58,18
14853,United Kingdom,1376.87,5,345,275.37,275.37,69.0,2010-04-13 09:26:00,2011-11-15 16:56:00,581,24,5
14854,United Kingdom,4303.06,11,2987,391.19,391.19,271.55,2010-01-22 09:48:00,2011-09-22 17:00:00,608,78,11
14855,United Kingdom,6520.3,7,3510,931.47,931.47,501.43,2010-04-08 10:30:00,2011-08-12 14:02:00,491,119,7
14856,United Kingdom,1290.53,3,711,430.18,430.18,237.0,2011-10-14 09:35:00,2011-11-03 14:53:00,20,36,3
14857,United Kingdom,3651.85,7,2081,521.69,521.69,297.29,2010-03-15 11:00:00,2011-10-11 09:23:00,574,60,7
14858,United Kingdom,180.75,1,105,180.75,180.75,105.0,2010-07-22 10:51:00,2010-07-22 10:51:00,0,506,1
14859,United Kingdom,1705.64,5,888,341.13,341.13,177.6,2010-06-03 10:26:00,2011-11-27 11:18:00,542,13,5
14860,United Kingdom,170.32,1,232,170.32,170.32,232.0,2011-11-20 14:17:00,2011-11-20 14:17:00,0,19,1
14861,United Kingdom,1380.73,10,1076,138.07,138.07,107.6,2009-12-08 12:12:00,2011-10-18 12:54:00,679,52,10
14862,United Kingdom,841.2,2,772,420.6,420.6,386.0,2011-07-14 11:20:00,2011-11-14 10:01:00,122,26,2
14863,United Kingdom,266.76,1,132,266.76,266.76,132.0,2011-11-10 15:04:00,2011-11-10 15:04:00,0,29,1
14865,United Kingdom,92.52,4,204,23.13,23.13,51.0,2009-12-01 16:05:00,2011-12-02 16:25:00,731,7,4
14866,United Kingdom,20746.54,19,9089,1091.92,1091.92,478.37,2010-08-26 11:54:00,2011-11-29 11:45:00,459,11,19
14867,United Kingdom,2952.06,16,996,184.5,184.5,62.25,2009-12-05 15:47:00,2011-06-07 11:39:00,548,186,16
14868,United Kingdom,4184.01,12,2230,348.67,348.67,185.83,2010-10-15 14:52:00,2011-12-06 14:49:00,416,3,12
14869,United Kingdom,2778.14,6,2130,463.02,463.02,355.0,2009-12-16 11:43:00,2011-12-01 12:36:00,715,9,6
14870,United Kingdom,1838.95,6,483,306.49,306.49,80.5,2010-01-25 09:05:00,2011-03-23 10:51:00,422,262,6
14871,United Kingdom,1228.17,9,446,136.46,136.46,49.56,2009-12-01 11:57:00,2011-12-06 13:42:00,735,3,9
14872,United Kingdom,816.6,3,662,272.2,272.2,220.67,2010-03-16 14:41:00,2010-08-13 12:34:00,149,484,3
14873,United Kingdom,854.13,2,311,427.06,427.06,155.5,2010-03-16 10:51:00,2011-05-13 13:52:00,423,210,2
14874,United Kingdom,116.18,1,148,116.18,116.18,148.0,2010-06-22 14:58:00,2010-06-22 14:58:00,0,535,1
14875,United Kingdom,2862.4,3,1332,954.13,954.13,444.0,2010-09-24 10:28:00,2011-08-24 12:20:00,334,108,3
14876,United Kingdom,256.7,2,162,128.35,128.35,81.0,2010-05-27 13:49:00,2010-07-06 14:57:00,40,521,2
14877,United Kingdom,425.85,2,168,212.92,212.92,84.0,2010-03-07 12:25:00,2010-10-17 13:09:00,224,418,2
14878,United Kingdom,4076.5,25,2416,163.06,163.06,96.64,2010-02-21 11:14:00,2011-11-27 11:15:00,644,13,25
14879,United Kingdom,185.06,1,104,185.06,185.06,104.0,2010-01-24 11:35:00,2010-01-24 11:35:00,0,685,1
14880,United Kingdom,690.59,3,365,230.2,230.2,121.67,2011-02-24 12:27:00,2011-09-23 13:42:00,211,77,3
14881,United Kingdom,255.4,1,316,255.4,255.4,316.0,2011-11-20 11:06:00,2011-11-20 11:06:00,0,20,1
14882,United Kingdom,3546.65,14,1614,253.33,253.33,115.29,2010-03-30 15:02:00,2011-11-13 12:47:00,592,27,14
14883,United Kingdom,761.59,6,790,126.93,126.93,131.67,2011-05-12 09:49:00,2011-11-21 10:23:00,193,19,6
14884,United Kingdom,120.6,1,72,120.6,120.6,72.0,2010-02-08 12:56:00,2010-02-08 12:56:00,0,669,1
14885,United Kingdom,1598.12,3,1308,532.71,532.71,436.0,2010-08-31 10:11:00,2011-07-31 12:05:00,334,132,3
14886,United Kingdom,364.8,1,160,364.8,364.8,160.0,2011-04-01 08:56:00,2011-04-01 08:56:00,0,253,1
14887,United Kingdom,1862.0,1,1100,1862.0,1862.0,1100.0,2011-09-21 15:32:00,2011-09-21 15:32:00,0,79,1
14888,United Kingdom,369.2,1,184,369.2,369.2,184.0,2011-05-16 14:58:00,2011-05-16 14:58:00,0,207,1
14889,United Kingdom,135.9,1,90,135.9,135.9,90.0,2011-01-07 15:19:00,2011-01-07 15:19:00,0,336,1
14890,United Kingdom,817.25,3,636,272.42,272.42,212.0,2010-02-18 09:00:00,2011-03-31 11:57:00,406,254,3
14891,United Kingdom,1106.73,4,788,276.68,276.68,197.0,2010-09-29 12:41:00,2011-07-14 18:08:00,288,148,4
14892,United Kingdom,202.35,1,79,202.35,202.35,79.0,2010-01-18 08:58:00,2010-01-18 08:58:00,0,691,1
14893,United Kingdom,1809.61,3,1047,603.2,603.2,349.0,2010-04-01 09:03:00,2011-11-30 12:31:00,608,10,3
14894,United Kingdom,1492.81,3,603,497.6,497.6,201.0,2009-12-02 10:42:00,2011-09-15 13:51:00,652,85,3
14895,United Kingdom,25119.54,38,10714,661.04,661.04,281.95,2009-12-10 14:22:00,2011-12-02 09:23:00,721,8,38
14896,United Kingdom,1826.0,8,931,228.25,228.25,116.38,2009-12-06 12:42:00,2011-05-19 10:20:00,528,205,8
14897,United Kingdom,3140.54,8,1162,392.57,392.57,145.25,2009-12-15 17:05:00,2011-12-02 10:32:00,716,8,8
14898,United Kingdom,3365.95,14,2207,240.42,240.42,157.64,2009-12-03 16:40:00,2011-11-16 14:54:00,712,23,14
14899,United Kingdom,1331.38,1,570,1331.38,1331.38,570.0,2010-11-09 15:20:00,2010-11-09 15:20:00,0,395,1
14900,United Kingdom,13.92,1,48,13.92,13.92,48.0,2010-07-05 15:09:00,2010-07-05 15:09:00,0,522,1
14901,United Kingdom,1919.0,12,880,159.92,159.92,73.33,2010-07-29 11:11:00,2011-11-28 17:09:00,487,11,12
14902,United Kingdom,1035.62,3,716,345.21,345.21,238.67,2010-06-04 12:35:00,2011-11-14 10:34:00,527,26,3
14903,United Kingdom,2795.33,5,1531,559.07,559.07,306.2,2011-03-06 11:50:00,2011-11-18 16:07:00,257,21,5
14904,United Kingdom,1630.49,4,2522,407.62,407.62,630.5,2010-10-08 12:48:00,2011-12-07 12:55:00,425,2,4
14905,United Kingdom,1971.39,8,1009,246.42,246.42,126.12,2009-12-03 14:36:00,2011-07-05 12:41:00,578,158,8
14906,United Kingdom,68.44,1,1,68.44,68.44,1.0,2010-09-20 16:30:00,2010-09-20 16:30:00,0,445,1
14907,United Kingdom,5547.72,16,2583,346.73,346.73,161.44,2010-04-16 13:40:00,2011-12-06 14:14:00,599,3,16
14908,United Kingdom,381.9,2,182,190.95,190.95,91.0,2010-09-02 16:39:00,2011-09-26 12:56:00,388,74,2
14909,United Kingdom,1404.68,3,888,468.23,468.23,296.0,2010-02-14 15:47:00,2010-09-28 16:56:00,226,437,3
14910,United Kingdom,434.35,4,238,108.59,108.59,59.5,2011-10-16 11:06:00,2011-12-07 10:06:00,51,3,4
14911,EIRE,291420.81,398,147972,732.21,732.21,371.79,2009-12-01 11:41:00,2011-12-08 15:54:00,737,1,398
14912,Italy,1889.25,6,1819,314.88,314.88,303.17,2010-01-26 16:29:00,2011-11-23 09:20:00,665,17,6
14913,United Kingdom,4073.13,8,3955,509.14,509.14,494.38,2010-08-11 08:40:00,2011-11-04 08:29:00,449,36,8
14915,United Kingdom,1811.25,11,707,164.66,164.66,64.27,2009-12-03 10:17:00,2011-09-09 13:34:00,645,91,11
14916,United Kingdom,3042.95,8,2415,380.37,380.37,301.88,2010-04-01 10:57:00,2011-09-30 09:20:00,546,71,8
14917,United Kingdom,1123.75,2,891,561.88,561.88,445.5,2010-04-22 09:44:00,2010-04-22 11:28:00,0,597,2
14918,United Kingdom,5955.81,9,2551,661.76,661.76,283.44,2010-04-08 11:18:00,2011-08-16 11:50:00,495,116,9
14919,United Kingdom,359.35,1,129,359.35,359.35,129.0,2010-06-18 13:06:00,2010-06-18 13:06:00,0,539,1
14920,United Kingdom,1607.17,3,886,535.72,535.72,295.33,2010-05-23 15:25:00,2011-05-11 10:32:00,352,213,3
14921,United Kingdom,1316.07,2,953,658.04,658.04,476.5,2011-05-22 12:51:00,2011-11-09 13:17:00,171,30,2
14922,United Kingdom,843.74,2,376,421.87,421.87,188.0,2010-07-20 09:45:00,2010-11-11 11:14:00,114,394,2
14923,United Kingdom,749.1,1,418,749.1,749.1,418.0,2011-10-20 11:51:00,2011-10-20 11:51:00,0,51,1
14924,United Kingdom,931.01,3,312,310.34,310.34,104.0,2010-03-10 12:51:00,2011-04-08 09:25:00,393,246,3
14926,United Kingdom,359.4,2,204,179.7,179.7,102.0,2010-04-20 09:59:00,2010-11-23 07:13:00,216,382,2
14927,United Kingdom,308.2,1,196,308.2,308.2,196.0,2010-11-08 12:30:00,2010-11-08 12:30:00,0,397,1
14928,United Kingdom,223.91,1,268,223.91,223.91,268.0,2010-03-22 09:14:00,2010-03-22 09:14:00,0,628,1
14929,United Kingdom,836.69,2,487,418.34,418.34,243.5,2010-10-14 12:22:00,2011-11-07 17:21:00,389,32,2
14930,Channel Islands,5236.73,6,2193,872.79,872.79,365.5,2010-04-12 11:22:00,2011-08-23 10:31:00,497,109,6
14931,Channel Islands,1257.68,5,417,251.54,251.54,83.4,2011-04-13 09:32:00,2011-12-05 10:19:00,236,5,5
14932,Channel Islands,666.13,2,257,333.06,333.06,128.5,2010-11-19 09:16:00,2010-12-09 11:48:00,20,366,2
14933,Channel Islands,1770.0,4,600,442.5,442.5,150.0,2010-09-21 17:29:00,2010-09-22 10:47:00,0,444,4
14934,Channel Islands,3503.5,5,2100,700.7,700.7,420.0,2010-09-24 12:08:00,2011-09-19 10:10:00,359,82,5
14935,Channel Islands,2849.83,2,1931,1424.92,1424.92,965.5,2010-03-30 11:48:00,2011-02-15 14:44:00,322,297,2
14936,Channel Islands,12410.81,12,6274,1034.23,1034.23,522.83,2010-05-05 12:26:00,2011-11-06 10:30:00,549,34,12
14937,Channel Islands,1621.88,3,484,540.63,540.63,161.33,2011-08-01 14:16:00,2011-10-14 12:29:00,73,57,3
14938,Channel Islands,2322.43,2,1369,1161.21,1161.21,684.5,2010-05-26 13:35:00,2010-05-26 13:38:00,0,562,2
14940,United Kingdom,531.49,2,384,265.74,265.74,192.0,2009-12-06 15:46:00,2010-10-18 10:47:00,315,418,2
14941,United Kingdom,182.1,1,80,182.1,182.1,80.0,2010-05-10 11:30:00,2010-05-10 11:30:00,0,579,1
14942,United Kingdom,746.56,4,354,186.64,186.64,88.5,2009-12-10 10:32:00,2010-11-03 10:51:00,328,402,4
14943,United Kingdom,107.62,1,46,107.62,107.62,46.0,2010-02-14 16:04:00,2010-02-14 16:04:00,0,663,1
14944,United Kingdom,9784.67,19,4864,514.98,514.98,256.0,2010-02-17 08:47:00,2011-11-10 09:10:00,631,30,19
14945,United Kingdom,179.4,1,156,179.4,179.4,156.0,2010-10-22 11:26:00,2010-10-22 11:26:00,0,414,1
14946,United Kingdom,100.9,1,22,100.9,100.9,22.0,2011-11-25 13:33:00,2011-11-25 13:33:00,0,14,1
14947,United Kingdom,1049.79,6,416,174.96,174.96,69.33,2010-03-25 11:29:00,2011-09-28 15:48:00,552,72,6
14948,United Kingdom,1101.97,6,673,183.66,183.66,112.17,2011-05-04 14:52:00,2011-11-16 17:16:00,196,23,6
14949,United Kingdom,515.0,4,250,128.75,128.75,62.5,2009-12-18 15:28:00,2010-08-27 15:38:00,252,469,4
14950,United Kingdom,371.2,1,136,371.2,371.2,136.0,2011-11-20 13:48:00,2011-11-20 13:48:00,0,19,1
14951,United Kingdom,311.69,1,311,311.69,311.69,311.0,2011-09-21 15:15:00,2011-09-21 15:15:00,0,79,1
14952,United Kingdom,17629.35,32,6977,550.92,550.92,218.03,2009-12-03 15:34:00,2011-10-11 10:33:00,676,60,32
14953,United Kingdom,971.32,4,1014,242.83,242.83,253.5,2010-09-30 12:16:00,2011-11-14 14:59:00,410,25,4
14954,United Kingdom,462.12,2,209,231.06,231.06,104.5,2010-01-05 16:38:00,2011-11-27 14:30:00,690,12,2
14955,United Kingdom,163.77,1,74,163.77,163.77,74.0,2009-12-07 11:35:00,2009-12-07 11:35:00,0,733,1
14956,United Kingdom,1325.0,1,2500,1325.0,1325.0,2500.0,2010-10-14 16:40:00,2010-10-14 16:40:00,0,421,1
14957,United Kingdom,261.69,2,97,130.84,130.84,48.5,2010-03-05 10:50:00,2011-03-31 17:59:00,391,253,2
14958,United Kingdom,941.99,6,248,157.0,157.0,41.33,2009-12-03 16:02:00,2011-07-15 14:20:00,588,147,6
14959,United Kingdom,695.42,4,494,173.86,173.86,123.5,2011-02-16 13:00:00,2011-10-06 18:23:00,232,64,4
14960,United Kingdom,221.27,2,221,110.64,110.64,110.5,2011-06-21 13:38:00,2011-12-01 12:54:00,162,8,2
14961,United Kingdom,16410.15,22,8372,745.92,745.92,380.55,2009-12-04 11:32:00,2011-11-29 09:42:00,724,11,22
14962,United Kingdom,366.91,4,123,91.73,91.73,30.75,2010-05-04 14:57:00,2011-03-14 09:42:00,313,271,4
14963,United Kingdom,3123.57,12,2287,260.3,260.3,190.58,2010-07-02 12:43:00,2011-11-30 12:16:00,515,10,12
14964,United Kingdom,206.21,1,143,206.21,206.21,143.0,2011-04-06 14:13:00,2011-04-06 14:13:00,0,247,1
14965,United Kingdom,596.09,2,363,298.04,298.04,181.5,2011-09-04 13:15:00,2011-09-04 13:20:00,0,96,2
14966,United Kingdom,1064.26,6,1060,177.38,177.38,176.67,2009-12-15 13:48:00,2011-11-25 12:20:00,709,15,6
14967,United Kingdom,1982.61,6,652,330.44,330.44,108.67,2009-12-03 14:07:00,2011-10-21 11:06:00,686,50,6
14968,United Kingdom,501.24,2,257,250.62,250.62,128.5,2010-09-07 13:28:00,2011-11-09 13:58:00,428,30,2
14969,United Kingdom,906.23,1,665,906.23,906.23,665.0,2010-01-05 12:43:00,2010-01-05 12:43:00,0,704,1
14970,United Kingdom,4919.35,12,982,409.95,409.95,81.83,2010-02-14 13:37:00,2011-10-02 13:44:00,595,68,12
14971,United Kingdom,1097.98,3,639,365.99,365.99,213.0,2011-10-27 13:33:00,2011-11-04 17:07:00,8,35,3
14972,United Kingdom,145.07,2,40,72.54,72.54,20.0,2010-11-23 16:17:00,2011-08-03 14:54:00,252,128,2
14973,United Kingdom,1314.45,3,369,438.15,438.15,123.0,2011-04-28 12:22:00,2011-08-24 15:51:00,118,107,3
14974,United Kingdom,89.94,1,37,89.94,89.94,37.0,2011-11-02 13:01:00,2011-11-02 13:01:00,0,37,1
14975,United Kingdom,472.39,2,507,236.2,236.2,253.5,2010-10-14 14:11:00,2011-10-13 14:08:00,363,57,2
14976,United Kingdom,790.86,7,234,112.98,112.98,33.43,2011-01-17 11:09:00,2011-10-13 16:37:00,269,57,7
14977,United Kingdom,31.93,1,17,31.93,31.93,17.0,2009-12-14 10:37:00,2009-12-14 10:37:00,0,726,1
14978,United Kingdom,3112.19,10,736,311.22,311.22,73.6,2010-04-28 10:50:00,2011-09-28 13:07:00,518,72,10
14979,United Kingdom,429.66,1,209,429.66,429.66,209.0,2009-12-04 12:54:00,2009-12-04 12:54:00,0,735,1
14980,United Kingdom,150.68,1,79,150.68,150.68,79.0,2009-12-02 14:09:00,2009-12-02 14:09:00,0,737,1
14981,United Kingdom,372.92,2,241,186.46,186.46,120.5,2010-10-12 11:04:00,2011-04-07 13:45:00,177,246,2
14982,United Kingdom,237.78,1,125,237.78,237.78,125.0,2010-05-16 15:52:00,2010-05-16 15:52:00,0,572,1
14983,United Kingdom,183.2,1,90,183.2,183.2,90.0,2010-01-19 17:32:00,2010-01-19 17:32:00,0,689,1
14984,United Kingdom,1260.51,6,348,210.08,210.08,58.0,2010-01-11 13:22:00,2011-11-20 14:28:00,678,19,6
14985,United Kingdom,292.01,2,256,146.0,146.0,128.0,2010-12-16 19:51:00,2011-05-25 14:29:00,159,198,2
14986,United Kingdom,563.1,2,338,281.55,281.55,169.0,2010-01-24 15:54:00,2010-11-28 15:25:00,307,376,2
14987,United Kingdom,1550.65,8,607,193.83,193.83,75.88,2009-12-02 14:56:00,2011-11-24 09:59:00,721,16,8
14988,United Kingdom,2038.65,7,1260,291.24,291.24,180.0,2010-04-16 13:34:00,2011-05-12 12:05:00,390,212,7
14989,United Kingdom,342.4,1,200,342.4,342.4,200.0,2010-02-16 10:40:00,2010-02-16 10:40:00,0,662,1
14990,United Kingdom,304.17,2,129,152.08,152.08,64.5,2009-12-09 13:31:00,2010-04-06 13:54:00,118,612,2
14991,United Kingdom,314.67,1,191,314.67,314.67,191.0,2010-10-05 13:01:00,2010-10-05 13:01:00,0,430,1
14992,United Kingdom,210.5,1,145,210.5,210.5,145.0,2010-09-23 17:48:00,2010-09-23 17:48:00,0,442,1
14993,United Kingdom,36.13,1,21,36.13,36.13,21.0,2010-05-25 12:47:00,2010-05-25 12:47:00,0,564,1
14994,United Kingdom,946.72,5,568,189.34,189.34,113.6,2010-03-26 14:16:00,2010-11-22 12:59:00,240,382,5
14995,United Kingdom,231.98,2,102,115.99,115.99,51.0,2011-03-04 13:14:00,2011-11-01 11:39:00,241,39,2
14996,United Kingdom,442.29,2,404,221.14,221.14,202.0,2010-08-15 13:41:00,2010-08-15 13:44:00,0,481,2
14997,United Kingdom,776.6,4,1408,194.15,194.15,352.0,2010-02-22 12:11:00,2011-10-24 13:28:00,609,46,4
14998,United Kingdom,753.18,4,352,188.3,188.3,88.0,2010-04-13 16:07:00,2011-06-22 17:30:00,435,170,4
14999,United Kingdom,129.48,1,88,129.48,129.48,88.0,2010-04-26 10:47:00,2010-04-26 10:47:00,0,593,1
15000,United Kingdom,490.52,1,218,490.52,490.52,218.0,2011-10-23 11:42:00,2011-10-23 11:42:00,0,48,1
15001,United Kingdom,199.11,2,70,99.56,99.56,35.0,2010-11-10 13:31:00,2010-11-10 13:51:00,0,394,2
15002,United Kingdom,4138.08,9,2214,459.79,459.79,246.0,2010-01-12 11:40:00,2011-08-16 10:44:00,580,116,9
15003,United Kingdom,1027.03,6,525,171.17,171.17,87.5,2010-01-26 13:04:00,2010-08-23 15:44:00,209,473,6
15004,United Kingdom,1220.77,1,623,1220.77,1220.77,623.0,2011-07-15 14:05:00,2011-07-15 14:05:00,0,147,1
15005,United Kingdom,13754.58,56,8666,245.62,245.62,154.75,2009-12-01 14:19:00,2011-11-24 12:25:00,722,16,56
15006,United Kingdom,757.78,2,387,378.89,378.89,193.5,2010-09-12 13:03:00,2011-10-19 15:08:00,402,51,2
15007,United Kingdom,156.91,1,69,156.91,156.91,69.0,2011-07-03 16:00:00,2011-07-03 16:00:00,0,159,1
15008,United Kingdom,360.0,2,1500,180.0,180.0,750.0,2010-03-12 11:13:00,2010-08-16 13:09:00,157,480,2
15009,United Kingdom,1259.43,3,639,419.81,419.81,213.0,2011-11-14 17:40:00,2011-11-27 13:35:00,12,12,3
15010,United Kingdom,308.94,1,184,308.94,308.94,184.0,2011-11-04 12:42:00,2011-11-04 12:42:00,0,36,1
15011,United Kingdom,416.6,2,289,208.3,208.3,144.5,2010-10-19 12:05:00,2010-11-09 11:10:00,20,396,2
15012,United Kingdom,646.26,3,383,215.42,215.42,127.67,2010-05-12 11:49:00,2011-10-17 12:22:00,523,54,3
15013,United Kingdom,1610.82,10,1715,161.08,161.08,171.5,2010-01-31 12:15:00,2010-08-09 12:05:00,189,488,10
15014,United Kingdom,257.67,2,149,128.84,128.84,74.5,2011-06-16 19:40:00,2011-10-27 20:07:00,133,43,2
15015,United Kingdom,2354.97,13,1584,181.15,181.15,121.85,2009-12-14 14:46:00,2010-07-26 13:50:00,223,501,13
15016,United Kingdom,620.89,5,243,124.18,124.18,48.6,2010-06-14 13:06:00,2011-06-20 12:06:00,370,173,5
15017,United Kingdom,125.58,1,63,125.58,125.58,63.0,2011-11-06 10:33:00,2011-11-06 10:33:00,0,34,1
15018,United Kingdom,496.21,3,189,165.4,165.4,63.0,2010-12-07 10:47:00,2011-11-01 12:47:00,329,39,3
15019,United Kingdom,252.81,1,150,252.81,252.81,150.0,2011-03-18 12:35:00,2011-03-18 12:35:00,0,267,1
15020,United Kingdom,198.47,1,111,198.47,198.47,111.0,2010-11-25 13:29:00,2010-11-25 13:29:00,0,379,1
15021,United Kingdom,2500.59,12,1079,208.38,208.38,89.92,2010-07-29 16:35:00,2011-12-01 11:53:00,489,9,12
15022,United Kingdom,1133.44,5,640,226.69,226.69,128.0,2010-01-31 16:02:00,2011-11-28 12:35:00,665,12,5
15023,United Kingdom,11578.65,20,4758,578.93,578.93,237.9,2010-02-03 15:45:00,2011-12-06 17:23:00,671,3,20
15024,United Kingdom,3559.39,16,1924,222.46,222.46,120.25,2010-10-11 16:14:00,2011-11-30 12:06:00,414,10,16
15025,United Kingdom,979.79,2,503,489.9,489.9,251.5,2010-05-20 13:28:00,2011-11-06 15:20:00,535,33,2
15026,United Kingdom,1048.89,5,655,209.78,209.78,131.0,2010-09-17 13:52:00,2011-09-20 13:52:00,368,80,5
15027,United Kingdom,3195.6,10,2782,319.56,319.56,278.2,2010-03-25 14:39:00,2011-11-09 10:16:00,593,31,10
15028,United Kingdom,962.94,6,673,160.49,160.49,112.17,2010-11-10 14:32:00,2011-12-01 14:06:00,385,8,6
15029,United Kingdom,365.1,1,234,365.1,365.1,234.0,2010-03-30 12:16:00,2010-03-30 12:16:00,0,620,1
15030,United Kingdom,1979.91,8,1225,247.49,247.49,153.12,2010-03-04 17:10:00,2011-09-29 10:50:00,573,72,8
15031,United Kingdom,3102.94,14,1576,221.64,221.64,112.57,2009-12-08 13:38:00,2011-12-05 14:19:00,727,4,14
15032,United Kingdom,11010.05,8,6601,1376.26,1376.26,825.12,2009-12-10 15:27:00,2011-03-28 15:03:00,472,256,8
15033,United Kingdom,2557.18,10,1672,255.72,255.72,167.2,2011-01-14 13:28:00,2011-12-05 12:40:00,324,5,10
15034,United Kingdom,8231.2,14,4748,587.94,587.94,339.14,2010-05-11 13:30:00,2011-11-24 12:11:00,561,16,14
15035,United Kingdom,252.73,1,245,252.73,252.73,245.0,2011-09-11 11:08:00,2011-09-11 11:08:00,0,90,1
15036,United Kingdom,429.56,3,316,143.19,143.19,105.33,2011-06-13 12:19:00,2011-09-28 15:42:00,107,72,3
15037,United Kingdom,397.76,2,298,198.88,198.88,149.0,2010-11-28 12:14:00,2010-11-28 13:05:00,0,376,2
15038,United Kingdom,1146.53,9,381,127.39,127.39,42.33,2010-10-10 14:35:00,2011-10-12 11:33:00,366,59,9
15039,United Kingdom,39141.48,93,17780,420.88,420.88,191.18,2009-12-10 11:39:00,2011-11-30 11:31:00,719,10,93
15040,United Kingdom,7.49,1,1,7.49,7.49,1.0,2010-06-16 11:40:00,2010-06-16 11:40:00,0,542,1
15041,United Kingdom,289.4,2,194,144.7,144.7,97.0,2010-09-21 13:16:00,2011-06-22 16:16:00,274,170,2
15042,United Kingdom,315.45,2,238,157.72,157.72,119.0,2010-04-23 14:01:00,2011-05-24 16:25:00,396,199,2
15043,United Kingdom,2870.32,6,1019,478.39,478.39,169.83,2010-06-24 15:50:00,2011-11-08 14:26:00,501,31,6
15044,United Kingdom,16024.15,35,5241,457.83,457.83,149.74,2009-12-16 15:13:00,2011-11-20 13:20:00,703,19,35
15045,United Kingdom,735.66,2,114,367.83,367.83,57.0,2011-03-27 11:44:00,2011-07-11 11:33:00,105,152,2
15046,United Kingdom,7623.79,25,4585,304.95,304.95,183.4,2010-01-14 14:29:00,2011-11-30 15:50:00,685,9,25
15047,United Kingdom,343.62,1,222,343.62,343.62,222.0,2011-03-15 10:49:00,2011-03-15 10:49:00,0,270,1
15048,United Kingdom,381.0,4,192,95.25,95.25,48.0,2010-12-06 12:15:00,2011-10-05 14:55:00,303,65,4
15049,United Kingdom,121.17,1,63,121.17,121.17,63.0,2011-03-11 12:13:00,2011-03-11 12:13:00,0,274,1
15050,United Kingdom,4087.19,5,2600,817.44,817.44,520.0,2010-08-16 12:00:00,2011-11-14 16:17:00,455,25,5
15051,United Kingdom,3926.91,9,3052,436.32,436.32,339.11,2009-12-01 13:29:00,2011-11-16 15:38:00,715,23,9
15052,United Kingdom,207.73,1,79,207.73,207.73,79.0,2011-01-24 15:52:00,2011-01-24 15:52:00,0,319,1
15053,United Kingdom,693.95,3,984,231.32,231.32,328.0,2011-03-03 12:06:00,2011-12-05 12:08:00,277,5,3
15054,United Kingdom,302.1,2,198,151.05,151.05,99.0,2011-10-30 14:33:00,2011-11-27 15:02:00,28,12,2
15055,United Kingdom,549.12,3,225,183.04,183.04,75.0,2009-12-16 15:48:00,2010-08-22 11:06:00,248,475,3
15056,United Kingdom,113.65,1,69,113.65,113.65,69.0,2010-07-07 15:58:00,2010-07-07 15:58:00,0,520,1
15057,United Kingdom,3255.96,5,1394,651.19,651.19,278.8,2009-12-05 15:27:00,2011-03-09 15:17:00,458,275,5
15058,United Kingdom,3387.58,16,1645,211.72,211.72,102.81,2010-02-24 14:07:00,2011-11-14 14:57:00,628,25,16
15059,United Kingdom,3491.2,19,1599,183.75,183.75,84.16,2009-12-06 12:17:00,2011-10-30 11:35:00,692,41,19
15060,United Kingdom,294.25,4,257,73.56,73.56,64.25,2011-11-30 14:03:00,2011-12-01 13:47:00,0,8,4
15061,United Kingdom,126389.02,127,74280,995.19,995.19,584.88,2009-12-01 12:18:00,2011-12-06 12:06:00,734,4,127
15062,United Kingdom,2585.62,8,1872,323.2,323.2,234.0,2010-04-08 15:41:00,2011-09-29 16:51:00,539,71,8
15063,United Kingdom,370.8,1,56,370.8,370.8,56.0,2011-05-10 13:25:00,2011-05-10 13:25:00,0,213,1
15064,United Kingdom,1254.41,4,810,313.6,313.6,202.5,2009-12-22 16:17:00,2010-10-25 14:32:00,306,410,4
15065,United Kingdom,3326.86,5,1446,665.37,665.37,289.2,2010-10-25 09:13:00,2011-11-02 09:45:00,373,38,5
15066,United Kingdom,893.59,1,317,893.59,893.59,317.0,2011-10-17 13:25:00,2011-10-17 13:25:00,0,53,1
15067,United Kingdom,3862.88,5,2151,772.58,772.58,430.2,2010-04-11 15:54:00,2011-09-22 13:20:00,528,78,5
15068,United Kingdom,1174.9,4,832,293.73,293.73,208.0,2010-03-28 13:18:00,2011-10-24 14:47:00,575,46,4
15069,United Kingdom,1109.53,1,520,1109.53,1109.53,520.0,2011-06-13 14:16:00,2011-06-13 14:16:00,0,179,1
15070,United Kingdom,737.05,3,339,245.68,245.68,113.0,2009-12-15 13:49:00,2010-12-02 11:23:00,351,373,3
15071,United Kingdom,1455.56,4,416,363.89,363.89,104.0,2010-05-18 12:45:00,2011-09-07 11:43:00,476,94,4
15072,United Kingdom,187.52,1,164,187.52,187.52,164.0,2010-08-17 15:46:00,2010-08-17 15:46:00,0,479,1
15073,United Kingdom,2788.02,8,1410,348.5,348.5,176.25,2010-01-27 08:48:00,2011-11-30 10:44:00,672,10,8
15074,United Kingdom,1553.13,3,1039,517.71,517.71,346.33,2010-08-29 11:47:00,2011-08-26 14:45:00,362,105,3
15075,United Kingdom,773.03,1,447,773.03,773.03,447.0,2011-09-23 12:27:00,2011-09-23 12:27:00,0,78,1
15076,United Kingdom,1447.74,3,866,482.58,482.58,288.67,2010-07-05 14:11:00,2011-06-20 08:23:00,349,173,3
15077,United Kingdom,2428.08,2,528,1214.04,1214.04,264.0,2009-12-09 17:10:00,2010-08-02 11:13:00,235,495,2
15078,United Kingdom,17286.73,53,8777,326.16,326.16,165.6,2009-12-04 12:03:00,2011-12-02 15:41:00,728,7,53
15079,United Kingdom,3625.4,11,1459,329.58,329.58,132.64,2009-12-08 11:22:00,2011-05-11 12:45:00,519,213,11
15080,United Kingdom,546.25,2,287,273.12,273.12,143.5,2010-07-26 10:03:00,2010-10-08 11:52:00,74,428,2
15081,United Kingdom,1854.57,12,749,154.55,154.55,62.42,2010-06-22 10:25:00,2011-11-17 17:08:00,513,22,12
15082,United Kingdom,93.35,1,43,93.35,93.35,43.0,2010-02-09 10:23:00,2010-02-09 10:23:00,0,669,1
15083,United Kingdom,88.2,1,38,88.2,88.2,38.0,2011-03-28 12:18:00,2011-03-28 12:18:00,0,257,1
15084,United Kingdom,965.2,2,600,482.6,482.6,300.0,2010-03-04 10:45:00,2010-11-25 11:58:00,266,380,2
15085,United Kingdom,347.54,1,169,347.54,347.54,169.0,2009-12-10 11:47:00,2009-12-10 11:47:00,0,730,1
15086,United Kingdom,218.53,2,95,109.26,109.26,47.5,2010-03-24 13:56:00,2010-05-24 12:27:00,60,565,2
15087,United Kingdom,306.94,1,470,306.94,306.94,470.0,2011-03-03 10:34:00,2011-03-03 10:34:00,0,282,1
15088,United Kingdom,1160.07,2,460,580.04,580.04,230.0,2011-10-03 14:05:00,2011-11-18 13:14:00,45,21,2
15089,United Kingdom,2420.84,6,1359,403.47,403.47,226.5,2011-08-03 14:14:00,2011-11-29 16:31:00,118,10,6
15090,United Kingdom,381.32,1,208,381.32,381.32,208.0,2011-02-04 14:03:00,2011-02-04 14:03:00,0,308,1
15091,United Kingdom,1046.61,3,582,348.87,348.87,194.0,2010-02-03 11:46:00,2011-10-03 12:47:00,607,68,3
15092,United Kingdom,776.46,3,230,258.82,258.82,76.67,2010-09-03 12:33:00,2011-05-08 14:10:00,247,215,3
15093,United Kingdom,13702.38,23,10778,595.76,595.76,468.61,2009-12-08 12:46:00,2011-11-21 13:09:00,713,18,23
15094,United Kingdom,83.0,2,28,41.5,41.5,14.0,2010-03-05 12:56:00,2010-09-02 16:55:00,181,463,2
15095,United Kingdom,3141.64,10,2233,314.16,314.16,223.3,2010-01-21 09:37:00,2011-08-28 12:01:00,584,104,10
15096,United Kingdom,219.39,1,120,219.39,219.39,120.0,2011-10-28 10:27:00,2011-10-28 10:27:00,0,43,1
15097,United Kingdom,908.35,3,424,302.78,302.78,141.33,2010-05-05 14:22:00,2011-12-05 14:03:00,578,4,3
15098,United Kingdom,39916.5,3,121,13305.5,13305.5,40.33,2011-06-10 15:22:00,2011-06-10 15:33:00,0,182,3
15099,United Kingdom,410.48,1,343,410.48,410.48,343.0,2011-09-16 13:13:00,2011-09-16 13:13:00,0,84,1
15100,United Kingdom,2193.9,7,270,313.41,313.41,38.57,2010-01-07 14:33:00,2011-01-10 10:35:00,367,334,7
15101,United Kingdom,1477.94,6,676,246.32,246.32,112.67,2010-04-28 15:00:00,2011-12-01 10:18:00,581,9,6
15102,United Kingdom,554.67,2,339,277.33,277.33,169.5,2010-06-11 10:16:00,2010-06-27 12:16:00,16,531,2
15103,United Kingdom,703.36,2,329,351.68,351.68,164.5,2011-09-14 13:54:00,2011-11-08 14:53:00,55,31,2
15104,United Kingdom,993.54,2,635,496.77,496.77,317.5,2011-03-02 14:16:00,2011-05-27 12:29:00,85,197,2
15105,United Kingdom,3094.91,9,1747,343.88,343.88,194.11,2010-03-23 12:18:00,2011-11-21 16:54:00,608,18,9
15106,United Kingdom,1422.52,5,1181,284.5,284.5,236.2,2011-03-15 12:52:00,2011-11-22 09:16:00,251,18,5
15107,United Kingdom,824.35,9,330,91.59,91.59,36.67,2010-09-14 10:47:00,2011-02-01 14:46:00,140,311,9
15108,European Community,1300.25,4,499,325.06,325.06,124.75,2011-04-26 10:54:00,2011-07-21 10:24:00,85,142,4
15109,United Kingdom,983.1,3,258,327.7,327.7,86.0,2009-12-04 12:33:00,2011-04-08 09:58:00,489,246,3
15110,United Kingdom,1505.85,6,337,250.98,250.98,56.17,2010-08-11 15:49:00,2011-11-16 11:16:00,461,24,6
15111,United Kingdom,2442.37,5,1058,488.47,488.47,211.6,2010-04-26 13:12:00,2011-11-10 16:58:00,563,29,5
15112,United Kingdom,209.4,1,72,209.4,209.4,72.0,2010-04-07 14:17:00,2010-04-07 14:17:00,0,611,1
15113,United Kingdom,3509.43,3,2344,1169.81,1169.81,781.33,2011-10-16 15:27:00,2011-11-30 08:23:00,44,10,3
15114,United Kingdom,3400.12,12,3532,283.34,283.34,294.33,2010-10-14 16:44:00,2011-11-09 15:05:00,390,30,12
15115,United Kingdom,531.85,2,245,265.92,265.92,122.5,2009-12-07 11:20:00,2011-11-21 14:59:00,714,18,2
15116,United Kingdom,1352.75,4,648,338.19,338.19,162.0,2011-05-19 08:50:00,2011-11-22 12:25:00,187,18,4
15117,United Kingdom,2485.97,8,3093,310.75,310.75,386.62,2010-03-15 13:39:00,2011-11-25 08:12:00,619,15,8
15118,United Kingdom,244.8,1,1440,244.8,244.8,1440.0,2011-07-28 14:54:00,2011-07-28 14:54:00,0,134,1
15119,United Kingdom,266.4,1,88,266.4,266.4,88.0,2011-04-08 09:08:00,2011-04-08 09:08:00,0,246,1
15120,United Kingdom,358.82,1,296,358.82,358.82,296.0,2011-07-29 09:48:00,2011-07-29 09:48:00,0,134,1
15121,United Kingdom,457.72,2,199,228.86,228.86,99.5,2011-02-24 12:41:00,2011-10-20 14:51:00,238,50,2
15122,United Kingdom,4487.27,11,2033,407.93,407.93,184.82,2010-03-30 14:05:00,2011-08-17 16:48:00,505,114,11
15123,United Kingdom,4656.17,5,2524,931.23,931.23,504.8,2010-03-16 09:49:00,2011-12-02 13:12:00,626,7,5
15124,United Kingdom,450.82,4,462,112.7,112.7,115.5,2010-02-26 10:49:00,2011-11-17 10:09:00,628,23,4
15125,United Kingdom,17024.87,24,8433,709.37,709.37,351.38,2010-03-31 13:29:00,2011-11-14 13:57:00,593,25,24
15126,United Kingdom,449.49,2,273,224.74,224.74,136.5,2010-01-21 17:09:00,2010-06-21 12:31:00,150,537,2
15127,United Kingdom,711.5,2,464,355.75,355.75,232.0,2010-07-08 10:07:00,2011-10-05 10:30:00,454,66,2
15128,United Kingdom,1783.68,5,1583,356.74,356.74,316.6,2010-10-05 16:46:00,2011-10-10 13:54:00,369,60,5
15129,United Kingdom,6860.18,23,4002,298.27,298.27,174.0,2010-04-08 17:15:00,2011-10-20 14:40:00,559,50,23
15130,United Kingdom,330.11,1,197,330.11,330.11,197.0,2011-06-23 10:15:00,2011-06-23 10:15:00,0,170,1
15131,United Kingdom,80.28,1,88,80.28,80.28,88.0,2010-11-10 12:07:00,2010-11-10 12:07:00,0,395,1
15132,United Kingdom,977.93,5,679,195.59,195.59,135.8,2011-03-22 12:02:00,2011-11-21 17:10:00,244,18,5
15133,United Kingdom,1806.9,5,960,361.38,361.38,192.0,2010-07-07 12:31:00,2011-08-04 10:44:00,392,128,5
15134,United Kingdom,1596.29,10,1057,159.63,159.63,105.7,2010-10-13 12:44:00,2011-11-25 08:55:00,407,15,10
15135,United Kingdom,305.68,2,84,152.84,152.84,42.0,2010-06-01 13:33:00,2011-04-14 19:16:00,317,239,2
15136,United Kingdom,1286.7,4,776,321.68,321.68,194.0,2011-09-04 16:05:00,2011-12-07 12:26:00,93,3,4
15137,United Kingdom,823.4,2,596,411.7,411.7,298.0,2010-01-28 15:45:00,2010-07-07 09:41:00,159,521,2
15138,United Kingdom,502.52,1,300,502.52,502.52,300.0,2010-11-11 09:16:00,2010-11-11 09:16:00,0,394,1
15139,United Kingdom,178.96,2,208,89.48,89.48,104.0,2011-01-07 12:44:00,2011-04-14 11:39:00,96,240,2
15140,United Kingdom,3243.69,8,2010,405.46,405.46,251.25,2010-09-23 13:07:00,2011-10-18 14:07:00,390,52,8
15141,United Kingdom,1388.47,7,1197,198.35,198.35,171.0,2010-03-28 15:58:00,2010-09-08 11:33:00,163,458,7
15142,United Kingdom,2619.92,6,2155,436.65,436.65,359.17,2010-07-27 09:05:00,2011-10-24 12:51:00,454,46,6
15143,United Kingdom,563.63,2,320,281.82,281.82,160.0,2010-10-03 13:58:00,2011-04-28 12:03:00,206,226,2
15144,United Kingdom,12160.31,29,5251,419.32,419.32,181.07,2009-12-13 11:35:00,2011-12-01 15:12:00,718,8,29
15145,United Kingdom,1194.73,4,756,298.68,298.68,189.0,2011-04-05 15:20:00,2011-12-05 17:21:00,244,4,4
15146,United Kingdom,1327.16,2,1473,663.58,663.58,736.5,2011-02-21 13:07:00,2011-06-28 12:09:00,126,165,2
15147,United Kingdom,623.5,1,366,623.5,623.5,366.0,2011-04-13 15:57:00,2011-04-13 15:57:00,0,240,1
15148,United Kingdom,301.29,1,187,301.29,301.29,187.0,2011-11-29 08:21:00,2011-11-29 08:21:00,0,11,1
15149,United Kingdom,1554.61,5,380,310.92,310.92,76.0,2010-02-28 11:13:00,2011-07-29 10:58:00,515,134,5
15150,United Kingdom,8977.94,13,6167,690.61,690.61,474.38,2010-06-14 12:01:00,2011-11-22 12:52:00,526,17,13
15151,United Kingdom,2085.61,2,795,1042.8,1042.8,397.5,2010-07-18 12:19:00,2010-10-12 16:37:00,86,423,2
15152,United Kingdom,5263.83,14,2994,375.99,375.99,213.86,2010-01-07 15:15:00,2011-11-30 12:32:00,691,10,14
15153,United Kingdom,329.25,1,198,329.25,329.25,198.0,2011-11-08 17:09:00,2011-11-08 17:09:00,0,31,1
15154,United Kingdom,1343.72,3,333,447.91,447.91,111.0,2010-08-18 17:41:00,2011-09-25 16:05:00,402,75,3
15155,United Kingdom,383.97,1,192,383.97,383.97,192.0,2010-11-21 12:59:00,2010-11-21 12:59:00,0,383,1
15156,United Kingdom,961.49,3,597,320.5,320.5,199.0,2011-11-06 12:41:00,2011-12-08 18:22:00,32,1,3
15157,United Kingdom,2654.11,5,3466,530.82,530.82,693.2,2009-12-10 14:44:00,2011-12-06 11:28:00,725,4,5
15158,United Kingdom,606.02,2,219,303.01,303.01,109.5,2010-11-03 13:46:00,2011-10-25 13:53:00,356,45,2
15159,United Kingdom,22116.73,34,13512,650.49,650.49,397.41,2010-10-04 09:31:00,2011-12-08 12:05:00,430,2,34
15160,United Kingdom,589.27,4,307,147.32,147.32,76.75,2010-10-14 15:26:00,2010-12-17 14:15:00,63,357,4
15161,United Kingdom,119.92,1,144,119.92,119.92,144.0,2010-11-16 16:08:00,2010-11-16 16:08:00,0,388,1
15162,United Kingdom,312.9,1,74,312.9,312.9,74.0,2009-12-08 13:14:00,2009-12-08 13:14:00,0,731,1
15163,United Kingdom,304.47,2,186,152.24,152.24,93.0,2011-05-31 15:22:00,2011-11-21 13:10:00,173,18,2
15164,United Kingdom,2028.11,9,912,225.35,225.35,101.33,2010-01-18 13:34:00,2011-10-02 12:05:00,621,69,9
15165,United Kingdom,487.75,1,160,487.75,487.75,160.0,2010-12-01 14:03:00,2010-12-01 14:03:00,0,373,1
15166,United Kingdom,167.16,1,140,167.16,167.16,140.0,2010-08-29 12:31:00,2010-08-29 12:31:00,0,468,1
15167,United Kingdom,1627.62,5,863,325.52,325.52,172.6,2010-02-04 14:13:00,2011-01-23 12:41:00,352,321,5
15168,United Kingdom,106.56,1,52,106.56,106.56,52.0,2011-11-14 11:26:00,2011-11-14 11:26:00,0,26,1
15169,United Kingdom,569.22,2,356,284.61,284.61,178.0,2009-12-13 11:16:00,2010-11-22 13:04:00,344,382,2
15170,United Kingdom,81.15,1,33,81.15,81.15,33.0,2010-10-29 10:34:00,2010-10-29 10:34:00,0,407,1
15171,United Kingdom,1289.5,1,290,1289.5,1289.5,290.0,2011-01-12 15:36:00,2011-01-12 15:36:00,0,331,1
15172,United Kingdom,1624.05,5,1611,324.81,324.81,322.2,2011-04-17 11:56:00,2011-12-01 11:51:00,227,9,5
15173,United Kingdom,1494.6,7,840,213.51,213.51,120.0,2010-04-01 12:26:00,2010-11-24 10:21:00,236,381,7
15174,United Kingdom,481.46,2,382,240.73,240.73,191.0,2010-10-25 09:40:00,2011-01-21 09:06:00,87,323,2
15175,United Kingdom,224.14,1,454,224.14,224.14,454.0,2011-09-29 11:31:00,2011-09-29 11:31:00,0,72,1
15176,United Kingdom,988.04,1,448,988.04,988.04,448.0,2010-02-10 10:36:00,2010-02-10 10:36:00,0,668,1
15177,United Kingdom,948.93,1,485,948.93,948.93,485.0,2010-10-10 12:48:00,2010-10-10 12:48:00,0,426,1
15178,United Kingdom,40.5,1,30,40.5,40.5,30.0,2011-03-24 15:12:00,2011-03-24 15:12:00,0,260,1
15179,United Kingdom,7491.92,13,5416,576.3,576.3,416.62,2009-12-03 12:27:00,2011-11-21 12:53:00,718,18,13
15180,United Kingdom,816.93,3,654,272.31,272.31,218.0,2010-04-29 15:27:00,2010-12-07 14:57:00,221,367,3
15181,United Kingdom,1200.2,5,688,240.04,240.04,137.6,2009-12-08 19:02:00,2011-10-04 13:58:00,664,66,5
15182,United Kingdom,2998.95,11,1186,272.63,272.63,107.82,2010-02-21 12:03:00,2011-07-08 13:37:00,502,154,11
15183,United Kingdom,639.93,3,297,213.31,213.31,99.0,2010-05-04 11:31:00,2010-06-10 10:43:00,36,548,3
15184,United Kingdom,685.39,4,462,171.35,171.35,115.5,2009-12-16 12:06:00,2011-11-10 13:41:00,694,29,4
15185,United Kingdom,310.62,1,666,310.62,310.62,666.0,2011-09-30 14:06:00,2011-09-30 14:06:00,0,70,1
15186,United Kingdom,1403.2,5,716,280.64,280.64,143.2,2010-01-12 10:14:00,2011-11-25 14:58:00,682,14,5
15187,United Kingdom,4777.18,16,1887,298.57,298.57,117.94,2011-05-11 13:49:00,2011-12-08 11:56:00,210,2,16
15188,United Kingdom,310.43,1,233,310.43,310.43,233.0,2009-12-14 13:30:00,2009-12-14 13:30:00,0,725,1
15189,United Kingdom,17524.38,46,6902,380.96,380.96,150.04,2010-07-18 13:37:00,2011-12-08 13:22:00,507,1,46
15190,United Kingdom,834.44,1,790,834.44,834.44,790.0,2010-10-01 13:09:00,2010-10-01 13:09:00,0,434,1
15191,United Kingdom,588.05,3,287,196.02,196.02,95.67,2010-01-20 12:35:00,2010-09-02 15:37:00,225,463,3
15192,United Kingdom,1666.39,5,1448,333.28,333.28,289.6,2010-01-29 10:13:00,2011-08-12 11:41:00,560,120,5
15193,United Kingdom,499.32,1,144,499.32,499.32,144.0,2011-10-10 08:23:00,2011-10-10 08:23:00,0,61,1
15194,United Kingdom,12021.53,28,8922,429.34,429.34,318.64,2009-12-03 10:37:00,2011-12-06 15:10:00,733,3,28
15195,United Kingdom,3861.0,1,1404,3861.0,3861.0,1404.0,2011-12-07 12:20:00,2011-12-07 12:20:00,0,3,1
15196,United Kingdom,313.7,2,130,156.85,156.85,65.0,2009-12-13 11:14:00,2010-10-03 10:50:00,293,433,2
15197,United Kingdom,1877.51,6,1058,312.92,312.92,176.33,2009-12-11 12:56:00,2011-11-29 10:00:00,717,11,6
15198,United Kingdom,571.35,5,327,114.27,114.27,65.4,2010-01-19 10:01:00,2011-09-08 14:42:00,597,92,5
15199,United Kingdom,3122.4,10,894,312.24,312.24,89.4,2010-05-13 10:14:00,2011-10-11 15:12:00,516,59,10
15200,United Kingdom,549.05,1,195,549.05,549.05,195.0,2010-08-02 09:38:00,2010-08-02 09:38:00,0,495,1
15201,United Kingdom,1842.95,7,1660,263.28,263.28,237.14,2010-04-07 14:50:00,2011-09-13 14:53:00,524,87,7
15202,United Kingdom,6001.49,3,3,2000.5,2000.5,1.0,2010-10-15 12:39:00,2010-10-15 13:05:00,0,420,3
15203,United Kingdom,4400.18,15,4182,293.35,293.35,278.8,2009-12-08 18:06:00,2011-11-14 08:16:00,705,26,15
15204,United Kingdom,316.58,1,258,316.58,316.58,258.0,2010-12-17 13:49:00,2010-12-17 13:49:00,0,357,1
15205,United Kingdom,653.24,2,378,326.62,326.62,189.0,2011-08-04 16:07:00,2011-09-15 19:36:00,42,85,2
15206,United Kingdom,420.3,4,162,105.08,105.08,40.5,2011-03-09 08:59:00,2011-11-29 13:41:00,265,10,4
15207,United Kingdom,683.92,3,428,227.97,227.97,142.67,2010-06-10 17:29:00,2010-10-19 13:29:00,130,416,3
15208,United Kingdom,970.52,6,356,161.75,161.75,59.33,2010-10-12 12:17:00,2011-12-08 17:24:00,422,1,6
15209,United Kingdom,178.98,1,94,178.98,178.98,94.0,2009-12-09 17:26:00,2009-12-09 17:26:00,0,730,1
15210,United Kingdom,1176.19,3,841,392.06,392.06,280.33,2010-05-13 14:42:00,2011-04-28 16:11:00,350,225,3
15211,United Kingdom,894.41,2,240,447.2,447.2,120.0,2010-12-09 16:08:00,2011-10-10 13:31:00,304,60,2
15212,United Kingdom,208.28,2,84,104.14,104.14,42.0,2010-11-28 10:45:00,2011-04-12 13:45:00,135,241,2
15213,United Kingdom,328.35,2,272,164.18,164.18,136.0,2011-01-14 11:05:00,2011-01-25 12:21:00,11,319,2
15214,United Kingdom,1661.44,8,1254,207.68,207.68,156.75,2011-04-11 09:46:00,2011-12-08 12:07:00,241,2,8
15215,United Kingdom,2422.43,7,776,346.06,346.06,110.86,2010-04-06 11:21:00,2011-10-24 11:41:00,566,47,7
15216,United Kingdom,486.09,2,217,243.04,243.04,108.5,2010-03-31 09:52:00,2011-09-13 11:41:00,531,88,2
15217,United Kingdom,426.24,1,190,426.24,426.24,190.0,2010-05-25 13:51:00,2010-05-25 13:51:00,0,563,1
15218,United Kingdom,11468.83,22,6530,521.31,521.31,296.82,2010-01-26 11:33:00,2011-11-29 11:48:00,672,11,22
15219,United Kingdom,685.45,2,271,342.72,342.72,135.5,2010-03-01 11:33:00,2011-06-16 16:57:00,472,176,2
15220,United Kingdom,1778.96,6,1393,296.49,296.49,232.17,2011-03-04 10:24:00,2011-10-19 12:39:00,229,52,6
15221,United Kingdom,2062.2,4,244,515.55,515.55,61.0,2010-03-12 10:40:00,2010-12-08 13:08:00,271,366,4
15222,United Kingdom,3550.91,11,4458,322.81,322.81,405.27,2009-12-16 13:49:00,2011-01-25 08:03:00,404,319,11
15223,United Kingdom,1417.95,5,385,283.59,283.59,77.0,2009-12-05 11:19:00,2011-04-28 11:31:00,509,226,5
15224,United Kingdom,871.36,5,443,174.27,174.27,88.6,2010-01-15 16:14:00,2010-12-16 15:02:00,334,358,5
15225,United Kingdom,409.4,1,226,409.4,409.4,226.0,2011-04-19 14:51:00,2011-04-19 14:51:00,0,234,1
15226,United Kingdom,154.41,1,71,154.41,154.41,71.0,2011-02-02 11:41:00,2011-02-02 11:41:00,0,311,1
15227,United Kingdom,2488.49,9,1217,276.5,276.5,135.22,2010-03-16 08:23:00,2011-11-03 11:59:00,597,37,9
15228,United Kingdom,5580.27,6,3375,930.04,930.04,562.5,2010-07-28 10:21:00,2011-10-04 13:56:00,433,66,6
15229,United Kingdom,160.5,1,114,160.5,160.5,114.0,2010-05-02 13:50:00,2010-05-02 13:50:00,0,586,1
15230,United Kingdom,429.6,2,351,214.8,214.8,175.5,2011-04-13 11:04:00,2011-04-14 14:39:00,1,239,2
15231,United Kingdom,250.26,1,190,250.26,250.26,190.0,2010-03-28 15:12:00,2010-03-28 15:12:00,0,621,1
15232,United Kingdom,612.06,2,686,306.03,306.03,343.0,2011-07-22 12:21:00,2011-08-18 16:27:00,27,113,2
15233,United Kingdom,59.4,1,12,59.4,59.4,12.0,2010-11-03 13:36:00,2010-11-03 13:36:00,0,401,1
15234,United Kingdom,197.0,1,196,197.0,197.0,196.0,2011-03-08 08:53:00,2011-03-08 08:53:00,0,277,1
15235,United Kingdom,2772.76,16,1676,173.3,173.3,104.75,2010-11-16 12:48:00,2011-05-06 09:44:00,170,218,16
15236,United Kingdom,321.05,1,269,321.05,321.05,269.0,2011-02-14 10:52:00,2011-02-14 10:52:00,0,299,1
15237,United Kingdom,1412.32,4,1071,353.08,353.08,267.75,2011-04-26 15:04:00,2011-12-08 09:46:00,225,2,4
15238,United Kingdom,1071.99,3,692,357.33,357.33,230.67,2011-06-08 16:00:00,2011-11-10 14:28:00,154,29,3
15239,United Kingdom,780.59,2,594,390.3,390.3,297.0,2011-09-22 09:53:00,2011-11-29 14:14:00,68,10,2
15240,United Kingdom,4459.98,12,3214,371.66,371.66,267.83,2009-12-05 14:57:00,2011-10-26 09:50:00,689,45,12
15241,United Kingdom,3050.16,11,3328,277.29,277.29,302.55,2010-02-23 13:59:00,2011-10-04 09:05:00,587,67,11
15242,United Kingdom,302.04,1,196,302.04,302.04,196.0,2010-10-13 15:33:00,2010-10-13 15:33:00,0,422,1
15243,United Kingdom,927.28,2,543,463.64,463.64,271.5,2010-09-30 17:28:00,2011-09-26 14:12:00,360,74,2
15244,United Kingdom,912.08,3,472,304.03,304.03,157.33,2010-02-11 14:48:00,2011-10-05 13:19:00,600,65,3
15245,United Kingdom,4610.84,8,3021,576.36,576.36,377.62,2010-04-23 14:23:00,2011-07-28 18:56:00,461,134,8
15246,United Kingdom,780.4,3,359,260.13,260.13,119.67,2010-06-02 11:28:00,2011-04-15 14:45:00,317,238,3
15247,United Kingdom,976.06,3,514,325.35,325.35,171.33,2010-06-20 14:08:00,2011-08-09 12:52:00,414,122,3
15248,United Kingdom,1893.93,3,1065,631.31,631.31,355.0,2010-06-23 14:34:00,2010-10-24 13:09:00,122,411,3
15249,United Kingdom,9266.0,18,4980,514.78,514.78,276.67,2010-03-26 14:51:00,2011-11-08 11:45:00,591,32,18
15250,United Kingdom,60.0,1,48,60.0,60.0,48.0,2010-03-09 07:35:00,2010-03-09 07:35:00,0,641,1
15251,United Kingdom,20324.54,21,12108,967.84,967.84,576.57,2010-01-29 12:42:00,2011-11-30 15:02:00,670,9,21
15252,United Kingdom,2103.41,5,1430,420.68,420.68,286.0,2010-04-07 10:24:00,2011-11-03 13:30:00,575,36,5
15253,United Kingdom,2055.09,8,1588,256.89,256.89,198.5,2010-05-02 11:17:00,2011-11-23 16:22:00,570,16,8
15254,United Kingdom,1088.35,3,711,362.78,362.78,237.0,2010-05-28 10:08:00,2011-08-04 15:04:00,433,127,3
15255,United Kingdom,3706.02,9,2214,411.78,411.78,246.0,2009-12-03 09:10:00,2011-10-04 12:43:00,670,67,9
15256,United Kingdom,170.4,2,92,85.2,85.2,46.0,2010-05-27 11:41:00,2011-07-14 11:47:00,413,149,2
15257,United Kingdom,685.9,2,71,342.95,342.95,35.5,2010-10-21 14:03:00,2011-03-01 12:58:00,130,283,2
15258,United Kingdom,623.16,2,142,311.58,311.58,71.0,2011-05-06 14:16:00,2011-06-24 12:30:00,48,169,2
15259,United Kingdom,1182.38,4,631,295.6,295.6,157.75,2010-01-26 09:41:00,2010-07-15 08:47:00,169,513,4
15260,United Kingdom,8767.73,25,4468,350.71,350.71,178.72,2009-12-06 11:45:00,2011-08-31 13:55:00,633,100,25
15261,United Kingdom,1508.0,4,806,377.0,377.0,201.5,2010-10-01 11:59:00,2011-07-27 15:20:00,299,135,4
15262,United Kingdom,418.82,3,218,139.61,139.61,72.67,2010-08-08 15:55:00,2011-01-20 12:16:00,164,324,3
15263,United Kingdom,156.51,1,89,156.51,156.51,89.0,2011-08-25 10:26:00,2011-08-25 10:26:00,0,107,1
15264,United Kingdom,848.4,2,443,424.2,424.2,221.5,2010-06-27 13:29:00,2011-10-06 13:49:00,466,64,2
15265,United Kingdom,3345.64,4,1570,836.41,836.41,392.5,2009-12-01 17:08:00,2011-07-11 14:46:00,586,151,4
15266,United Kingdom,852.21,5,236,170.44,170.44,47.2,2010-01-07 12:19:00,2011-01-05 13:40:00,363,338,5
15267,United Kingdom,1717.36,5,944,343.47,343.47,188.8,2011-06-10 10:24:00,2011-11-17 15:59:00,160,22,5
15268,United Kingdom,961.9,3,428,320.63,320.63,142.67,2010-04-13 11:27:00,2010-08-18 10:33:00,126,479,3
15269,United Kingdom,1225.36,3,372,408.45,408.45,124.0,2010-11-14 12:58:00,2011-11-16 09:32:00,366,24,3
15270,United Kingdom,8524.86,21,4010,405.95,405.95,190.95,2009-12-17 15:02:00,2011-11-24 09:24:00,706,16,21
15271,United Kingdom,4528.54,24,2412,188.69,188.69,100.5,2010-08-05 14:57:00,2011-12-02 14:11:00,483,7,24
15272,United Kingdom,2030.95,6,665,338.49,338.49,110.83,2010-02-14 13:39:00,2011-10-13 12:59:00,605,57,6
15273,United Kingdom,228.96,1,216,228.96,228.96,216.0,2010-04-19 11:31:00,2010-04-19 11:31:00,0,600,1
15274,United Kingdom,716.57,2,619,358.28,358.28,309.5,2011-11-21 14:17:00,2011-12-05 16:57:00,14,4,2
15275,United Kingdom,615.14,1,498,615.14,615.14,498.0,2011-11-02 11:20:00,2011-11-02 11:20:00,0,38,1
15276,United Kingdom,619.8,4,317,154.95,154.95,79.25,2010-10-01 12:24:00,2011-10-04 16:39:00,368,66,4
15277,United Kingdom,476.34,2,373,238.17,238.17,186.5,2010-10-10 16:02:00,2011-10-24 10:08:00,378,47,2
15278,United Kingdom,496.16,4,458,124.04,124.04,114.5,2010-02-12 14:53:00,2010-05-27 10:03:00,103,562,4
15279,United Kingdom,1580.54,5,802,316.11,316.11,160.4,2010-02-02 10:15:00,2010-12-20 10:48:00,321,355,5
15280,United Kingdom,397.52,3,507,132.51,132.51,169.0,2010-05-17 14:17:00,2011-06-20 17:14:00,399,172,3
15281,United Kingdom,8543.57,16,5233,533.97,533.97,327.06,2010-10-08 12:14:00,2011-10-12 09:10:00,368,59,16
15282,United Kingdom,348.59,1,395,348.59,348.59,395.0,2010-05-18 16:27:00,2010-05-18 16:27:00,0,570,1
15283,United Kingdom,148.33,3,27,49.44,49.44,9.0,2010-07-09 15:46:00,2010-11-14 14:54:00,127,390,3
15284,United Kingdom,24.75,1,5,24.75,24.75,5.0,2010-07-27 13:25:00,2010-07-27 13:25:00,0,500,1
15285,United Kingdom,94.92,1,120,94.92,94.92,120.0,2010-10-28 09:46:00,2010-10-28 09:46:00,0,408,1
15286,United Kingdom,240.55,1,55,240.55,240.55,55.0,2011-10-21 11:08:00,2011-10-21 11:08:00,0,50,1
15287,United Kingdom,856.03,5,1010,171.21,171.21,202.0,2009-12-02 12:13:00,2011-11-17 15:34:00,715,22,5
15288,United Kingdom,3715.38,10,1336,371.54,371.54,133.6,2010-02-12 15:27:00,2011-10-27 16:58:00,622,43,10
15289,United Kingdom,1593.09,5,1627,318.62,318.62,325.4,2010-03-28 11:45:00,2011-11-10 13:49:00,592,29,5
15290,United Kingdom,10496.28,26,6567,403.7,403.7,252.58,2010-02-24 10:15:00,2011-12-05 11:39:00,649,5,26
15291,United Kingdom,13517.76,40,4905,337.94,337.94,122.62,2009-12-03 11:09:00,2011-11-14 11:02:00,710,26,40
15292,United Kingdom,178.39,1,55,178.39,178.39,55.0,2011-05-22 15:00:00,2011-05-22 15:00:00,0,201,1
15293,United Kingdom,247.5,1,178,247.5,247.5,178.0,2010-02-12 11:54:00,2010-02-12 11:54:00,0,666,1
15294,United Kingdom,233.35,1,97,233.35,233.35,97.0,2010-10-25 11:45:00,2010-10-25 11:45:00,0,411,1
15295,United Kingdom,207.04,1,139,207.04,207.04,139.0,2010-02-23 13:03:00,2010-02-23 13:03:00,0,654,1
15296,United Kingdom,10323.03,12,5452,860.25,860.25,454.33,2010-01-21 13:48:00,2011-10-20 11:47:00,636,51,12
15297,United Kingdom,641.94,3,292,213.98,213.98,97.33,2011-10-07 09:42:00,2011-11-29 16:32:00,53,10,3
15298,United Kingdom,9061.77,23,6000,393.99,393.99,260.87,2009-12-08 17:04:00,2011-12-07 17:17:00,729,2,23
15299,United Kingdom,6156.53,10,3356,615.65,615.65,335.6,2010-01-12 11:34:00,2011-10-03 14:19:00,629,67,10
15300,United Kingdom,496.44,1,292,496.44,496.44,292.0,2011-10-06 17:08:00,2011-10-06 17:08:00,0,64,1
15301,United Kingdom,6909.67,17,3763,406.45,406.45,221.35,2010-09-15 15:41:00,2011-10-20 09:57:00,399,51,17
15302,United Kingdom,308.0,1,102,308.0,308.0,102.0,2009-12-09 13:11:00,2009-12-09 13:11:00,0,730,1
15303,United Kingdom,1224.18,3,514,408.06,408.06,171.33,2010-01-25 09:42:00,2011-02-22 13:59:00,393,290,3
15304,United Kingdom,796.4,9,112,88.49,88.49,12.44,2010-10-14 10:24:00,2011-10-10 10:23:00,360,61,9
15305,United Kingdom,93.6,1,40,93.6,93.6,40.0,2010-06-02 13:50:00,2010-06-02 13:50:00,0,555,1
15306,United Kingdom,3484.73,9,3074,387.19,387.19,341.56,2010-02-18 17:12:00,2011-10-06 12:56:00,594,64,9
15307,United Kingdom,205.3,1,37,205.3,205.3,37.0,2011-09-05 11:38:00,2011-09-05 11:38:00,0,96,1
15308,United Kingdom,310.47,1,175,310.47,310.47,175.0,2011-03-10 13:08:00,2011-03-10 13:08:00,0,274,1
15309,United Kingdom,797.96,4,440,199.49,199.49,110.0,2009-12-04 13:01:00,2010-04-08 11:11:00,124,611,4
15310,United Kingdom,1634.64,1,1476,1634.64,1634.64,1476.0,2010-08-18 11:38:00,2010-08-18 11:38:00,0,479,1
15311,United Kingdom,114966.42,208,70149,552.72,552.72,337.25,2009-12-01 11:21:00,2011-12-09 12:00:00,738,1,208
15312,United Kingdom,2930.19,12,1693,244.18,244.18,141.08,2009-12-16 09:23:00,2011-09-25 13:10:00,648,75,12
15313,United Kingdom,52.0,1,25,52.0,52.0,25.0,2011-08-21 16:02:00,2011-08-21 16:02:00,0,110,1
15314,United Kingdom,820.45,3,750,273.48,273.48,250.0,2010-10-07 15:41:00,2011-05-24 14:39:00,228,199,3
15315,United Kingdom,570.5,2,862,285.25,285.25,431.0,2011-08-15 15:17:00,2011-10-06 12:51:00,51,64,2
15316,United Kingdom,165.0,1,100,165.0,165.0,100.0,2011-01-17 11:34:00,2011-01-17 11:34:00,0,327,1
15317,United Kingdom,129.75,1,45,129.75,129.75,45.0,2010-01-31 15:55:00,2010-01-31 15:55:00,0,677,1
15318,United Kingdom,312.62,1,642,312.62,312.62,642.0,2011-12-06 11:30:00,2011-12-06 11:30:00,0,4,1
15319,United Kingdom,204.5,1,175,204.5,204.5,175.0,2011-03-01 12:48:00,2011-03-01 12:48:00,0,284,1
15320,United Kingdom,267.13,1,326,267.13,267.13,326.0,2011-10-26 13:27:00,2011-10-26 13:27:00,0,44,1
15321,United Kingdom,6709.73,12,3653,559.14,559.14,304.42,2010-02-03 09:47:00,2011-09-30 09:40:00,603,71,12
15322,United Kingdom,1390.86,2,971,695.43,695.43,485.5,2010-08-20 13:10:00,2011-09-15 09:34:00,390,86,2
15323,United Kingdom,434.6,3,188,144.87,144.87,62.67,2010-02-16 09:21:00,2010-05-26 10:01:00,99,563,3
15324,United Kingdom,140.22,1,74,140.22,140.22,74.0,2010-01-07 14:37:00,2010-01-07 14:37:00,0,701,1
15325,United Kingdom,1601.46,8,1382,200.18,200.18,172.75,2010-02-16 13:30:00,2011-08-28 11:55:00,557,104,8
15326,United Kingdom,1700.52,5,1351,340.1,340.1,270.2,2009-12-01 13:19:00,2011-01-10 11:38:00,404,334,5
15327,United Kingdom,208.75,1,116,208.75,208.75,116.0,2011-10-18 11:55:00,2011-10-18 11:55:00,0,53,1
15328,United Kingdom,107.24,1,88,107.24,107.24,88.0,2010-10-28 09:05:00,2010-10-28 09:05:00,0,408,1
15329,United Kingdom,2958.83,11,1217,268.98,268.98,110.64,2009-12-14 12:18:00,2011-10-31 15:36:00,686,39,11
15330,United Kingdom,714.96,2,1312,357.48,357.48,656.0,2011-10-10 12:30:00,2011-11-07 17:50:00,28,32,2
15331,United Kingdom,767.91,3,701,255.97,255.97,233.67,2010-04-09 14:26:00,2010-07-28 09:42:00,109,500,3
15332,Lithuania,4892.68,6,2306,815.45,815.45,384.33,2010-07-14 13:01:00,2010-12-08 14:43:00,147,366,6
15333,United Kingdom,1028.56,1,344,1028.56,1028.56,344.0,2011-05-15 13:27:00,2011-05-15 13:27:00,0,208,1
15334,United Kingdom,350.82,3,273,116.94,116.94,91.0,2011-06-19 13:51:00,2011-07-06 11:22:00,16,157,3
15335,United Kingdom,170.22,1,79,170.22,170.22,79.0,2011-10-17 12:50:00,2011-10-17 12:50:00,0,54,1
15336,United Kingdom,240.5,1,84,240.5,240.5,84.0,2010-11-03 12:39:00,2010-11-03 12:39:00,0,402,1
15337,United Kingdom,373.02,1,200,373.02,373.02,200.0,2010-10-24 15:29:00,2010-10-24 15:29:00,0,411,1
15338,United Kingdom,277.93,1,148,277.93,277.93,148.0,2010-01-31 14:25:00,2010-01-31 14:25:00,0,677,1
15339,United Kingdom,1821.02,7,1138,260.15,260.15,162.57,2010-02-08 13:38:00,2011-10-04 12:51:00,602,66,7
15340,United Kingdom,105.5,1,76,105.5,105.5,76.0,2010-05-27 10:27:00,2010-05-27 10:27:00,0,562,1
15341,United Kingdom,2402.72,2,1008,1201.36,1201.36,504.0,2010-09-16 16:41:00,2011-09-20 09:40:00,368,81,2
15342,United Kingdom,406.09,1,283,406.09,406.09,283.0,2011-08-02 10:19:00,2011-08-02 10:19:00,0,130,1
15343,United Kingdom,364.5,1,84,364.5,364.5,84.0,2011-09-13 13:55:00,2011-09-13 13:55:00,0,87,1
15344,United Kingdom,563.94,3,116,187.98,187.98,38.67,2011-09-26 14:48:00,2011-12-09 10:45:00,73,1,3
15345,United Kingdom,393.54,1,81,393.54,393.54,81.0,2011-10-25 11:28:00,2011-10-25 11:28:00,0,46,1
15346,United Kingdom,596.12,3,260,198.71,198.71,86.67,2010-10-04 15:11:00,2011-01-11 11:18:00,98,333,3
15347,United Kingdom,1162.0,4,542,290.5,290.5,135.5,2010-09-28 12:50:00,2010-12-08 15:25:00,71,366,4
15348,United Kingdom,158.04,1,84,158.04,158.04,84.0,2011-09-28 13:17:00,2011-09-28 13:17:00,0,72,1
15349,United Kingdom,463.91,2,321,231.96,231.96,160.5,2011-06-05 15:46:00,2011-07-04 16:06:00,29,158,2
15350,United Kingdom,547.6,2,272,273.8,273.8,136.0,2010-11-21 15:14:00,2010-12-01 13:33:00,9,373,2
15351,United Kingdom,3430.22,10,1350,343.02,343.02,135.0,2010-10-03 12:18:00,2011-11-27 12:52:00,420,12,10
15352,United Kingdom,111.15,1,40,111.15,111.15,40.0,2010-06-09 11:28:00,2010-06-09 11:28:00,0,549,1
15353,United Kingdom,2794.47,7,1391,399.21,399.21,198.71,2009-12-02 11:33:00,2011-03-30 12:15:00,483,255,7
15354,United Kingdom,284.4,3,3,94.8,94.8,1.0,2010-04-15 16:17:00,2010-04-15 16:24:00,0,603,3
15355,United Kingdom,277.05,2,45,138.52,138.52,22.5,2011-10-17 15:22:00,2011-11-10 13:44:00,23,29,2
15356,United Kingdom,3239.57,13,1892,249.2,249.2,145.54,2010-10-13 13:12:00,2011-11-08 13:11:00,390,31,13
15358,United Kingdom,16425.86,42,14902,391.09,391.09,354.81,2009-12-07 12:19:00,2011-12-05 09:04:00,727,5,42
15359,United Kingdom,181.35,8,145,22.67,22.67,18.12,2010-01-15 11:30:00,2010-02-15 10:47:00,30,663,8
15360,United Kingdom,427.93,1,223,427.93,427.93,223.0,2011-10-31 09:35:00,2011-10-31 09:35:00,0,40,1
15361,United Kingdom,689.07,4,373,172.27,172.27,93.25,2010-06-14 13:27:00,2010-12-13 09:52:00,181,362,4
15362,United Kingdom,613.08,2,368,306.54,306.54,184.0,2009-12-01 09:08:00,2010-09-17 10:37:00,290,449,2
15363,United Kingdom,678.11,2,383,339.06,339.06,191.5,2010-08-04 08:41:00,2010-12-02 12:28:00,120,373,2
15364,United Kingdom,913.19,2,493,456.6,456.6,246.5,2011-03-30 13:39:00,2011-09-05 09:46:00,158,96,2
15365,United Kingdom,4557.13,13,2131,350.55,350.55,163.92,2010-02-04 16:43:00,2011-11-14 08:29:00,647,26,13
15366,United Kingdom,2389.08,7,2447,341.3,341.3,349.57,2010-02-26 10:10:00,2011-09-25 15:01:00,576,75,7
15367,United Kingdom,5081.33,11,2944,461.94,461.94,267.64,2009-12-10 14:20:00,2011-10-13 14:13:00,671,57,11
15368,United Kingdom,722.74,2,406,361.37,361.37,203.0,2010-11-10 15:52:00,2011-11-18 14:42:00,372,21,2
15369,United Kingdom,6251.26,11,3288,568.3,568.3,298.91,2009-12-08 07:43:00,2010-08-04 13:54:00,239,492,11
15370,United Kingdom,3739.01,8,1397,467.38,467.38,174.62,2010-10-25 12:08:00,2011-10-30 10:58:00,369,41,8
15371,United Kingdom,59.4,1,12,59.4,59.4,12.0,2010-02-15 13:14:00,2010-02-15 13:14:00,0,662,1
15372,United Kingdom,6017.06,8,6410,752.13,752.13,801.25,2010-02-14 11:24:00,2011-07-25 16:39:00,526,137,8
15373,United Kingdom,3084.54,17,726,181.44,181.44,42.71,2010-05-02 11:57:00,2011-12-01 15:05:00,578,8,17
15374,United Kingdom,307.32,2,290,153.66,153.66,145.0,2010-03-25 12:03:00,2011-08-03 09:59:00,495,129,2
15375,United Kingdom,60.96,1,84,60.96,60.96,84.0,2010-01-18 15:38:00,2010-01-18 15:38:00,0,690,1
15376,United Kingdom,1221.56,3,615,407.19,407.19,205.0,2011-05-01 13:45:00,2011-10-30 15:04:00,182,40,3
15377,United Kingdom,1211.75,4,253,302.94,302.94,63.25,2010-10-20 11:42:00,2010-11-22 08:55:00,32,383,4
15378,United Kingdom,246.5,2,130,123.25,123.25,65.0,2010-07-26 08:47:00,2010-09-03 11:30:00,39,463,2
15379,United Kingdom,4877.84,8,3000,609.73,609.73,375.0,2010-11-04 11:59:00,2011-06-23 13:13:00,231,169,8
15380,United Kingdom,3248.96,11,954,295.36,295.36,86.73,2009-12-01 13:50:00,2011-12-01 12:13:00,729,9,11
15381,United Kingdom,1890.57,5,802,378.11,378.11,160.4,2010-05-05 14:35:00,2011-05-10 11:55:00,369,214,5
15382,United Kingdom,13733.55,12,9178,1144.46,1144.46,764.83,2009-12-04 14:13:00,2011-11-25 10:58:00,720,15,12
15384,United Kingdom,2027.79,4,1767,506.95,506.95,441.75,2010-04-26 12:38:00,2011-06-23 10:57:00,422,170,4
15385,United Kingdom,942.08,3,428,314.03,314.03,142.67,2010-01-31 13:02:00,2011-10-30 15:11:00,637,40,3
15386,United Kingdom,394.14,1,446,394.14,394.14,446.0,2011-06-06 13:47:00,2011-06-06 13:47:00,0,186,1
15387,United Kingdom,468.65,1,335,468.65,468.65,335.0,2010-08-04 16:05:00,2010-08-04 16:05:00,0,492,1
15388,Canada,140.54,1,88,140.54,140.54,88.0,2011-03-14 13:53:00,2011-03-14 13:53:00,0,270,1
15389,United Kingdom,2733.8,5,3940,546.76,546.76,788.0,2010-01-27 12:44:00,2011-06-20 16:18:00,509,172,5
15390,Canada,1216.66,2,894,608.33,608.33,447.0,2010-10-26 17:23:00,2010-11-08 15:19:00,12,396,2
15391,United Kingdom,289.87,1,109,289.87,289.87,109.0,2010-05-04 15:04:00,2010-05-04 15:04:00,0,584,1
15392,United Kingdom,2911.62,7,2144,415.95,415.95,306.29,2010-10-04 12:50:00,2011-12-05 11:01:00,426,5,7
15393,United Kingdom,891.34,5,378,178.27,178.27,75.6,2009-12-15 17:56:00,2011-11-23 16:48:00,707,16,5
15394,United Kingdom,5286.8,11,2372,480.62,480.62,215.64,2009-12-15 19:05:00,2011-11-30 11:49:00,714,10,11
15395,United Kingdom,107.45,1,17,107.45,107.45,17.0,2011-01-18 12:40:00,2011-01-18 12:40:00,0,326,1
15396,United Kingdom,796.38,2,278,398.19,398.19,139.0,2010-05-05 09:04:00,2011-08-19 10:56:00,471,113,2
15397,United Kingdom,94.0,1,20,94.0,94.0,20.0,2011-02-23 09:25:00,2011-02-23 09:25:00,0,290,1
15398,United Kingdom,1345.53,2,769,672.76,672.76,384.5,2011-09-22 14:56:00,2011-11-23 16:47:00,62,16,2
15399,United Kingdom,815.77,3,611,271.92,271.92,203.67,2011-09-21 15:57:00,2011-12-08 13:04:00,77,1,3
15400,United Kingdom,1302.3,8,662,162.79,162.79,82.75,2010-05-28 08:33:00,2011-09-08 13:57:00,468,92,8
15401,United Kingdom,216.95,2,93,108.48,108.48,46.5,2010-05-20 10:56:00,2010-09-13 13:42:00,116,452,2
15402,United Kingdom,1830.54,6,2034,305.09,305.09,339.0,2010-04-27 12:12:00,2011-07-14 12:17:00,443,149,6
15403,United Kingdom,170.88,2,492,85.44,85.44,246.0,2009-12-09 12:45:00,2010-08-05 12:21:00,238,492,2
15404,United Kingdom,257.06,1,334,257.06,257.06,334.0,2010-11-29 11:03:00,2010-11-29 11:03:00,0,376,1
15405,United Kingdom,659.84,2,348,329.92,329.92,174.0,2010-05-12 15:56:00,2011-06-03 14:44:00,386,189,2
15406,United Kingdom,975.87,4,547,243.97,243.97,136.75,2010-09-12 13:06:00,2011-11-08 13:22:00,422,31,4
15407,United Kingdom,1046.74,4,552,261.68,261.68,138.0,2011-02-07 13:18:00,2011-11-06 11:55:00,271,34,4
15408,United Kingdom,267.18,1,106,267.18,267.18,106.0,2011-03-20 15:02:00,2011-03-20 15:02:00,0,264,1
15409,United Kingdom,131.25,1,59,131.25,131.25,59.0,2009-12-18 15:35:00,2009-12-18 15:35:00,0,721,1
15410,United Kingdom,4685.72,10,1902,468.57,468.57,190.2,2010-04-19 08:57:00,2011-09-16 14:47:00,515,84,10
15411,United Kingdom,1348.93,4,529,337.23,337.23,132.25,2011-06-10 12:30:00,2011-11-13 15:19:00,156,26,4
15412,United Kingdom,190.53,1,108,190.53,190.53,108.0,2011-06-21 15:24:00,2011-06-21 15:24:00,0,171,1
15413,United Kingdom,6798.72,5,2694,1359.74,1359.74,538.8,2009-12-01 10:18:00,2010-01-17 11:33:00,47,692,5
15414,United Kingdom,774.9,3,443,258.3,258.3,147.67,2011-04-11 13:45:00,2011-11-30 09:50:00,232,10,3
15415,United Kingdom,559.61,1,551,559.61,559.61,551.0,2011-01-30 14:13:00,2011-01-30 14:13:00,0,313,1
15416,United Kingdom,4572.82,7,2420,653.26,653.26,345.71,2010-02-01 11:55:00,2011-10-06 09:38:00,611,65,7
15417,United Kingdom,508.8,1,284,508.8,508.8,284.0,2011-09-15 15:26:00,2011-09-15 15:26:00,0,85,1
15418,United Kingdom,449.42,2,264,224.71,224.71,132.0,2010-05-02 11:31:00,2010-10-10 13:38:00,161,425,2
15419,United Kingdom,135.86,1,230,135.86,135.86,230.0,2011-11-15 09:23:00,2011-11-15 09:23:00,0,25,1
15420,United Kingdom,743.0,6,844,123.83,123.83,140.67,2009-12-05 13:29:00,2010-10-01 15:46:00,300,434,6
15421,United Kingdom,3805.34,10,1927,380.53,380.53,192.7,2009-12-07 15:10:00,2011-10-12 09:20:00,673,59,10
15422,United Kingdom,1619.97,7,710,231.42,231.42,101.43,2010-02-07 11:52:00,2011-01-20 16:17:00,347,323,7
15423,United Kingdom,266.89,3,198,88.96,88.96,66.0,2010-03-28 13:42:00,2011-11-01 14:01:00,583,38,3
15424,United Kingdom,597.78,3,873,199.26,199.26,291.0,2010-09-02 17:17:00,2011-03-30 13:02:00,208,254,3
15425,United Kingdom,1941.12,4,1041,485.28,485.28,260.25,2010-02-14 12:36:00,2010-11-04 18:13:00,263,400,4
15426,United Kingdom,2156.35,9,1041,239.59,239.59,115.67,2010-05-02 15:10:00,2011-11-20 15:36:00,567,19,9
15427,United Kingdom,1430.54,3,967,476.85,476.85,322.33,2011-10-23 14:47:00,2011-11-06 14:29:00,13,33,3
15428,United Kingdom,762.75,4,347,190.69,190.69,86.75,2009-12-17 17:46:00,2011-11-24 16:54:00,706,15,4
15429,United Kingdom,397.35,2,380,198.68,198.68,190.0,2011-09-25 13:42:00,2011-11-13 12:28:00,48,27,2
15430,United Kingdom,954.75,2,309,477.38,477.38,154.5,2010-06-29 15:04:00,2010-08-29 10:42:00,60,468,2
15431,United Kingdom,153.24,1,84,153.24,153.24,84.0,2010-07-25 12:44:00,2010-07-25 12:44:00,0,503,1
15432,United Kingdom,320.76,2,92,160.38,160.38,46.0,2010-06-16 14:34:00,2011-11-16 16:30:00,518,23,2
15433,United Kingdom,533.3,2,534,266.65,266.65,267.0,2011-03-17 14:12:00,2011-05-10 10:45:00,53,214,2
15434,United Kingdom,2567.06,11,1423,233.37,233.37,129.36,2010-01-24 15:35:00,2011-12-01 13:33:00,675,8,11
15435,United Kingdom,149.29,1,54,149.29,149.29,54.0,2011-11-17 16:39:00,2011-11-17 16:39:00,0,22,1
15436,United Kingdom,1067.75,3,574,355.92,355.92,191.33,2011-04-19 16:52:00,2011-11-27 16:05:00,221,12,3
15437,United Kingdom,393.45,2,177,196.72,196.72,88.5,2010-03-09 10:45:00,2011-03-22 13:11:00,378,262,2
15438,United Kingdom,156.58,1,59,156.58,156.58,59.0,2011-07-31 14:19:00,2011-07-31 14:19:00,0,131,1
15439,United Kingdom,1269.05,4,572,317.26,317.26,143.0,2010-02-24 12:05:00,2010-10-31 10:38:00,248,405,4
15440,United Kingdom,383.68,3,197,127.89,127.89,65.67,2011-05-15 11:30:00,2011-10-16 12:16:00,154,55,3
15441,United Kingdom,1254.21,3,587,418.07,418.07,195.67,2009-12-09 14:55:00,2010-11-08 15:50:00,334,396,3
15442,United Kingdom,594.0,1,120,594.0,594.0,120.0,2011-04-05 12:24:00,2011-04-05 12:24:00,0,249,1
15443,United Kingdom,5114.23,14,2699,365.3,365.3,192.79,2010-03-07 12:10:00,2011-12-08 10:40:00,640,2,14
15444,United Kingdom,1411.21,2,759,705.6,705.6,379.5,2011-10-30 16:12:00,2011-11-30 17:37:00,31,9,2
15445,United Kingdom,284.5,2,118,142.25,142.25,59.0,2010-04-28 15:00:00,2011-03-20 15:06:00,326,264,2
15446,United Kingdom,399.75,3,265,133.25,133.25,88.33,2009-12-13 13:53:00,2010-11-28 11:59:00,349,377,3
15447,United Kingdom,492.88,5,228,98.58,98.58,45.6,2010-03-24 14:40:00,2011-01-13 11:26:00,294,331,5
15448,United Kingdom,788.81,2,487,394.4,394.4,243.5,2010-02-03 13:29:00,2011-01-31 10:42:00,361,313,2
15449,United Kingdom,974.52,3,812,324.84,324.84,270.67,2011-03-23 10:43:00,2011-11-13 15:02:00,235,26,3
15450,United Kingdom,429.84,1,376,429.84,429.84,376.0,2011-11-09 17:11:00,2011-11-09 17:11:00,0,30,1
15451,United Kingdom,226.86,2,76,113.43,113.43,38.0,2010-04-19 14:08:00,2010-10-01 13:40:00,164,434,2
15452,United Kingdom,1785.11,6,1087,297.52,297.52,181.17,2010-07-16 14:23:00,2011-11-10 12:13:00,481,30,6
15453,United Kingdom,1371.77,7,837,195.97,195.97,119.57,2011-06-05 12:37:00,2011-12-08 10:59:00,185,2,7
15454,United Kingdom,305.99,2,146,153.0,153.0,73.0,2010-03-31 13:15:00,2010-12-12 14:21:00,256,362,2
15455,United Kingdom,38.25,1,3,38.25,38.25,3.0,2010-04-21 12:43:00,2010-04-21 12:43:00,0,598,1
15456,United Kingdom,2091.52,10,2727,209.15,209.15,272.7,2009-12-08 12:54:00,2011-03-01 13:51:00,448,283,10
15457,United Kingdom,237.07,1,132,237.07,237.07,132.0,2011-03-22 15:31:00,2011-03-22 15:31:00,0,262,1
15458,United Kingdom,370.44,2,300,185.22,185.22,150.0,2010-11-02 19:50:00,2011-11-14 13:08:00,376,25,2
15459,United Kingdom,202.83,2,121,101.42,101.42,60.5,2010-07-30 14:31:00,2010-10-18 15:25:00,80,417,2
15460,United Kingdom,214.26,1,107,214.26,214.26,107.0,2010-12-20 16:08:00,2010-12-20 16:08:00,0,354,1
15461,United Kingdom,429.7,2,230,214.85,214.85,115.0,2010-03-18 12:40:00,2010-09-05 12:31:00,170,461,2
15462,United Kingdom,737.05,4,495,184.26,184.26,123.75,2010-09-20 10:23:00,2011-09-06 13:11:00,351,94,4
15463,United Kingdom,126.14,1,106,126.14,126.14,106.0,2011-11-10 12:57:00,2011-11-10 12:57:00,0,29,1
15464,United Kingdom,1044.65,1,348,1044.65,1044.65,348.0,2011-01-05 15:56:00,2011-01-05 15:56:00,0,338,1
15465,United Kingdom,12100.4,32,2638,378.14,378.14,82.44,2009-12-10 09:42:00,2011-11-20 10:11:00,710,20,32
15466,United Kingdom,1560.46,4,941,390.12,390.12,235.25,2009-12-03 12:28:00,2011-09-15 14:08:00,651,85,4
15467,United Kingdom,524.88,3,310,174.96,174.96,103.33,2011-07-10 14:42:00,2011-11-30 14:17:00,142,9,3
15468,United Kingdom,1430.48,3,1400,476.83,476.83,466.67,2010-11-12 09:39:00,2011-10-19 13:49:00,341,51,3
15469,United Kingdom,874.25,3,287,291.42,291.42,95.67,2010-09-27 10:09:00,2011-10-20 16:21:00,388,50,3
15470,United Kingdom,63.42,1,232,63.42,63.42,232.0,2010-05-13 09:35:00,2010-05-13 09:35:00,0,576,1
15471,United Kingdom,1292.01,3,670,430.67,430.67,223.33,2010-06-07 12:17:00,2011-12-07 14:12:00,548,2,3
15472,United Kingdom,371.56,1,251,371.56,371.56,251.0,2011-08-18 15:17:00,2011-08-18 15:17:00,0,113,1
15473,United Kingdom,2046.0,8,776,255.75,255.75,97.0,2010-09-21 09:14:00,2011-11-25 15:15:00,430,14,8
15474,United Kingdom,150.35,1,55,150.35,150.35,55.0,2010-04-23 11:14:00,2010-04-23 11:14:00,0,596,1
15475,United Kingdom,454.11,1,319,454.11,454.11,319.0,2011-09-23 15:20:00,2011-09-23 15:20:00,0,77,1
15476,United Kingdom,2209.98,4,1174,552.5,552.5,293.5,2010-09-23 14:00:00,2010-11-24 15:17:00,62,380,4
15477,United Kingdom,368.4,1,216,368.4,368.4,216.0,2010-02-28 10:37:00,2010-02-28 10:37:00,0,650,1
15478,United Kingdom,1983.48,3,894,661.16,661.16,298.0,2010-05-13 18:49:00,2011-10-30 14:19:00,534,40,3
15479,United Kingdom,147.4,1,38,147.4,147.4,38.0,2009-12-06 15:08:00,2009-12-06 15:08:00,0,733,1
15480,Malta,6279.0,5,1852,1255.8,1255.8,370.4,2010-02-01 14:52:00,2011-08-15 14:32:00,559,116,5
15481,Norway,1993.34,1,1450,1993.34,1993.34,1450.0,2010-11-03 14:52:00,2010-11-03 14:52:00,0,401,1
15482,United Kingdom,14417.36,19,6516,758.81,758.81,342.95,2009-12-02 16:59:00,2011-11-24 10:46:00,721,16,19
15483,United Kingdom,817.82,10,905,81.78,81.78,90.5,2010-01-24 15:42:00,2011-07-01 13:07:00,522,161,10
15484,United Kingdom,4652.1,6,4074,775.35,775.35,679.0,2009-12-05 15:18:00,2011-12-08 15:03:00,732,1,6
15485,United Kingdom,4810.92,7,2153,687.27,687.27,307.57,2009-12-01 17:31:00,2011-11-09 14:31:00,707,30,7
15486,United Kingdom,102.0,1,40,102.0,102.0,40.0,2010-06-30 13:15:00,2010-06-30 13:15:00,0,527,1
15487,United Kingdom,231.32,1,144,231.32,231.32,144.0,2010-01-29 12:07:00,2010-01-29 12:07:00,0,680,1
15488,United Kingdom,431.92,5,251,86.38,86.38,50.2,2010-05-05 13:03:00,2011-09-08 10:11:00,490,93,5
15489,United Kingdom,2419.61,8,1264,302.45,302.45,158.0,2010-01-15 16:58:00,2011-11-17 08:53:00,670,23,8
15490,United Kingdom,210.85,1,82,210.85,210.85,82.0,2010-10-05 13:11:00,2010-10-05 13:11:00,0,430,1
15491,United Kingdom,3100.09,6,1646,516.68,516.68,274.33,2011-04-18 10:04:00,2011-09-05 15:56:00,140,95,6
15492,United Kingdom,659.46,2,483,329.73,329.73,241.5,2011-09-26 14:02:00,2011-11-11 14:53:00,46,28,2
15493,United Kingdom,4121.68,9,1206,457.96,457.96,134.0,2010-02-23 11:14:00,2011-11-07 12:04:00,622,33,9
15494,United Kingdom,3702.6,5,3052,740.52,740.52,610.4,2009-12-10 20:16:00,2011-11-18 14:51:00,707,21,5
15495,United Kingdom,246.5,1,194,246.5,246.5,194.0,2010-11-25 13:46:00,2010-11-25 13:46:00,0,379,1
15496,United Kingdom,146.14,1,98,146.14,146.14,98.0,2010-03-18 13:16:00,2010-03-18 13:16:00,0,631,1
15497,United Kingdom,8657.39,9,2937,961.93,961.93,326.33,2009-12-18 15:08:00,2011-11-22 11:51:00,703,18,9
15498,United Kingdom,24972.86,44,12134,567.57,567.57,275.77,2009-12-16 17:27:00,2011-12-07 12:48:00,720,3,44
15499,United Kingdom,158.65,1,59,158.65,158.65,59.0,2009-12-16 12:17:00,2009-12-16 12:17:00,0,724,1
15500,United Kingdom,1131.56,4,572,282.89,282.89,143.0,2011-09-19 13:47:00,2011-12-01 13:47:00,73,8,4
15501,United Kingdom,399.95,2,205,199.98,199.98,102.5,2010-10-20 12:47:00,2010-10-31 11:15:00,10,405,2
15502,United Kingdom,13003.87,14,5559,928.85,928.85,397.07,2010-06-03 11:12:00,2011-11-24 12:48:00,539,16,14
15503,United Kingdom,257.3,2,130,128.65,128.65,65.0,2009-12-13 11:34:00,2010-12-12 10:57:00,363,363,2
15504,United Kingdom,402.7,4,141,100.68,100.68,35.25,2010-02-12 12:34:00,2011-09-19 13:45:00,584,81,4
15505,United Kingdom,3610.96,5,2390,722.19,722.19,478.0,2011-07-07 13:33:00,2011-10-18 07:56:00,102,53,5
15506,United Kingdom,2030.33,6,1637,338.39,338.39,272.83,2010-08-19 12:38:00,2011-11-17 12:11:00,454,23,6
15507,United Kingdom,475.86,1,160,475.86,475.86,160.0,2011-06-21 11:19:00,2011-06-21 11:19:00,0,172,1
15508,United Kingdom,1000.27,6,440,166.71,166.71,73.33,2011-04-18 15:31:00,2011-06-03 15:43:00,46,189,6
15509,United Kingdom,152.41,1,58,152.41,152.41,58.0,2010-11-24 14:48:00,2010-11-24 14:48:00,0,380,1
15510,United Kingdom,250.0,1,2,250.0,250.0,2.0,2011-01-13 12:10:00,2011-01-13 12:10:00,0,331,1
15511,United Kingdom,900.53,5,269,180.11,180.11,53.8,2011-09-15 15:05:00,2011-11-28 09:43:00,73,12,5
15512,United Kingdom,331.58,4,235,82.9,82.9,58.75,2010-02-01 13:23:00,2011-07-07 10:20:00,520,156,4
15513,United Kingdom,26437.05,35,10477,755.34,755.34,299.34,2010-01-13 14:59:00,2011-11-06 14:36:00,661,33,35
15514,United Kingdom,6392.06,18,4087,355.11,355.11,227.06,2009-12-04 16:37:00,2011-11-27 14:40:00,722,12,18
15515,United Kingdom,171.81,1,131,171.81,171.81,131.0,2010-11-17 13:39:00,2010-11-17 13:39:00,0,387,1
15516,United Kingdom,62.43,3,27,20.81,20.81,9.0,2011-10-24 11:33:00,2011-10-26 10:51:00,1,45,3
15517,United Kingdom,267.03,1,293,267.03,267.03,293.0,2011-04-20 14:02:00,2011-04-20 14:02:00,0,233,1
15518,United Kingdom,4189.99,15,2810,279.33,279.33,187.33,2009-12-20 12:21:00,2011-10-06 13:05:00,655,64,15
15519,United Kingdom,344.61,2,116,172.3,172.3,58.0,2010-09-19 13:57:00,2010-11-21 14:35:00,63,383,2
15520,United Kingdom,343.5,1,314,343.5,343.5,314.0,2011-12-08 10:58:00,2011-12-08 10:58:00,0,2,1
15521,United Kingdom,7098.24,16,4507,443.64,443.64,281.69,2010-01-05 10:19:00,2011-10-30 13:42:00,663,40,16
15522,United Kingdom,397.99,2,572,199.0,199.0,286.0,2011-09-13 12:26:00,2011-11-07 11:26:00,54,33,2
15523,United Kingdom,17259.19,16,15633,1078.7,1078.7,977.06,2009-12-02 15:16:00,2011-09-16 16:29:00,653,84,16
15524,United Kingdom,591.4,2,28,295.7,295.7,14.0,2010-04-12 09:19:00,2011-11-15 12:09:00,582,25,2
15525,United Kingdom,890.22,4,527,222.56,222.56,131.75,2010-11-22 12:10:00,2011-12-07 14:43:00,380,2,4
15526,United Kingdom,148.44,2,24,74.22,74.22,12.0,2011-11-06 15:01:00,2011-11-06 15:04:00,0,33,2
15527,United Kingdom,5554.89,23,2211,241.52,241.52,96.13,2009-12-15 17:31:00,2011-11-21 12:17:00,705,19,23
15528,United Kingdom,229.33,1,123,229.33,229.33,123.0,2011-03-30 16:14:00,2011-03-30 16:14:00,0,254,1
15529,United Kingdom,4783.66,12,4271,398.64,398.64,355.92,2010-11-10 14:26:00,2011-11-17 11:29:00,371,23,12
15530,United Kingdom,1808.68,5,1328,361.74,361.74,265.6,2010-07-15 11:10:00,2011-11-18 12:25:00,491,22,5
15531,United Kingdom,1972.39,2,1085,986.2,986.2,542.5,2011-11-09 17:47:00,2011-12-01 18:43:00,22,8,2
15532,United Kingdom,3738.85,10,1337,373.88,373.88,133.7,2010-06-08 14:52:00,2011-11-14 14:51:00,523,25,10
15533,United Kingdom,807.57,3,289,269.19,269.19,96.33,2011-09-11 15:41:00,2011-11-20 15:35:00,69,19,3
15534,United Kingdom,162.25,1,63,162.25,162.25,63.0,2009-12-14 12:48:00,2009-12-14 12:48:00,0,726,1
15535,United Kingdom,1044.37,6,314,174.06,174.06,52.33,2010-09-16 20:04:00,2011-06-19 16:02:00,275,173,6
15536,United Kingdom,259.09,1,242,259.09,259.09,242.0,2010-10-26 16:31:00,2010-10-26 16:31:00,0,409,1
15537,United Kingdom,110.92,1,29,110.92,110.92,29.0,2011-06-29 13:10:00,2011-06-29 13:10:00,0,163,1
15538,United Kingdom,3358.4,6,1016,559.73,559.73,169.33,2010-02-14 12:38:00,2010-06-20 10:49:00,125,538,6
15539,United Kingdom,538.46,1,410,538.46,538.46,410.0,2011-12-02 13:36:00,2011-12-02 13:36:00,0,7,1
15540,United Kingdom,460.68,2,444,230.34,230.34,222.0,2010-11-29 11:10:00,2011-11-28 13:51:00,364,11,2
15541,United Kingdom,85.13,1,49,85.13,85.13,49.0,2011-08-17 14:58:00,2011-08-17 14:58:00,0,114,1
15542,United Kingdom,855.71,3,418,285.24,285.24,139.33,2009-12-02 11:53:00,2010-07-15 13:32:00,225,512,3
15543,United Kingdom,242.26,2,167,121.13,121.13,83.5,2010-09-06 11:28:00,2011-02-24 15:26:00,171,288,2
15544,United Kingdom,7807.89,20,6745,390.39,390.39,337.25,2010-01-28 14:39:00,2011-11-30 16:43:00,671,9,20
15545,United Kingdom,288.97,2,162,144.49,144.49,81.0,2010-12-03 17:28:00,2011-10-16 13:24:00,316,54,2
15546,United Kingdom,1079.1,2,198,539.55,539.55,99.0,2010-04-12 11:45:00,2010-04-12 11:51:00,0,607,2
15547,United Kingdom,10057.05,26,7278,386.81,386.81,279.92,2009-12-06 13:40:00,2011-12-02 12:52:00,725,7,26
15548,United Kingdom,158.09,1,64,158.09,158.09,64.0,2010-04-23 12:20:00,2010-04-23 12:20:00,0,596,1
15549,United Kingdom,2334.16,8,936,291.77,291.77,117.0,2010-01-11 13:16:00,2011-09-23 16:22:00,620,77,8
15550,United Kingdom,2211.05,12,1139,184.25,184.25,94.92,2009-12-03 15:15:00,2011-12-05 15:38:00,732,4,12
15551,United Kingdom,1679.81,7,796,239.97,239.97,113.71,2010-06-07 15:05:00,2011-11-03 12:37:00,513,37,7
15552,United Kingdom,252.52,2,166,126.26,126.26,83.0,2010-03-26 16:17:00,2011-05-06 14:47:00,405,217,2
15553,United Kingdom,428.93,1,449,428.93,428.93,449.0,2011-10-10 14:02:00,2011-10-10 14:02:00,0,60,1
15554,United Kingdom,217.2,1,74,217.2,217.2,74.0,2011-03-07 09:00:00,2011-03-07 09:00:00,0,278,1
15555,United Kingdom,11243.91,36,8511,312.33,312.33,236.42,2009-12-06 11:58:00,2011-11-27 16:19:00,721,12,36
15556,United Kingdom,279.77,1,236,279.77,279.77,236.0,2011-11-15 16:08:00,2011-11-15 16:08:00,0,24,1
15557,United Kingdom,468.91,1,213,468.91,468.91,213.0,2011-11-11 12:46:00,2011-11-11 12:46:00,0,29,1
15558,United Kingdom,202.68,1,73,202.68,202.68,73.0,2010-03-10 15:25:00,2010-03-10 15:25:00,0,639,1
15559,United Kingdom,1109.4,1,526,1109.4,1109.4,526.0,2010-05-20 14:06:00,2010-05-20 14:06:00,0,568,1
15560,United Kingdom,153.52,2,72,76.76,76.76,36.0,2010-11-07 10:14:00,2010-11-07 10:15:00,0,398,2
15561,United Kingdom,1934.39,8,1334,241.8,241.8,166.75,2010-02-14 12:22:00,2011-11-28 11:07:00,651,12,8
15562,United Kingdom,671.43,3,560,223.81,223.81,186.67,2009-12-13 15:17:00,2010-12-23 09:55:00,374,352,3
15563,United Kingdom,2859.46,7,3005,408.49,408.49,429.29,2010-01-28 11:36:00,2011-11-17 14:50:00,658,22,7
15564,United Kingdom,70.74,2,42,35.37,35.37,21.0,2010-02-01 15:58:00,2010-09-02 15:52:00,212,463,2
15565,United Kingdom,173.16,2,60,86.58,86.58,30.0,2011-09-30 10:44:00,2011-10-20 14:33:00,20,50,2
15566,United Kingdom,227.87,2,153,113.94,113.94,76.5,2009-12-15 14:53:00,2010-11-12 12:11:00,331,393,2
15567,United Kingdom,186.01,1,223,186.01,186.01,223.0,2011-11-21 10:48:00,2011-11-21 10:48:00,0,19,1
15568,United Kingdom,758.29,3,461,252.76,252.76,153.67,2011-09-27 14:37:00,2011-12-07 11:27:00,70,3,3
15569,United Kingdom,3583.45,10,1734,358.34,358.34,173.4,2010-02-28 10:55:00,2011-08-28 10:15:00,545,104,10
15570,United Kingdom,8736.49,25,4079,349.46,349.46,163.16,2010-03-28 14:04:00,2011-12-02 14:47:00,614,7,25
15571,United Kingdom,3892.35,14,2411,278.02,278.02,172.21,2009-12-06 12:10:00,2011-11-28 10:02:00,721,12,14
15572,United Kingdom,3965.2,10,2089,396.52,396.52,208.9,2010-04-14 14:38:00,2011-12-05 10:09:00,599,5,10
15573,United Kingdom,1188.42,5,770,237.68,237.68,154.0,2009-12-10 14:19:00,2011-11-08 11:38:00,697,32,5
15574,United Kingdom,1101.44,6,750,183.57,183.57,125.0,2010-09-01 14:37:00,2011-06-15 12:01:00,286,178,6
15575,United Kingdom,30.1,1,6,30.1,30.1,6.0,2010-03-30 12:50:00,2010-03-30 12:50:00,0,620,1
15576,United Kingdom,921.37,1,394,921.37,921.37,394.0,2011-11-02 12:03:00,2011-11-02 12:03:00,0,38,1
15577,United Kingdom,396.03,5,120,79.21,79.21,24.0,2009-12-13 16:17:00,2011-07-11 17:03:00,575,151,5
15578,United Kingdom,127.1,1,52,127.1,127.1,52.0,2011-06-30 13:03:00,2011-06-30 13:03:00,0,162,1
15579,United Kingdom,1250.63,5,713,250.13,250.13,142.6,2010-10-03 14:37:00,2011-10-02 12:45:00,363,69,5
15580,United Kingdom,1375.39,8,955,171.92,171.92,119.38,2010-02-07 11:21:00,2010-11-28 11:00:00,293,377,8
15581,United Kingdom,7480.4,38,3028,196.85,196.85,79.68,2009-12-02 12:19:00,2011-08-11 09:38:00,616,121,38
15582,United Kingdom,682.91,3,453,227.64,227.64,151.0,2011-05-03 13:36:00,2011-11-15 09:55:00,195,25,3
15583,United Kingdom,95.96,1,56,95.96,95.96,56.0,2010-11-28 15:04:00,2010-11-28 15:04:00,0,376,1
15584,United Kingdom,1268.2,6,483,211.37,211.37,80.5,2010-02-07 12:16:00,2011-11-16 10:55:00,646,24,6
15585,United Kingdom,455.3,1,320,455.3,455.3,320.0,2011-06-16 08:38:00,2011-06-16 08:38:00,0,177,1
15586,United Kingdom,1139.1,3,1338,379.7,379.7,446.0,2010-01-08 10:02:00,2010-04-26 11:00:00,108,593,3
15587,United Kingdom,1522.08,7,528,217.44,217.44,75.43,2010-08-05 08:44:00,2011-10-20 13:37:00,441,50,7
15588,United Kingdom,579.6,1,96,579.6,579.6,96.0,2010-01-31 12:19:00,2010-01-31 12:19:00,0,678,1
15589,United Kingdom,478.53,3,243,159.51,159.51,81.0,2011-02-02 10:46:00,2011-03-29 09:54:00,54,256,3
15590,United Kingdom,1496.6,5,832,299.32,299.32,166.4,2010-04-12 10:09:00,2010-11-22 14:49:00,224,382,5
15591,United Kingdom,217.9,3,58,72.63,72.63,19.33,2010-02-04 09:20:00,2010-05-06 09:23:00,91,583,3
15592,United Kingdom,388.58,1,354,388.58,388.58,354.0,2011-10-24 08:59:00,2011-10-24 08:59:00,0,47,1
15593,United Kingdom,199.8,1,60,199.8,199.8,60.0,2011-09-30 11:46:00,2011-09-30 11:46:00,0,71,1
15594,United Kingdom,1771.78,5,983,354.36,354.36,196.6,2011-04-19 10:08:00,2011-11-24 08:53:00,218,16,5
15595,United Kingdom,357.6,1,144,357.6,357.6,144.0,2010-08-09 12:27:00,2010-08-09 12:27:00,0,488,1
15596,United Kingdom,2727.72,9,1208,303.08,303.08,134.22,2010-07-28 11:46:00,2011-08-31 10:55:00,398,101,9
15597,United Kingdom,563.37,2,393,281.68,281.68,196.5,2010-05-13 13:10:00,2011-11-04 13:26:00,540,35,2
15598,United Kingdom,548.02,2,404,274.01,274.01,202.0,2010-10-08 09:20:00,2011-10-17 16:04:00,374,53,2
15599,United Kingdom,1250.06,3,1098,416.69,416.69,366.0,2010-09-20 10:15:00,2011-11-13 11:44:00,419,27,3
15600,United Kingdom,1199.31,4,657,299.83,299.83,164.25,2010-04-25 11:50:00,2010-10-07 14:30:00,165,428,4
15601,United Kingdom,14191.74,30,10395,473.06,473.06,346.5,2009-12-01 14:53:00,2011-11-28 15:15:00,727,11,30
15602,United Kingdom,3137.96,16,2292,196.12,196.12,143.25,2009-12-02 09:35:00,2011-12-01 14:14:00,729,8,16
15603,United Kingdom,88.48,2,128,44.24,44.24,64.0,2010-03-01 16:02:00,2011-09-22 10:04:00,569,79,2
15604,United Kingdom,216.39,1,159,216.39,216.39,159.0,2011-10-18 14:47:00,2011-10-18 14:47:00,0,52,1
15605,United Kingdom,1741.95,9,641,193.55,193.55,71.22,2010-01-14 14:03:00,2011-11-03 14:17:00,658,36,9
15606,United Kingdom,5230.99,17,1615,307.71,307.71,95.0,2010-03-02 14:48:00,2011-10-09 15:47:00,586,61,17
15607,United Kingdom,1708.97,9,1470,189.89,189.89,163.33,2010-01-08 12:16:00,2011-01-07 12:44:00,364,337,9
15608,United Kingdom,1785.98,5,1262,357.2,357.2,252.4,2010-10-20 10:10:00,2011-11-11 13:20:00,387,28,5
15609,United Kingdom,298.48,1,148,298.48,298.48,148.0,2011-06-08 13:00:00,2011-06-08 13:00:00,0,184,1
15610,United Kingdom,112.46,1,66,112.46,112.46,66.0,2011-10-19 10:36:00,2011-10-19 10:36:00,0,52,1
15611,United Kingdom,2997.28,26,747,115.28,115.28,28.73,2010-01-25 14:50:00,2011-11-30 12:36:00,673,10,26
15612,United Kingdom,195.15,2,52,97.58,97.58,26.0,2011-10-09 12:49:00,2011-11-03 14:52:00,25,36,2
15613,United Kingdom,433.72,1,700,433.72,433.72,700.0,2010-04-08 12:51:00,2010-04-08 12:51:00,0,610,1
15614,United Kingdom,3147.36,4,1632,786.84,786.84,408.0,2010-03-23 11:13:00,2010-09-28 10:46:00,188,438,4
15615,United Kingdom,21373.97,47,12090,454.77,454.77,257.23,2009-12-02 15:28:00,2011-11-29 14:42:00,726,10,47
15616,United Kingdom,317.11,1,137,317.11,317.11,137.0,2010-09-27 13:10:00,2010-09-27 13:10:00,0,438,1
15617,United Kingdom,828.55,3,485,276.18,276.18,161.67,2010-07-20 13:16:00,2010-11-08 16:07:00,111,396,3
15618,United Kingdom,776.85,4,454,194.21,194.21,113.5,2011-07-26 10:13:00,2011-11-07 08:34:00,103,33,4
15619,United Kingdom,336.4,1,136,336.4,336.4,136.0,2011-11-29 08:14:00,2011-11-29 08:14:00,0,11,1
15620,United Kingdom,1942.36,4,1249,485.59,485.59,312.25,2010-10-26 11:32:00,2011-10-14 12:41:00,353,57,4
15621,United Kingdom,1293.03,4,501,323.26,323.26,125.25,2011-11-18 11:49:00,2011-12-05 14:01:00,17,4,4
15622,United Kingdom,7852.61,17,4091,461.92,461.92,240.65,2010-03-04 10:29:00,2011-10-27 16:44:00,602,43,17
15623,United Kingdom,2437.05,8,1087,304.63,304.63,135.88,2009-12-10 14:46:00,2011-07-21 17:26:00,588,141,8
15624,United Kingdom,588.13,4,357,147.03,147.03,89.25,2011-03-28 13:32:00,2011-08-15 11:38:00,139,117,4
15625,United Kingdom,3236.4,9,3020,359.6,359.6,335.56,2010-06-15 15:23:00,2011-08-28 10:21:00,438,104,9
15626,United Kingdom,1067.52,3,1138,355.84,355.84,379.33,2010-10-14 17:16:00,2011-09-26 10:03:00,346,75,3
15627,United Kingdom,566.9,2,344,283.45,283.45,172.0,2010-07-05 11:56:00,2010-09-08 14:14:00,65,457,2
15628,United Kingdom,5333.08,17,3569,313.71,313.71,209.94,2009-12-13 13:39:00,2011-12-05 10:24:00,721,5,17
15629,United Kingdom,2240.9,4,1518,560.22,560.22,379.5,2010-06-25 11:39:00,2010-09-15 13:46:00,82,450,4
15630,United Kingdom,1481.4,3,987,493.8,493.8,329.0,2010-03-05 14:30:00,2011-10-25 15:36:00,599,45,3
15631,United Kingdom,596.67,1,525,596.67,596.67,525.0,2010-03-07 14:52:00,2010-03-07 14:52:00,0,642,1
15632,United Kingdom,3285.31,8,2109,410.66,410.66,263.62,2011-03-10 08:29:00,2011-11-24 09:51:00,259,16,8
15633,United Kingdom,4335.96,13,2048,333.54,333.54,157.54,2009-12-08 17:51:00,2010-07-18 13:54:00,221,509,13
15634,United Kingdom,554.65,2,227,277.32,277.32,113.5,2010-11-21 15:30:00,2011-11-22 16:28:00,366,17,2
15635,United Kingdom,100.35,1,5,100.35,100.35,5.0,2010-11-09 08:58:00,2010-11-09 08:58:00,0,396,1
15636,United Kingdom,1444.58,4,560,361.14,361.14,140.0,2010-05-19 11:37:00,2011-09-11 11:17:00,479,90,4
15637,United Kingdom,797.59,5,651,159.52,159.52,130.2,2009-12-15 17:54:00,2011-10-18 08:28:00,671,53,5
15638,United Kingdom,2265.2,6,1134,377.53,377.53,189.0,2010-04-08 14:37:00,2010-11-26 11:52:00,231,379,6
15639,United Kingdom,1065.08,3,849,355.03,355.03,283.0,2010-04-13 13:11:00,2011-07-28 14:30:00,471,134,3
15640,United Kingdom,23494.31,29,12140,810.15,810.15,418.62,2009-12-14 16:36:00,2011-12-05 14:35:00,720,4,29
15641,United Kingdom,5345.55,12,4422,445.46,445.46,368.5,2009-12-06 15:31:00,2011-08-26 14:04:00,627,105,12
15642,United Kingdom,105.78,1,270,105.78,105.78,270.0,2009-12-10 11:51:00,2009-12-10 11:51:00,0,730,1
15643,United Kingdom,664.0,3,246,221.33,221.33,82.0,2011-03-02 14:34:00,2011-06-01 07:38:00,90,192,3
15644,United Kingdom,803.54,4,550,200.88,200.88,137.5,2011-03-23 15:37:00,2011-06-26 14:54:00,94,166,4
15645,United Kingdom,1055.17,3,396,351.72,351.72,132.0,2010-10-10 12:51:00,2011-11-21 11:55:00,406,19,3
15646,United Kingdom,784.81,5,821,156.96,156.96,164.2,2010-10-25 13:06:00,2011-07-05 09:53:00,252,158,5
15647,United Kingdom,169.0,1,124,169.0,169.0,124.0,2010-10-20 15:09:00,2010-10-20 15:09:00,0,415,1
15648,United Kingdom,639.5,2,218,319.75,319.75,109.0,2011-03-17 18:59:00,2011-05-19 15:53:00,62,204,2
15649,United Kingdom,1660.35,4,365,415.09,415.09,91.25,2010-11-17 16:22:00,2011-01-07 13:34:00,50,336,4
15650,United Kingdom,553.88,2,210,276.94,276.94,105.0,2010-03-21 11:46:00,2010-07-06 10:41:00,106,522,2
15651,United Kingdom,1259.06,5,871,251.81,251.81,174.2,2010-04-22 13:26:00,2011-11-03 08:41:00,559,37,5
15652,United Kingdom,1405.94,5,657,281.19,281.19,131.4,2010-08-11 16:58:00,2011-09-09 14:22:00,393,91,5
15653,United Kingdom,877.44,2,1200,438.72,438.72,600.0,2011-08-16 09:50:00,2011-09-08 10:49:00,23,93,2
15654,United Kingdom,922.53,2,475,461.26,461.26,237.5,2011-11-13 15:15:00,2011-11-30 13:08:00,16,9,2
15655,United Kingdom,560.67,1,324,560.67,560.67,324.0,2011-04-10 15:25:00,2011-04-10 15:25:00,0,243,1
15656,United Kingdom,748.5,4,343,187.12,187.12,85.75,2011-02-28 15:32:00,2011-10-25 14:56:00,238,45,4
15657,United Kingdom,30.0,1,24,30.0,30.0,24.0,2011-11-17 12:19:00,2011-11-17 12:19:00,0,23,1
15658,United Kingdom,2117.27,8,627,264.66,264.66,78.38,2009-12-03 11:19:00,2011-06-02 15:22:00,546,190,8
15659,United Kingdom,532.49,3,161,177.5,177.5,53.67,2010-02-24 13:32:00,2011-10-27 09:23:00,609,44,3
15660,United Kingdom,2603.69,15,1783,173.58,173.58,118.87,2010-02-05 16:01:00,2011-11-14 16:58:00,647,25,15
15661,United Kingdom,1215.95,8,779,151.99,151.99,97.38,2010-05-10 07:59:00,2011-01-26 13:56:00,261,317,8
15662,United Kingdom,283.73,2,145,141.86,141.86,72.5,2009-12-01 13:49:00,2010-02-16 16:47:00,77,661,2
15663,United Kingdom,138.14,1,106,138.14,138.14,106.0,2011-08-25 15:50:00,2011-08-25 15:50:00,0,106,1
15664,United Kingdom,1254.03,4,530,313.51,313.51,132.5,2010-02-28 12:50:00,2011-10-20 10:57:00,598,51,4
15665,United Kingdom,3987.07,5,2777,797.41,797.41,555.4,2010-03-14 15:07:00,2011-06-24 14:57:00,466,168,5
15666,United Kingdom,632.94,2,469,316.47,316.47,234.5,2010-08-01 15:41:00,2010-08-24 16:14:00,23,472,2
15667,United Kingdom,301.32,1,240,301.32,301.32,240.0,2011-10-31 10:56:00,2011-10-31 10:56:00,0,40,1
15668,United Kingdom,76.32,1,72,76.32,76.32,72.0,2011-05-06 10:39:00,2011-05-06 10:39:00,0,218,1
15669,United Kingdom,684.34,4,342,171.08,171.08,85.5,2011-03-21 09:13:00,2011-10-30 16:03:00,223,40,4
15670,United Kingdom,325.2,2,132,162.6,162.6,66.0,2010-06-01 15:34:00,2011-02-16 10:50:00,259,297,2
15671,United Kingdom,2657.13,7,1699,379.59,379.59,242.71,2011-03-14 09:37:00,2011-11-21 12:43:00,252,19,7
15672,United Kingdom,45.3,1,10,45.3,45.3,10.0,2009-12-14 16:52:00,2009-12-14 16:52:00,0,725,1
15673,United Kingdom,6204.32,9,3274,689.37,689.37,363.78,2010-02-22 14:28:00,2011-09-12 16:12:00,567,88,9
15674,United Kingdom,6948.23,13,3648,534.48,534.48,280.62,2009-12-08 17:08:00,2011-09-27 15:17:00,657,73,13
15675,United Kingdom,542.04,4,624,135.51,135.51,156.0,2010-10-31 14:14:00,2011-09-19 13:48:00,322,81,4
15676,United Kingdom,3435.76,3,2252,1145.25,1145.25,750.67,2011-03-01 10:19:00,2011-11-21 12:40:00,265,19,3
15677,United Kingdom,1305.63,3,675,435.21,435.21,225.0,2010-09-02 12:08:00,2011-10-21 15:36:00,414,49,3
15678,United Kingdom,1825.94,3,1022,608.65,608.65,340.67,2010-07-05 12:49:00,2011-10-18 09:25:00,469,53,3
15679,United Kingdom,781.28,4,1170,195.32,195.32,292.5,2011-06-10 08:24:00,2011-11-15 16:19:00,158,24,4
15680,United Kingdom,4028.69,10,2743,402.87,402.87,274.3,2009-12-02 12:15:00,2011-11-30 13:46:00,728,9,10
15681,United Kingdom,2989.7,14,1392,213.55,213.55,99.43,2010-05-24 14:18:00,2011-11-14 16:30:00,539,25,14
15682,United Kingdom,318.24,2,222,159.12,159.12,111.0,2010-01-21 14:37:00,2010-04-19 15:30:00,88,599,2
15683,United Kingdom,524.54,2,332,262.27,262.27,166.0,2010-08-23 12:01:00,2011-08-14 12:56:00,356,117,2
15684,United Kingdom,173.95,3,77,57.98,57.98,25.67,2009-12-04 16:13:00,2010-06-10 18:51:00,188,547,3
15685,United Kingdom,55.98,1,36,55.98,55.98,36.0,2010-09-15 13:43:00,2010-09-15 13:43:00,0,450,1
15686,United Kingdom,90.0,1,72,90.0,90.0,72.0,2010-10-15 13:50:00,2010-10-15 13:50:00,0,420,1
15687,United Kingdom,2993.1,9,1310,332.57,332.57,145.56,2011-01-13 15:13:00,2011-12-01 08:33:00,321,9,9
15688,United Kingdom,190.57,1,95,190.57,190.57,95.0,2010-10-17 12:06:00,2010-10-17 12:06:00,0,419,1
15689,United Kingdom,521.03,3,207,173.68,173.68,69.0,2010-04-01 09:53:00,2011-08-12 09:37:00,497,120,3
15690,United Kingdom,239.76,2,408,119.88,119.88,204.0,2011-08-31 11:40:00,2011-12-05 15:59:00,96,4,2
15691,United Kingdom,571.3,4,212,142.82,142.82,53.0,2009-12-06 16:01:00,2011-04-01 15:13:00,480,252,4
15692,United Kingdom,191.04,1,138,191.04,191.04,138.0,2011-11-11 14:12:00,2011-11-11 14:12:00,0,28,1
15693,United Kingdom,37.5,1,30,37.5,37.5,30.0,2010-02-18 14:37:00,2010-02-18 14:37:00,0,659,1
15694,United Kingdom,9978.48,24,2467,415.77,415.77,102.79,2009-12-07 15:43:00,2011-12-09 09:44:00,731,1,24
15695,United Kingdom,1131.04,4,484,282.76,282.76,121.0,2010-01-27 10:56:00,2011-03-18 08:32:00,414,267,4
15696,United Kingdom,3881.22,13,1386,298.56,298.56,106.62,2010-01-24 14:36:00,2011-11-06 14:02:00,650,33,13
15697,United Kingdom,246.75,1,127,246.75,246.75,127.0,2010-01-19 09:10:00,2010-01-19 09:10:00,0,690,1
15698,United Kingdom,46.2,1,60,46.2,46.2,60.0,2010-03-25 17:38:00,2010-03-25 17:38:00,0,624,1
15699,United Kingdom,309.65,1,113,309.65,309.65,113.0,2011-11-22 08:26:00,2011-11-22 08:26:00,0,18,1
15700,United Kingdom,696.68,2,357,348.34,348.34,178.5,2011-06-19 15:36:00,2011-06-20 16:53:00,1,172,2
15701,United Kingdom,1529.0,4,912,382.25,382.25,228.0,2011-08-21 12:36:00,2011-12-07 14:39:00,108,2,4
15702,Nigeria,140.39,2,103,70.19,70.19,51.5,2010-01-26 17:23:00,2010-08-20 14:50:00,205,476,2
15703,United Kingdom,211.5,1,66,211.5,211.5,66.0,2011-03-20 10:51:00,2011-03-20 10:51:00,0,265,1
15704,United Kingdom,3734.66,6,1709,622.44,622.44,284.83,2010-05-05 14:51:00,2011-07-22 13:35:00,442,140,6
15705,United Kingdom,143.1,1,62,143.1,143.1,62.0,2011-05-22 15:37:00,2011-05-22 15:37:00,0,201,1
15706,United Kingdom,1060.56,4,321,265.14,265.14,80.25,2011-08-15 14:32:00,2011-10-07 10:09:00,52,64,4
15707,United Kingdom,916.98,4,594,229.24,229.24,148.5,2011-09-14 14:19:00,2011-11-04 14:35:00,51,35,4
15708,United Kingdom,3887.15,9,1465,431.91,431.91,162.78,2010-10-10 11:33:00,2011-10-30 10:54:00,384,41,9
15709,United Kingdom,327.85,2,169,163.92,163.92,84.5,2010-04-29 18:31:00,2011-03-01 10:38:00,305,284,2
15710,United Kingdom,898.87,1,641,898.87,898.87,641.0,2010-10-18 17:05:00,2010-10-18 17:05:00,0,417,1
15711,United Kingdom,420.25,2,199,210.12,210.12,99.5,2010-01-24 12:13:00,2010-06-01 12:14:00,128,557,2
15712,United Kingdom,3472.41,12,1277,289.37,289.37,106.42,2009-12-01 11:17:00,2011-11-30 14:09:00,729,9,12
15713,United Kingdom,839.64,4,451,209.91,209.91,112.75,2009-12-16 09:41:00,2011-07-19 13:34:00,580,143,4
15714,United Kingdom,783.96,5,361,156.79,156.79,72.2,2010-06-02 12:08:00,2011-11-28 11:26:00,543,12,5
15715,United Kingdom,658.02,5,246,131.6,131.6,49.2,2010-03-30 12:17:00,2010-06-02 09:56:00,63,556,5
15716,United Kingdom,2485.26,11,1379,225.93,225.93,125.36,2009-12-07 12:42:00,2011-07-17 11:59:00,586,146,11
15717,United Kingdom,607.0,5,224,121.4,121.4,44.8,2010-04-26 10:41:00,2011-04-19 13:21:00,358,234,5
15718,United Kingdom,293.79,1,95,293.79,293.79,95.0,2010-06-17 16:20:00,2010-06-17 16:20:00,0,540,1
15719,United Kingdom,10195.97,31,5356,328.9,328.9,172.77,2009-12-01 12:47:00,2011-11-07 12:29:00,705,33,31
15720,United Kingdom,739.22,2,327,369.61,369.61,163.5,2010-06-07 15:40:00,2011-11-15 14:48:00,525,24,2
15721,United Kingdom,471.4,1,388,471.4,471.4,388.0,2011-11-28 12:14:00,2011-11-28 12:14:00,0,12,1
15722,United Kingdom,5234.0,11,2279,475.82,475.82,207.18,2010-03-09 15:05:00,2011-11-04 11:43:00,604,36,11
15723,United Kingdom,930.7,4,427,232.68,232.68,106.75,2010-05-14 12:55:00,2010-12-10 11:12:00,209,365,4
15724,United Kingdom,310.85,3,117,103.62,103.62,39.0,2010-11-04 10:22:00,2011-05-22 14:40:00,199,201,3
15725,United Kingdom,415.25,1,221,415.25,415.25,221.0,2011-11-24 14:51:00,2011-11-24 14:51:00,0,15,1
15726,United Kingdom,321.91,1,123,321.91,321.91,123.0,2010-11-14 16:12:00,2010-11-14 16:12:00,0,390,1
15727,United Kingdom,9371.71,15,5908,624.78,624.78,393.87,2010-01-24 12:12:00,2011-11-23 12:36:00,668,17,15
15728,United Kingdom,544.6,2,132,272.3,272.3,66.0,2010-09-21 14:46:00,2010-11-25 10:39:00,64,380,2
15729,United Kingdom,192.55,3,47,64.18,64.18,15.67,2010-11-01 13:44:00,2011-05-11 12:36:00,190,213,3
15730,United Kingdom,1726.58,5,1061,345.32,345.32,212.2,2010-10-04 14:15:00,2011-10-05 12:31:00,365,66,5
15731,United Kingdom,125.3,1,122,125.3,125.3,122.0,2010-06-04 10:10:00,2010-06-04 10:10:00,0,554,1
15732,United Kingdom,1543.97,10,1264,154.4,154.4,126.4,2010-02-04 10:10:00,2011-05-11 14:24:00,461,212,10
15733,United Kingdom,162.3,1,62,162.3,162.3,62.0,2011-03-02 09:05:00,2011-03-02 09:05:00,0,283,1
15734,United Kingdom,2263.3,4,516,565.83,565.83,129.0,2010-06-10 14:25:00,2011-08-17 10:50:00,432,115,4
15735,United Kingdom,327.68,1,206,327.68,327.68,206.0,2010-10-14 13:38:00,2010-10-14 13:38:00,0,421,1
15736,United Kingdom,1767.12,2,1208,883.56,883.56,604.0,2010-09-30 14:19:00,2010-09-30 14:20:00,0,435,2
15737,United Kingdom,1188.12,8,597,148.51,148.51,74.62,2011-04-11 10:01:00,2011-11-25 11:21:00,228,15,8
15738,United Kingdom,13043.32,41,9030,318.13,318.13,220.24,2009-12-10 15:52:00,2011-11-21 08:26:00,710,19,41
15739,United Kingdom,449.12,1,472,449.12,449.12,472.0,2011-10-04 13:42:00,2011-10-04 13:42:00,0,66,1
15740,United Kingdom,154.88,1,152,154.88,154.88,152.0,2011-10-21 14:29:00,2011-10-21 14:29:00,0,49,1
15741,United Kingdom,208.62,2,70,104.31,104.31,35.0,2010-03-31 11:55:00,2010-09-07 16:21:00,160,458,2
15742,United Kingdom,156.87,1,51,156.87,156.87,51.0,2010-03-30 15:25:00,2010-03-30 15:25:00,0,619,1
15743,United Kingdom,775.96,4,214,193.99,193.99,53.5,2011-06-08 10:14:00,2011-11-23 17:19:00,168,16,4
15744,United Kingdom,34.8,1,120,34.8,34.8,120.0,2011-09-23 09:52:00,2011-09-23 09:52:00,0,78,1
15745,United Kingdom,1094.59,4,421,273.65,273.65,105.25,2011-04-17 13:04:00,2011-11-20 13:45:00,217,19,4
15746,United Kingdom,196.88,1,178,196.88,196.88,178.0,2011-07-28 15:21:00,2011-07-28 15:21:00,0,134,1
15747,United Kingdom,2499.81,9,1344,277.76,277.76,149.33,2010-01-18 11:21:00,2011-11-27 12:26:00,678,13,9
15748,United Kingdom,609.81,3,261,203.27,203.27,87.0,2010-09-16 16:52:00,2011-10-30 12:51:00,408,40,3
15749,United Kingdom,44534.3,3,18028,14844.77,14844.77,6009.33,2011-01-11 12:55:00,2011-04-18 13:20:00,97,235,3
15750,United Kingdom,6452.99,18,4281,358.5,358.5,237.83,2009-12-01 17:19:00,2011-12-07 12:34:00,735,3,18
15751,United Kingdom,1380.44,11,443,125.49,125.49,40.27,2009-12-06 13:08:00,2010-09-05 12:44:00,272,461,11
15752,United Kingdom,3924.91,9,2792,436.1,436.1,310.22,2010-09-08 11:56:00,2011-10-31 11:37:00,417,40,9
15753,United Kingdom,79.2,1,144,79.2,79.2,144.0,2011-02-08 12:41:00,2011-02-08 12:41:00,0,305,1
15754,United Kingdom,3037.61,9,1762,337.51,337.51,195.78,2010-02-22 13:31:00,2011-10-19 14:40:00,604,51,9
15755,United Kingdom,5993.12,17,4034,352.54,352.54,237.29,2009-12-04 08:24:00,2011-11-29 14:57:00,725,10,17
15756,United Kingdom,528.01,4,241,132.0,132.0,60.25,2011-04-04 14:00:00,2011-10-09 13:30:00,187,61,4
15757,United Kingdom,2940.36,6,1757,490.06,490.06,292.83,2010-06-10 13:47:00,2011-10-05 12:14:00,481,66,6
15758,United Kingdom,205.25,1,47,205.25,205.25,47.0,2011-11-15 10:48:00,2011-11-15 10:48:00,0,25,1
15759,United Kingdom,830.93,7,523,118.7,118.7,74.71,2009-12-02 10:08:00,2011-05-05 15:13:00,519,218,7
15760,Norway,13916.34,2,2,6958.17,6958.17,1.0,2010-03-19 11:35:00,2010-03-19 11:45:00,0,631,2
15761,United Kingdom,143.05,1,31,143.05,143.05,31.0,2010-09-23 09:33:00,2010-09-23 09:33:00,0,443,1
15762,United Kingdom,583.75,2,251,291.88,291.88,125.5,2011-09-23 15:17:00,2011-10-05 16:15:00,12,65,2
15763,United Kingdom,1086.92,2,271,543.46,543.46,135.5,2011-09-23 12:10:00,2011-11-08 09:44:00,45,32,2
15764,United Kingdom,4503.08,8,2945,562.88,562.88,368.12,2010-08-18 13:58:00,2011-09-12 17:58:00,390,88,8
15765,United Kingdom,370.63,1,335,370.63,370.63,335.0,2010-02-11 10:25:00,2010-02-11 10:25:00,0,667,1
15766,United Kingdom,831.06,3,334,277.02,277.02,111.33,2010-01-26 15:55:00,2011-10-06 17:03:00,618,64,3
15768,United Kingdom,15308.89,34,4215,450.26,450.26,123.97,2009-12-03 12:10:00,2011-08-16 10:48:00,620,116,34
15769,United Kingdom,88612.52,46,49068,1926.36,1926.36,1066.7,2009-12-11 09:58:00,2011-12-02 13:52:00,721,7,46
15770,United Kingdom,321.45,1,67,321.45,321.45,67.0,2010-04-06 11:47:00,2010-04-06 11:47:00,0,613,1
15771,United Kingdom,1006.54,3,512,335.51,335.51,170.67,2010-01-15 12:14:00,2010-04-14 13:56:00,89,604,3
15772,United Kingdom,280.88,1,110,280.88,280.88,110.0,2010-10-17 13:33:00,2010-10-17 13:33:00,0,418,1
15773,United Kingdom,774.52,2,410,387.26,387.26,205.0,2010-10-26 15:27:00,2011-12-04 12:48:00,403,6,2
15774,United Kingdom,1288.34,6,465,214.72,214.72,77.5,2010-02-21 12:57:00,2011-10-02 12:04:00,587,69,6
15775,United Kingdom,150.5,2,260,75.25,75.25,130.0,2010-03-18 07:32:00,2011-04-08 12:56:00,386,245,2
15776,United Kingdom,241.62,1,138,241.62,241.62,138.0,2011-07-29 13:46:00,2011-07-29 13:46:00,0,133,1
15777,United Kingdom,1762.61,7,599,251.8,251.8,85.57,2010-05-20 10:37:00,2011-04-12 16:43:00,327,241,7
15778,United Kingdom,307.95,1,101,307.95,307.95,101.0,2010-10-04 15:10:00,2010-10-04 15:10:00,0,431,1
15779,United Kingdom,124.08,2,20,62.04,62.04,10.0,2010-06-25 15:55:00,2010-09-02 16:40:00,69,463,2
15780,United Kingdom,475.28,3,220,158.43,158.43,73.33,2010-12-17 11:43:00,2011-06-09 12:01:00,174,184,3
15781,United Kingdom,345.46,3,180,115.15,115.15,60.0,2011-02-07 09:15:00,2011-11-14 14:57:00,280,25,3
15782,United Kingdom,4014.1,4,1844,1003.52,1003.52,461.0,2010-10-05 15:43:00,2011-11-30 10:49:00,420,10,4
15783,United Kingdom,246.3,1,212,246.3,246.3,212.0,2011-11-29 09:50:00,2011-11-29 09:50:00,0,11,1
15784,United Kingdom,848.33,2,381,424.16,424.16,190.5,2010-02-05 14:42:00,2010-08-29 10:38:00,204,468,2
15785,United Kingdom,5969.93,16,4479,373.12,373.12,279.94,2009-12-15 16:28:00,2011-11-07 11:33:00,691,33,16
15786,United Kingdom,8501.62,5,5957,1700.32,1700.32,1191.4,2010-06-21 10:13:00,2011-10-24 14:13:00,490,46,5
15787,United Kingdom,933.26,3,534,311.09,311.09,178.0,2011-10-09 13:11:00,2011-11-13 14:55:00,35,26,3
15788,United Kingdom,221.83,1,115,221.83,221.83,115.0,2010-07-19 12:48:00,2010-07-19 12:48:00,0,509,1
15789,United Kingdom,1962.01,6,2499,327.0,327.0,416.5,2010-03-26 11:21:00,2010-12-16 14:35:00,265,358,6
15790,United Kingdom,218.75,1,113,218.75,218.75,113.0,2011-11-29 14:53:00,2011-11-29 14:53:00,0,10,1
15791,United Kingdom,3608.34,5,1970,721.67,721.67,394.0,2010-03-08 09:41:00,2011-10-27 10:14:00,598,44,5
15792,United Kingdom,933.84,2,606,466.92,466.92,303.0,2010-03-31 09:42:00,2010-11-05 08:21:00,218,400,2
15793,United Kingdom,2399.57,8,1685,299.95,299.95,210.62,2009-12-01 12:54:00,2011-11-25 09:31:00,723,15,8
15794,United Kingdom,777.0,2,288,388.5,388.5,144.0,2009-12-02 15:10:00,2009-12-03 13:04:00,0,736,2
15795,United Kingdom,1979.87,8,1411,247.48,247.48,176.38,2010-01-18 11:31:00,2011-07-13 10:43:00,540,150,8
15796,United Kingdom,5171.63,17,1733,304.21,304.21,101.94,2010-03-31 13:10:00,2011-12-08 19:55:00,617,1,17
15797,United Kingdom,2821.08,6,1281,470.18,470.18,213.5,2010-01-27 13:12:00,2011-08-18 17:04:00,568,113,6
15798,United Kingdom,1535.37,3,915,511.79,511.79,305.0,2010-01-27 11:55:00,2010-08-04 09:13:00,188,493,3
15799,United Kingdom,1421.34,4,1341,355.34,355.34,335.25,2010-10-17 14:26:00,2011-09-25 12:46:00,342,76,4
15800,United Kingdom,1227.07,7,575,175.3,175.3,82.14,2010-03-31 13:17:00,2011-08-24 14:23:00,511,107,7
15801,United Kingdom,1063.95,3,570,354.65,354.65,190.0,2011-08-22 09:53:00,2011-10-24 13:52:00,63,46,3
15802,United Kingdom,451.42,1,1,451.42,451.42,1.0,2011-07-20 11:38:00,2011-07-20 11:38:00,0,143,1
15803,United Kingdom,1929.66,4,1030,482.42,482.42,257.5,2010-02-01 16:29:00,2011-10-19 14:56:00,624,51,4
15804,United Kingdom,4206.39,13,2565,323.57,323.57,197.31,2011-05-25 10:12:00,2011-12-09 12:31:00,198,1,13
15805,United Kingdom,10148.93,30,6205,338.3,338.3,206.83,2009-12-10 12:57:00,2011-11-16 16:32:00,706,23,30
15806,United Kingdom,784.58,3,602,261.53,261.53,200.67,2011-03-08 09:24:00,2011-10-24 14:35:00,230,46,3
15807,United Kingdom,1817.52,5,1532,363.5,363.5,306.4,2010-02-11 15:32:00,2011-10-20 14:10:00,615,50,5
15808,United Kingdom,17180.25,21,6753,818.11,818.11,321.57,2009-12-01 16:30:00,2011-02-06 14:33:00,431,306,21
15809,United Kingdom,1274.44,7,700,182.06,182.06,100.0,2010-06-22 14:23:00,2011-11-03 16:40:00,499,36,7
15810,United Kingdom,2999.04,8,1653,374.88,374.88,206.62,2010-02-04 18:18:00,2011-09-22 09:38:00,594,79,8
15811,United Kingdom,3486.15,7,1781,498.02,498.02,254.43,2010-11-16 16:46:00,2011-11-17 15:31:00,365,22,7
15812,United Kingdom,5201.47,12,3450,433.46,433.46,287.5,2009-12-15 13:40:00,2011-08-24 14:19:00,617,107,12
15813,United Kingdom,1303.91,2,603,651.96,651.96,301.5,2011-04-14 09:09:00,2011-05-16 08:13:00,31,208,2
15814,United Kingdom,2634.44,6,1728,439.07,439.07,288.0,2010-04-15 14:31:00,2011-11-23 08:17:00,586,17,6
15815,United Kingdom,2100.6,5,1856,420.12,420.12,371.2,2011-03-25 08:43:00,2011-10-07 12:42:00,196,64,5
15816,United Kingdom,144.15,2,54,72.08,72.08,27.0,2010-06-15 12:54:00,2010-06-15 13:36:00,0,542,2
15817,United Kingdom,2766.4,3,1596,922.13,922.13,532.0,2010-06-14 13:31:00,2010-10-15 11:07:00,122,421,3
15818,United Kingdom,340.5,1,284,340.5,340.5,284.0,2010-04-30 12:58:00,2010-04-30 12:58:00,0,588,1
15819,United Kingdom,3934.79,10,2928,393.48,393.48,292.8,2010-03-18 11:08:00,2011-10-21 14:50:00,582,49,10
15820,United Kingdom,206.98,1,128,206.98,206.98,128.0,2011-01-24 12:00:00,2011-01-24 12:00:00,0,320,1
15821,United Kingdom,570.96,2,202,285.48,285.48,101.0,2011-10-09 13:28:00,2011-10-26 15:48:00,17,44,2
15822,United Kingdom,1840.06,6,950,306.68,306.68,158.33,2009-12-06 15:12:00,2011-12-06 14:50:00,729,3,6
15823,United Kingdom,3882.17,3,1774,1294.06,1294.06,591.33,2009-12-08 15:12:00,2010-12-02 15:08:00,358,372,3
15824,United Kingdom,890.94,2,478,445.47,445.47,239.0,2010-06-25 15:10:00,2010-09-12 13:20:00,78,453,2
15825,United Kingdom,532.94,1,220,532.94,532.94,220.0,2011-06-20 13:27:00,2011-06-20 13:27:00,0,172,1
15826,United Kingdom,2598.28,4,1824,649.57,649.57,456.0,2010-05-20 17:00:00,2011-10-14 16:05:00,511,56,4
15827,United Kingdom,3603.14,28,1715,128.68,128.68,61.25,2010-01-08 11:25:00,2011-09-27 15:35:00,627,73,28
15828,United Kingdom,1108.82,1,367,1108.82,1108.82,367.0,2010-11-29 16:41:00,2010-11-29 16:41:00,0,375,1
15829,United Kingdom,636.14,2,996,318.07,318.07,498.0,2011-07-22 10:23:00,2011-09-01 16:45:00,41,99,2
15830,United Kingdom,576.0,1,415,576.0,576.0,415.0,2011-11-02 10:40:00,2011-11-02 10:40:00,0,38,1
15831,United Kingdom,794.64,3,1092,264.88,264.88,364.0,2011-01-19 14:52:00,2011-10-12 13:14:00,265,58,3
15832,United Kingdom,836.79,1,465,836.79,836.79,465.0,2011-03-30 15:29:00,2011-03-30 15:29:00,0,254,1
15833,United Kingdom,80.4,1,24,80.4,80.4,24.0,2009-12-02 11:59:00,2009-12-02 11:59:00,0,738,1
15834,United Kingdom,3764.39,7,1815,537.77,537.77,259.29,2010-10-11 14:05:00,2011-09-30 14:41:00,354,70,7
15835,United Kingdom,954.09,4,439,238.52,238.52,109.75,2011-01-13 10:35:00,2011-10-26 15:47:00,286,44,4
15836,United Kingdom,137.37,1,26,137.37,137.37,26.0,2011-10-20 17:13:00,2011-10-20 17:13:00,0,50,1
15837,United Kingdom,777.01,2,405,388.5,388.5,202.5,2010-08-11 10:16:00,2011-10-06 09:01:00,420,65,2
15838,United Kingdom,73205.5,34,64114,2153.1,2153.1,1885.71,2009-12-15 09:51:00,2011-11-28 14:00:00,713,11,34
15839,United Kingdom,1048.49,3,675,349.5,349.5,225.0,2011-07-14 16:35:00,2011-11-06 13:54:00,114,33,3
15840,United Kingdom,355.56,2,396,177.78,177.78,198.0,2011-06-20 11:42:00,2011-10-12 09:08:00,113,59,2
15841,United Kingdom,2742.41,9,2391,304.71,304.71,265.67,2009-12-10 08:29:00,2011-09-28 12:15:00,657,73,9
15842,United Kingdom,548.8,2,296,274.4,274.4,148.0,2010-06-30 09:06:00,2010-11-11 14:08:00,134,393,2
15843,United Kingdom,118.95,1,27,118.95,118.95,27.0,2011-02-09 10:19:00,2011-02-09 10:19:00,0,304,1
15844,United Kingdom,130.74,1,134,130.74,130.74,134.0,2011-10-24 15:19:00,2011-10-24 15:19:00,0,46,1
15845,United Kingdom,4426.28,11,2128,402.39,402.39,193.45,2010-01-26 14:44:00,2011-11-22 09:42:00,664,18,11
15846,United Kingdom,107.01,1,79,107.01,107.01,79.0,2010-11-19 14:40:00,2010-11-19 14:40:00,0,385,1
15847,United Kingdom,822.57,5,643,164.51,164.51,128.6,2010-03-08 08:47:00,2011-11-01 14:41:00,603,38,5
15848,United Kingdom,137.99,1,45,137.99,137.99,45.0,2010-03-28 10:54:00,2010-03-28 10:54:00,0,622,1
15850,United Kingdom,1006.75,6,1334,167.79,167.79,222.33,2009-12-13 13:27:00,2011-11-20 14:14:00,707,19,6
15851,United Kingdom,109.73,1,67,109.73,109.73,67.0,2010-07-01 12:34:00,2010-07-01 12:34:00,0,527,1
15852,United Kingdom,257.26,3,60,85.75,85.75,20.0,2010-07-01 10:16:00,2011-06-06 11:22:00,340,187,3
15853,United Kingdom,110.8,1,135,110.8,110.8,135.0,2011-10-19 10:38:00,2011-10-19 10:38:00,0,52,1
15854,United Kingdom,5578.28,21,1691,265.63,265.63,80.52,2009-12-10 12:08:00,2011-12-05 13:39:00,725,4,21
15855,United Kingdom,1052.72,6,712,175.45,175.45,118.67,2010-08-20 17:15:00,2011-07-26 10:20:00,339,137,6
15856,United Kingdom,32275.95,52,19550,620.69,620.69,375.96,2009-12-03 14:02:00,2011-12-05 17:09:00,732,4,52
15857,United Kingdom,570.48,2,584,285.24,285.24,292.0,2010-10-05 16:43:00,2011-11-21 12:18:00,411,19,2
15858,United Kingdom,3552.41,13,2715,273.26,273.26,208.85,2009-12-10 11:42:00,2011-11-24 12:48:00,714,16,13
15859,United Kingdom,438.46,1,174,438.46,438.46,174.0,2010-10-03 12:52:00,2010-10-03 12:52:00,0,432,1
15860,United Kingdom,2361.3,17,1259,138.9,138.9,74.06,2009-12-06 12:31:00,2011-10-30 11:25:00,692,41,17
15861,United Kingdom,4369.2,12,3837,364.1,364.1,319.75,2010-01-28 19:41:00,2011-11-27 15:59:00,667,12,12
15862,United Kingdom,2512.29,13,1520,193.25,193.25,116.92,2009-12-17 11:33:00,2011-12-01 13:28:00,714,8,13
15863,United Kingdom,355.1,5,162,71.02,71.02,32.4,2009-12-17 10:20:00,2011-11-14 12:49:00,697,26,5
15864,United Kingdom,2180.76,7,1486,311.54,311.54,212.29,2010-11-23 15:02:00,2011-11-17 13:32:00,358,22,7
15865,United Kingdom,2241.42,5,1141,448.28,448.28,228.2,2010-01-05 13:58:00,2011-10-30 12:43:00,662,41,5
15866,United Kingdom,211.89,1,124,211.89,211.89,124.0,2011-08-30 14:09:00,2011-08-30 14:09:00,0,101,1
15867,United Kingdom,8923.3,31,5067,287.85,287.85,163.45,2009-12-14 15:16:00,2011-12-04 13:32:00,719,5,31
15868,United Kingdom,94.53,1,57,94.53,94.53,57.0,2010-05-05 14:11:00,2010-05-05 14:11:00,0,583,1
15869,United Kingdom,321.11,3,273,107.04,107.04,91.0,2010-03-23 16:50:00,2011-03-07 17:23:00,349,277,3
15870,United Kingdom,857.46,4,504,214.36,214.36,126.0,2010-09-19 16:22:00,2011-11-07 10:58:00,413,33,4
15871,United Kingdom,33.1,1,5,33.1,33.1,5.0,2010-09-28 14:16:00,2010-09-28 14:16:00,0,437,1
15872,United Kingdom,729.25,4,467,182.31,182.31,116.75,2010-06-07 14:53:00,2011-11-25 11:55:00,535,15,4
15873,United Kingdom,313.92,4,1152,78.48,78.48,288.0,2010-07-27 11:58:00,2010-07-28 12:41:00,1,500,4
15874,United Kingdom,11284.76,21,5102,537.37,537.37,242.95,2010-01-07 13:56:00,2011-10-07 12:31:00,637,64,21
15875,United Kingdom,108.52,1,74,108.52,108.52,74.0,2010-03-03 16:51:00,2010-03-03 16:51:00,0,646,1
15876,United Kingdom,1449.14,2,886,724.57,724.57,443.0,2010-09-17 15:26:00,2010-10-26 18:58:00,39,409,2
15877,United Kingdom,490.33,2,368,245.16,245.16,184.0,2011-11-22 11:18:00,2011-12-08 11:53:00,16,2,2
15878,United Kingdom,330.77,2,243,165.38,165.38,121.5,2009-12-06 12:28:00,2010-05-27 12:17:00,171,562,2
15879,United Kingdom,1137.8,4,639,284.45,284.45,159.75,2009-12-17 19:54:00,2010-10-31 16:21:00,317,404,4
15880,United Kingdom,329.03,1,202,329.03,329.03,202.0,2010-12-05 13:00:00,2010-12-05 13:00:00,0,369,1
15881,United Kingdom,501.39,5,260,100.28,100.28,52.0,2010-12-10 13:32:00,2011-01-31 16:59:00,52,312,5
15882,United Kingdom,1124.66,8,650,140.58,140.58,81.25,2009-12-10 15:33:00,2011-05-25 11:35:00,530,199,8
15883,United Kingdom,396.48,2,223,198.24,198.24,111.5,2011-11-06 14:50:00,2011-12-07 17:05:00,31,2,2
15884,United Kingdom,244.6,2,152,122.3,122.3,76.0,2009-12-03 18:23:00,2010-10-03 15:55:00,303,432,2
15885,United Kingdom,1951.82,15,622,130.12,130.12,41.47,2010-01-21 12:47:00,2011-09-08 10:43:00,594,93,15
15886,United Kingdom,1052.87,4,667,263.22,263.22,166.75,2010-04-20 15:03:00,2011-10-10 14:25:00,537,60,4
15887,United Kingdom,1027.15,3,605,342.38,342.38,201.67,2010-06-02 11:53:00,2010-10-29 08:36:00,148,407,3
15888,United Kingdom,429.16,3,139,143.05,143.05,46.33,2010-07-01 11:51:00,2011-09-20 12:30:00,446,81,3
15889,United Kingdom,1427.6,8,800,178.45,178.45,100.0,2009-12-10 12:21:00,2011-07-06 11:10:00,572,157,8
15890,United Kingdom,535.65,5,119,107.13,107.13,23.8,2010-04-14 08:43:00,2010-11-10 12:46:00,210,395,5
15891,United Kingdom,511.68,1,418,511.68,511.68,418.0,2011-04-27 12:35:00,2011-04-27 12:35:00,0,227,1
15892,United Kingdom,128.2,1,46,128.2,128.2,46.0,2010-02-08 16:23:00,2010-02-08 16:23:00,0,669,1
15893,United Kingdom,305.28,1,288,305.28,305.28,288.0,2010-08-15 11:12:00,2010-08-15 11:12:00,0,482,1
15894,United Kingdom,258.25,2,164,129.12,129.12,82.0,2010-12-05 14:06:00,2011-03-31 13:50:00,115,253,2
15895,United Kingdom,179.17,1,94,179.17,179.17,94.0,2011-07-13 10:27:00,2011-07-13 10:27:00,0,150,1
15897,United Kingdom,208.59,2,223,104.3,104.3,111.5,2011-05-29 13:32:00,2011-05-29 13:50:00,0,194,2
15898,United Kingdom,4996.45,25,2160,199.86,199.86,86.4,2009-12-11 16:11:00,2011-12-08 15:23:00,726,1,25
15899,United Kingdom,56.25,1,39,56.25,56.25,39.0,2010-12-06 10:36:00,2010-12-06 10:36:00,0,369,1
15900,United Kingdom,886.57,4,656,221.64,221.64,164.0,2010-05-26 11:27:00,2011-11-16 12:19:00,539,24,4
15901,United Kingdom,687.72,7,695,98.25,98.25,99.29,2010-06-14 12:39:00,2011-11-23 12:43:00,527,17,7
15902,United Kingdom,145.01,1,124,145.01,145.01,124.0,2010-11-24 16:57:00,2010-11-24 16:57:00,0,380,1
15903,United Kingdom,8939.84,12,3926,744.99,744.99,327.17,2010-01-14 10:57:00,2011-11-30 08:08:00,684,10,12
15904,United Kingdom,164.68,1,84,164.68,164.68,84.0,2011-12-01 14:50:00,2011-12-01 14:50:00,0,8,1
15905,United Kingdom,114.69,1,82,114.69,114.69,82.0,2010-06-14 16:00:00,2010-06-14 16:00:00,0,543,1
15906,United Kingdom,2530.19,10,749,253.02,253.02,74.9,2010-09-15 12:17:00,2011-11-20 12:24:00,431,20,10
15907,United Kingdom,882.72,3,478,294.24,294.24,159.33,2011-05-13 13:01:00,2011-12-06 12:21:00,206,4,3
15908,United Kingdom,758.62,2,173,379.31,379.31,86.5,2010-07-15 19:21:00,2010-08-06 11:56:00,21,491,2
15909,United Kingdom,191.94,1,98,191.94,191.94,98.0,2011-06-19 10:38:00,2011-06-19 10:38:00,0,174,1
15910,United Kingdom,2661.17,15,2158,177.41,177.41,143.87,2010-01-21 11:51:00,2011-12-09 10:51:00,686,1,15
15911,United Kingdom,1700.24,8,810,212.53,212.53,101.25,2009-12-09 13:26:00,2010-03-26 12:06:00,106,624,8
15912,United Kingdom,1074.7,9,759,119.41,119.41,84.33,2009-12-10 12:58:00,2011-06-14 14:29:00,551,178,9
15913,United Kingdom,6.3,1,3,6.3,6.3,3.0,2010-06-23 16:31:00,2010-06-23 16:31:00,0,534,1
15914,United Kingdom,205.99,2,149,103.0,103.0,74.5,2010-11-26 16:09:00,2010-11-26 16:10:00,0,378,2
15915,United Kingdom,364.45,1,414,364.45,364.45,414.0,2010-11-03 11:13:00,2010-11-03 11:13:00,0,402,1
15916,United Kingdom,3145.24,13,1618,241.94,241.94,124.46,2009-12-10 16:21:00,2011-11-23 13:46:00,712,16,13
15917,United Kingdom,530.17,5,248,106.03,106.03,49.6,2009-12-02 14:55:00,2011-04-06 10:40:00,489,248,5
15918,United Kingdom,582.88,3,240,194.29,194.29,80.0,2010-03-18 11:40:00,2011-06-02 11:42:00,441,191,3
15919,United Kingdom,525.69,2,385,262.85,262.85,192.5,2010-12-06 11:26:00,2011-11-20 11:28:00,349,20,2
15920,United Kingdom,569.14,9,238,63.24,63.24,26.44,2009-12-14 13:09:00,2011-07-08 15:31:00,571,154,9
15921,United Kingdom,775.26,4,335,193.82,193.82,83.75,2010-03-09 11:03:00,2011-06-20 11:03:00,468,173,4
15922,United Kingdom,369.5,1,138,369.5,369.5,138.0,2010-12-01 13:51:00,2010-12-01 13:51:00,0,373,1
15923,United Kingdom,127.08,1,122,127.08,127.08,122.0,2010-12-02 12:16:00,2010-12-02 12:16:00,0,373,1
15924,United Kingdom,102.82,1,103,102.82,102.82,103.0,2009-12-08 15:00:00,2009-12-08 15:00:00,0,731,1
15925,United Kingdom,207.15,1,93,207.15,207.15,93.0,2011-05-29 15:35:00,2011-05-29 15:35:00,0,194,1
15926,United Kingdom,134.44,1,155,134.44,134.44,155.0,2010-06-15 15:23:00,2010-06-15 15:23:00,0,542,1
15927,United Kingdom,106.54,1,66,106.54,106.54,66.0,2010-03-02 13:25:00,2010-03-02 13:25:00,0,647,1
15928,United Kingdom,293.53,1,164,293.53,293.53,164.0,2010-02-21 15:16:00,2010-02-21 15:16:00,0,656,1
15929,United Kingdom,594.0,1,120,594.0,594.0,120.0,2010-03-05 14:56:00,2010-03-05 14:56:00,0,644,1
15930,United Kingdom,426.63,1,139,426.63,426.63,139.0,2011-10-03 14:52:00,2011-10-03 14:52:00,0,67,1
15931,United Kingdom,239.9,1,118,239.9,239.9,118.0,2010-10-07 16:46:00,2010-10-07 16:46:00,0,428,1
15932,United Kingdom,2495.87,8,2325,311.98,311.98,290.62,2011-02-23 14:50:00,2011-12-05 17:13:00,285,4,8
15933,United Kingdom,1107.46,3,885,369.15,369.15,295.0,2011-09-14 12:05:00,2011-11-18 13:14:00,65,21,3
15934,United Kingdom,2190.66,2,2166,1095.33,1095.33,1083.0,2010-10-06 12:08:00,2010-10-18 10:13:00,11,418,2
15935,United Kingdom,416.86,2,115,208.43,208.43,57.5,2011-04-12 09:35:00,2011-04-14 13:27:00,2,239,2
15936,United Kingdom,282.79,2,211,141.4,141.4,105.5,2010-08-29 11:42:00,2010-11-25 16:39:00,88,379,2
15937,United Kingdom,145.35,1,73,145.35,145.35,73.0,2011-10-06 15:48:00,2011-10-06 15:48:00,0,64,1
15938,United Kingdom,734.81,9,449,81.65,81.65,49.89,2010-06-01 09:42:00,2011-08-19 12:56:00,444,112,9
15939,United Kingdom,9060.39,16,6260,566.27,566.27,391.25,2010-11-30 12:07:00,2011-09-11 11:30:00,284,90,16
15940,United Kingdom,35.8,1,4,35.8,35.8,4.0,2011-02-01 16:18:00,2011-02-01 16:18:00,0,311,1
15941,United Kingdom,405.0,1,60,405.0,405.0,60.0,2010-03-12 14:45:00,2010-03-12 14:45:00,0,637,1
15942,United Kingdom,337.44,1,232,337.44,337.44,232.0,2011-07-29 09:01:00,2011-07-29 09:01:00,0,134,1
15943,United Kingdom,271.29,2,183,135.65,135.65,91.5,2010-01-31 11:04:00,2010-02-28 12:49:00,28,650,2
15944,United Kingdom,2164.24,4,859,541.06,541.06,214.75,2009-12-13 12:57:00,2011-03-08 10:33:00,449,277,4
15945,United Kingdom,646.27,4,345,161.57,161.57,86.25,2009-12-01 13:47:00,2010-12-09 13:14:00,372,365,4
15946,United Kingdom,2304.18,3,1614,768.06,768.06,538.0,2010-03-16 10:49:00,2010-07-25 12:18:00,131,503,3
15947,United Kingdom,1708.24,1,898,1708.24,1708.24,898.0,2011-09-18 10:46:00,2011-09-18 10:46:00,0,83,1
15948,United Kingdom,1509.09,3,852,503.03,503.03,284.0,2010-10-11 12:16:00,2011-12-01 15:32:00,416,8,3
15949,United Kingdom,364.72,2,284,182.36,182.36,142.0,2011-09-29 17:34:00,2011-11-23 09:09:00,54,17,2
15950,United Kingdom,7120.91,10,3354,712.09,712.09,335.4,2010-01-26 11:39:00,2011-11-08 11:09:00,650,32,10
15951,United Kingdom,1013.17,3,420,337.72,337.72,140.0,2010-11-23 18:20:00,2011-12-01 08:34:00,372,9,3
15952,United Kingdom,781.91,4,391,195.48,195.48,97.75,2011-04-28 12:55:00,2011-11-06 11:18:00,191,34,4
15953,United Kingdom,3440.34,18,1741,191.13,191.13,96.72,2009-12-03 14:00:00,2011-11-24 15:32:00,721,15,18
15954,United Kingdom,190.75,1,119,190.75,190.75,119.0,2010-04-29 13:35:00,2010-04-29 13:35:00,0,589,1
15955,United Kingdom,8085.98,22,3967,367.54,367.54,180.32,2010-02-23 16:36:00,2011-11-15 14:15:00,629,24,22
15956,United Kingdom,617.6,2,278,308.8,308.8,139.0,2009-12-13 11:16:00,2010-06-06 13:06:00,175,551,2
15957,United Kingdom,921.25,3,453,307.08,307.08,151.0,2010-10-15 12:11:00,2011-11-08 12:14:00,389,32,3
15958,United Kingdom,462.12,4,154,115.53,115.53,38.5,2010-06-07 10:59:00,2011-09-26 13:41:00,476,74,4
15959,United Kingdom,542.89,3,269,180.96,180.96,89.67,2010-01-26 16:19:00,2010-01-26 16:38:00,0,682,3
15960,United Kingdom,410.95,4,258,102.74,102.74,64.5,2010-09-30 15:50:00,2010-11-30 15:57:00,61,374,4
15961,United Kingdom,451.29,1,154,451.29,451.29,154.0,2010-11-25 15:59:00,2010-11-25 15:59:00,0,379,1
15962,United Kingdom,289.48,1,228,289.48,289.48,228.0,2010-09-16 13:48:00,2010-09-16 13:48:00,0,449,1
15963,United Kingdom,470.76,2,298,235.38,235.38,149.0,2011-10-25 13:05:00,2011-11-20 11:33:00,25,20,2
15964,United Kingdom,269.21,1,93,269.21,269.21,93.0,2010-02-14 15:30:00,2010-02-14 15:30:00,0,663,1
15965,United Kingdom,2771.94,13,1313,213.23,213.23,101.0,2009-12-03 11:45:00,2011-11-22 16:44:00,719,17,13
15966,United Kingdom,426.53,1,275,426.53,426.53,275.0,2010-09-15 10:44:00,2010-09-15 10:44:00,0,451,1
15967,United Kingdom,2966.0,12,1183,247.17,247.17,98.58,2009-12-01 13:29:00,2011-11-16 15:41:00,715,23,12
15968,United Kingdom,404.55,1,247,404.55,404.55,247.0,2010-11-16 13:04:00,2010-11-16 13:04:00,0,388,1
15969,United Kingdom,1127.05,5,223,225.41,225.41,44.6,2010-07-05 13:10:00,2011-12-07 11:06:00,519,3,5
15970,United Kingdom,1017.32,2,498,508.66,508.66,249.0,2010-04-20 11:30:00,2011-02-09 12:08:00,295,304,2
15971,United Kingdom,5902.83,18,2251,327.94,327.94,125.06,2009-12-08 09:46:00,2011-11-22 12:50:00,714,18,18
15972,United Kingdom,1769.33,5,468,353.87,353.87,93.6,2010-04-18 14:06:00,2010-09-09 13:20:00,143,456,5
15973,United Kingdom,680.62,3,195,226.87,226.87,65.0,2010-10-06 15:00:00,2010-12-08 11:42:00,62,367,3
15974,United Kingdom,3442.15,7,2262,491.74,491.74,323.14,2011-02-24 10:10:00,2011-10-31 13:13:00,249,39,7
15975,United Kingdom,371.01,1,243,371.01,371.01,243.0,2011-09-16 13:33:00,2011-09-16 13:33:00,0,84,1
15976,United Kingdom,1694.41,6,1053,282.4,282.4,175.5,2010-06-06 14:01:00,2011-06-27 13:00:00,385,165,6
15977,United Kingdom,1054.73,2,1016,527.36,527.36,508.0,2011-10-31 16:24:00,2011-11-22 13:29:00,21,17,2
15978,United Kingdom,3279.42,3,2444,1093.14,1093.14,814.67,2010-03-05 14:39:00,2011-09-23 15:21:00,567,77,3
15979,United Kingdom,329.22,1,450,329.22,329.22,450.0,2010-04-16 11:35:00,2010-04-16 11:35:00,0,603,1
15980,United Kingdom,6543.68,7,4822,934.81,934.81,688.86,2010-06-01 14:40:00,2011-09-12 09:41:00,467,89,7
15981,United Kingdom,9362.77,21,4827,445.85,445.85,229.86,2010-03-29 10:07:00,2011-11-15 08:00:00,595,25,21
15982,United Kingdom,324.51,1,131,324.51,324.51,131.0,2010-04-13 15:47:00,2010-04-13 15:47:00,0,605,1
15983,United Kingdom,3110.37,8,1872,388.8,388.8,234.0,2009-12-06 12:52:00,2011-11-17 17:34:00,711,22,8
15984,United Kingdom,8393.02,30,5730,279.77,279.77,191.0,2009-12-01 13:38:00,2011-12-07 12:16:00,735,3,30
15985,United Kingdom,2715.28,7,2750,387.9,387.9,392.86,2010-05-27 15:51:00,2011-08-08 16:31:00,438,123,7
15986,United Kingdom,354.42,2,368,177.21,177.21,184.0,2010-11-23 10:02:00,2011-11-09 15:17:00,351,30,2
15987,United Kingdom,1535.99,8,1599,192.0,192.0,199.88,2010-11-25 12:56:00,2011-11-27 15:38:00,367,12,8
15988,United Kingdom,738.89,3,476,246.3,246.3,158.67,2010-02-21 11:36:00,2011-11-20 13:23:00,637,19,3
15989,United Kingdom,368.31,2,169,184.16,184.16,84.5,2009-12-02 15:51:00,2010-11-29 12:03:00,361,376,2
15990,United Kingdom,1997.75,7,1086,285.39,285.39,155.14,2010-02-28 12:30:00,2011-10-26 15:58:00,605,44,7
15991,United Kingdom,150.55,1,41,150.55,150.55,41.0,2010-06-23 15:50:00,2010-06-23 15:50:00,0,534,1
15992,United Kingdom,896.6,3,514,298.87,298.87,171.33,2010-09-12 11:52:00,2011-12-06 11:00:00,449,4,3
15993,United Kingdom,2777.67,7,2037,396.81,396.81,291.0,2011-10-26 16:21:00,2011-12-01 10:45:00,35,9,7
15994,United Kingdom,1175.68,3,462,391.89,391.89,154.0,2010-03-14 11:55:00,2011-10-16 12:28:00,581,55,3
15995,United Kingdom,694.54,1,352,694.54,694.54,352.0,2010-10-21 13:57:00,2010-10-21 13:57:00,0,414,1
15996,United Kingdom,1386.4,7,643,198.06,198.06,91.86,2010-11-07 15:49:00,2011-09-12 15:14:00,308,88,7
15998,United Kingdom,8274.14,16,5350,517.13,517.13,334.38,2009-12-01 11:45:00,2011-11-03 12:45:00,702,37,16
15999,United Kingdom,20.4,1,24,20.4,20.4,24.0,2009-12-04 12:31:00,2009-12-04 12:31:00,0,736,1
16000,United Kingdom,12393.7,3,5110,4131.23,4131.23,1703.33,2011-12-07 12:14:00,2011-12-07 12:17:00,0,3,3
16001,United Kingdom,583.39,1,337,583.39,583.39,337.0,2010-11-23 17:10:00,2010-11-23 17:10:00,0,381,1
16002,United Kingdom,169.21,1,70,169.21,169.21,70.0,2010-03-24 13:08:00,2010-03-24 13:08:00,0,625,1
16003,United Kingdom,5613.83,10,2210,561.38,561.38,221.0,2009-12-03 18:51:00,2011-11-10 09:57:00,706,30,10
16004,United Kingdom,2146.39,5,1076,429.28,429.28,215.2,2010-01-25 13:56:00,2010-08-22 11:48:00,208,475,5
16005,United Kingdom,2365.49,10,1269,236.55,236.55,126.9,2010-09-15 13:21:00,2011-11-27 13:47:00,438,12,10
16006,United Kingdom,332.82,2,205,166.41,166.41,102.5,2010-11-17 12:03:00,2011-05-12 13:12:00,176,211,2
16007,United Kingdom,3053.06,7,2631,436.15,436.15,375.86,2010-06-14 13:18:00,2011-10-23 11:05:00,495,48,7
16008,United Kingdom,5339.13,15,3237,355.94,355.94,215.8,2010-03-19 11:07:00,2011-11-16 10:32:00,606,24,15
16009,United Kingdom,972.11,4,366,243.03,243.03,91.5,2011-07-03 11:26:00,2011-11-17 16:51:00,137,22,4
16010,United Kingdom,1694.86,11,919,154.08,154.08,83.55,2010-10-24 10:54:00,2011-04-08 10:14:00,165,246,11
16011,United Kingdom,5601.01,29,3323,193.14,193.14,114.59,2009-12-01 12:02:00,2011-12-01 16:31:00,730,8,29
16012,United Kingdom,2978.59,5,1760,595.72,595.72,352.0,2010-06-28 11:39:00,2011-11-04 13:25:00,494,35,5
16013,United Kingdom,56078.44,84,25520,667.6,667.6,303.81,2009-12-08 10:24:00,2011-12-06 10:36:00,728,4,84
16014,United Kingdom,1100.28,5,462,220.06,220.06,92.4,2010-01-31 12:43:00,2011-11-02 12:04:00,639,38,5
16015,United Kingdom,704.55,3,907,234.85,234.85,302.33,2011-10-21 12:56:00,2011-12-06 10:58:00,45,4,3
16016,United Kingdom,2083.4,11,881,189.4,189.4,80.09,2010-11-02 13:27:00,2011-12-06 14:35:00,399,3,11
16017,United Kingdom,1545.58,5,635,309.12,309.12,127.0,2010-01-05 12:06:00,2011-10-23 12:56:00,656,47,5
16018,United Kingdom,698.13,4,503,174.53,174.53,125.75,2009-12-07 13:57:00,2011-10-31 14:13:00,693,39,4
16019,United Kingdom,17329.16,27,6959,641.82,641.82,257.74,2009-12-14 14:12:00,2011-10-24 11:51:00,678,47,27
16020,United Kingdom,851.01,3,487,283.67,283.67,162.33,2011-10-05 13:54:00,2011-11-23 11:18:00,48,17,3
16021,United Kingdom,487.03,2,276,243.52,243.52,138.0,2010-06-13 11:05:00,2010-11-09 14:48:00,149,395,2
16022,United Kingdom,602.63,1,255,602.63,602.63,255.0,2011-03-24 13:16:00,2011-03-24 13:16:00,0,260,1
16023,United Kingdom,719.81,3,358,239.94,239.94,119.33,2011-03-18 13:32:00,2011-10-24 16:34:00,220,46,3
16024,United Kingdom,483.99,3,504,161.33,161.33,168.0,2010-10-24 11:40:00,2011-11-27 13:26:00,399,12,3
16025,United Kingdom,439.66,1,338,439.66,439.66,338.0,2011-11-10 11:45:00,2011-11-10 11:45:00,0,30,1
16026,United Kingdom,236.09,1,243,236.09,236.09,243.0,2011-10-27 13:53:00,2011-10-27 13:53:00,0,43,1
16027,United Kingdom,2048.36,15,2099,136.56,136.56,139.93,2010-01-08 13:21:00,2011-09-09 10:47:00,608,92,15
16028,United Kingdom,82.2,1,18,82.2,82.2,18.0,2010-04-23 11:45:00,2010-04-23 11:45:00,0,596,1
16029,United Kingdom,117763.62,107,54450,1100.59,1100.59,508.88,2009-12-08 11:23:00,2011-11-01 10:27:00,692,39,107
16030,United Kingdom,331.24,1,283,331.24,331.24,283.0,2011-02-03 11:28:00,2011-02-03 11:28:00,0,310,1
16031,United Kingdom,547.9,2,421,273.95,273.95,210.5,2011-04-06 14:23:00,2011-09-08 13:07:00,154,92,2
16032,United Kingdom,1965.72,6,1467,327.62,327.62,244.5,2010-07-04 13:31:00,2010-09-09 18:00:00,67,456,6
16033,United Kingdom,10608.81,27,4200,392.92,392.92,155.56,2010-08-11 16:44:00,2011-12-04 12:44:00,479,6,27
16034,United Kingdom,911.32,6,585,151.89,151.89,97.5,2010-10-26 13:00:00,2011-05-27 16:17:00,213,196,6
16035,United Kingdom,217.73,1,33,217.73,217.73,33.0,2010-05-28 15:09:00,2010-05-28 15:09:00,0,560,1
16036,United Kingdom,2556.84,4,1369,639.21,639.21,342.25,2010-03-29 14:47:00,2011-09-13 14:53:00,533,87,4
16037,United Kingdom,1509.34,5,766,301.87,301.87,153.2,2010-03-01 12:31:00,2011-03-15 09:13:00,378,270,5
16038,United Kingdom,471.78,3,244,157.26,157.26,81.33,2011-05-22 11:29:00,2011-12-02 12:40:00,194,8,3
16039,United Kingdom,456.4,2,409,228.2,228.2,204.5,2010-03-21 15:17:00,2010-10-12 10:44:00,204,424,2
16040,United Kingdom,2416.9,7,1185,345.27,345.27,169.29,2010-04-09 10:12:00,2011-10-05 13:47:00,544,65,7
16041,United Kingdom,3166.4,3,1584,1055.47,1055.47,528.0,2011-07-21 16:27:00,2011-11-09 12:25:00,110,31,3
16042,United Kingdom,2245.32,8,1430,280.67,280.67,178.75,2010-09-12 12:00:00,2011-11-17 17:50:00,431,22,8
16043,United Kingdom,1856.59,8,1011,232.07,232.07,126.38,2010-08-15 11:26:00,2011-11-02 12:50:00,444,38,8
16044,United Kingdom,340.84,1,170,340.84,340.84,170.0,2010-09-30 18:12:00,2010-09-30 18:12:00,0,435,1
16045,United Kingdom,3434.93,8,2108,429.37,429.37,263.5,2010-07-29 12:50:00,2011-08-12 12:41:00,378,120,8
16046,United Kingdom,235.78,1,248,235.78,235.78,248.0,2010-05-26 13:18:00,2010-05-26 13:18:00,0,562,1
16047,EIRE,107.14,1,1,107.14,107.14,1.0,2010-01-26 16:34:00,2010-01-26 16:34:00,0,682,1
16048,United Kingdom,818.79,4,425,204.7,204.7,106.25,2010-06-08 12:36:00,2010-12-01 15:28:00,176,373,4
16049,United Kingdom,1852.15,6,1132,308.69,308.69,188.67,2010-07-11 13:53:00,2011-10-30 13:19:00,475,40,6
16050,United Kingdom,300.7,3,388,100.23,100.23,129.33,2010-11-03 15:55:00,2011-06-19 11:44:00,227,174,3
16051,United Kingdom,188.44,1,80,188.44,188.44,80.0,2010-01-27 09:38:00,2010-01-27 09:38:00,0,682,1
16052,United Kingdom,362.06,1,282,362.06,362.06,282.0,2011-10-16 15:13:00,2011-10-16 15:13:00,0,54,1
16053,United Kingdom,3634.84,6,3067,605.81,605.81,511.17,2010-04-08 11:11:00,2011-11-07 11:21:00,578,33,6
16054,United Kingdom,2111.88,4,791,527.97,527.97,197.75,2010-04-01 18:37:00,2011-07-17 13:08:00,471,145,4
16055,United Kingdom,134.8,1,22,134.8,134.8,22.0,2011-05-03 09:26:00,2011-05-03 09:26:00,0,221,1
16056,United Kingdom,650.75,1,345,650.75,650.75,345.0,2011-10-25 15:19:00,2011-10-25 15:19:00,0,45,1
16057,United Kingdom,3854.85,10,1691,385.48,385.48,169.1,2010-01-07 17:11:00,2011-11-23 15:23:00,684,16,10
16058,United Kingdom,62.7,1,18,62.7,62.7,18.0,2010-10-29 16:48:00,2010-10-29 16:48:00,0,406,1
16059,United Kingdom,3053.57,12,1431,254.46,254.46,119.25,2010-05-19 13:04:00,2011-10-05 09:56:00,503,66,12
16060,United Kingdom,541.95,3,243,180.65,180.65,81.0,2010-08-02 15:26:00,2010-11-04 12:10:00,93,401,3
16061,United Kingdom,89.65,1,19,89.65,89.65,19.0,2010-10-04 15:29:00,2010-10-04 15:29:00,0,431,1
16062,United Kingdom,2863.45,8,2035,357.93,357.93,254.38,2010-06-21 13:32:00,2011-11-30 12:15:00,526,10,8
16063,United Kingdom,335.32,1,262,335.32,335.32,262.0,2011-03-24 14:55:00,2011-03-24 14:56:00,0,260,1
16064,United Kingdom,109.31,1,55,109.31,109.31,55.0,2009-12-14 16:11:00,2009-12-14 16:11:00,0,725,1
16065,United Kingdom,1992.13,8,1207,249.02,249.02,150.88,2010-09-02 13:27:00,2010-12-09 13:03:00,97,365,8
16066,United Kingdom,1521.04,5,935,304.21,304.21,187.0,2011-08-07 14:33:00,2011-11-23 11:54:00,107,17,5
16067,United Kingdom,3269.11,3,1236,1089.7,1089.7,412.0,2010-02-02 18:01:00,2010-05-26 12:33:00,112,563,3
16068,United Kingdom,115.73,1,48,115.73,115.73,48.0,2010-04-25 11:52:00,2010-04-25 11:52:00,0,594,1
16069,United Kingdom,457.7,1,138,457.7,457.7,138.0,2010-10-18 10:32:00,2010-10-18 10:32:00,0,418,1
16070,United Kingdom,852.15,2,457,426.08,426.08,228.5,2011-11-07 16:36:00,2011-11-17 15:50:00,9,22,2
16071,United Kingdom,1076.8,4,697,269.2,269.2,174.25,2010-02-22 14:48:00,2011-10-26 11:14:00,610,45,4
16072,United Kingdom,4180.09,4,1580,1045.02,1045.02,395.0,2010-06-08 16:47:00,2011-02-24 14:32:00,260,288,4
16073,United Kingdom,122.4,1,48,122.4,122.4,48.0,2011-02-15 15:41:00,2011-02-15 15:41:00,0,297,1
16074,United Kingdom,252.5,1,38,252.5,252.5,38.0,2010-11-14 13:19:00,2010-11-14 13:19:00,0,390,1
16075,United Kingdom,736.93,2,271,368.46,368.46,135.5,2010-05-24 15:57:00,2010-07-25 11:31:00,61,503,2
16076,United Kingdom,2234.73,10,1435,223.47,223.47,143.5,2011-05-15 12:31:00,2011-12-06 14:59:00,205,3,10
16077,United Kingdom,2300.4,1,840,2300.4,2300.4,840.0,2010-03-24 10:42:00,2010-03-24 10:42:00,0,626,1
16078,United Kingdom,362.99,2,200,181.5,181.5,100.0,2010-02-08 13:29:00,2011-03-01 09:47:00,385,284,2
16079,United Kingdom,1352.0,3,864,450.67,450.67,288.0,2011-10-30 13:06:00,2011-11-23 12:48:00,23,17,3
16080,United Kingdom,602.56,4,298,150.64,150.64,74.5,2010-09-15 14:19:00,2011-09-19 10:42:00,368,82,4
16081,United Kingdom,4278.96,8,2177,534.87,534.87,272.12,2010-02-03 12:46:00,2011-10-14 13:06:00,618,56,8
16082,United Kingdom,106.75,1,39,106.75,106.75,39.0,2010-02-07 15:16:00,2010-02-07 15:16:00,0,670,1
16083,United Kingdom,2351.42,4,1514,587.86,587.86,378.5,2010-11-16 11:53:00,2011-08-31 10:47:00,287,101,4
16084,United Kingdom,436.18,1,216,436.18,436.18,216.0,2011-02-13 16:05:00,2011-02-13 16:05:00,0,299,1
16085,United Kingdom,2341.03,12,1382,195.09,195.09,115.17,2010-01-20 14:03:00,2011-11-16 13:24:00,664,23,12
16086,United Kingdom,2687.73,10,1450,268.77,268.77,145.0,2009-12-02 13:20:00,2011-10-11 13:09:00,677,59,10
16087,United Kingdom,1739.92,5,664,347.98,347.98,132.8,2010-01-19 12:30:00,2010-11-15 16:44:00,300,389,5
16088,United Kingdom,1437.43,2,373,718.72,718.72,186.5,2010-04-27 10:56:00,2010-05-13 10:16:00,15,576,2
16089,United Kingdom,263.49,2,119,131.74,131.74,59.5,2010-07-18 15:51:00,2010-11-18 13:51:00,122,386,2
16090,United Kingdom,180.56,1,58,180.56,180.56,58.0,2010-03-25 13:05:00,2010-03-25 13:05:00,0,624,1
16091,United Kingdom,315.06,2,154,157.53,157.53,77.0,2011-05-25 09:18:00,2011-07-08 08:45:00,43,155,2
16092,United Kingdom,1587.94,6,1188,264.66,264.66,198.0,2010-05-09 16:10:00,2011-08-17 10:46:00,464,115,6
16093,United Kingdom,17.0,1,20,17.0,17.0,20.0,2011-08-25 11:09:00,2011-08-25 11:09:00,0,107,1
16094,United Kingdom,3695.56,11,2020,335.96,335.96,183.64,2010-04-16 14:00:00,2011-11-28 12:45:00,590,12,11
16095,United Kingdom,447.05,1,265,447.05,447.05,265.0,2010-09-09 16:54:00,2010-09-09 16:54:00,0,456,1
16096,United Kingdom,1584.97,4,700,396.24,396.24,175.0,2010-03-04 15:44:00,2011-03-20 13:38:00,380,264,4
16097,United Kingdom,185.05,1,87,185.05,185.05,87.0,2011-04-13 13:47:00,2011-04-13 13:47:00,0,240,1
16098,United Kingdom,4010.7,14,2008,286.48,286.48,143.43,2009-12-15 09:40:00,2011-09-13 09:59:00,637,88,14
16099,United Kingdom,1573.2,7,960,224.74,224.74,137.14,2010-03-03 11:13:00,2011-10-20 13:13:00,596,50,7
16100,United Kingdom,582.64,1,438,582.64,582.64,438.0,2010-09-03 11:39:00,2010-09-03 11:39:00,0,463,1
16101,United Kingdom,3229.16,4,1844,807.29,807.29,461.0,2010-05-27 12:50:00,2011-09-30 10:18:00,490,71,4
16102,United Kingdom,1842.14,3,942,614.05,614.05,314.0,2011-08-03 12:50:00,2011-10-28 13:19:00,86,42,3
16103,United Kingdom,6191.71,22,2639,281.44,281.44,119.95,2010-01-08 12:08:00,2011-12-02 14:16:00,693,7,22
16104,United Kingdom,2774.46,9,1047,308.27,308.27,116.33,2009-12-06 10:41:00,2011-10-09 10:23:00,671,62,9
16105,United Kingdom,2386.19,5,2125,477.24,477.24,425.0,2010-04-14 13:27:00,2011-04-05 10:13:00,355,249,5
16106,United Kingdom,108.38,1,74,108.38,108.38,74.0,2011-10-05 10:37:00,2011-10-05 10:37:00,0,66,1
16107,United Kingdom,3204.16,7,1176,457.74,457.74,168.0,2011-06-09 18:42:00,2011-11-22 09:40:00,165,18,7
16108,United Kingdom,2235.92,4,1473,558.98,558.98,368.25,2010-03-18 14:14:00,2011-09-16 11:48:00,546,85,4
16109,United Kingdom,939.48,3,1092,313.16,313.16,364.0,2010-01-10 10:37:00,2011-05-05 09:17:00,479,219,3
16110,United Kingdom,1781.59,4,880,445.4,445.4,220.0,2010-07-05 13:04:00,2011-10-25 14:35:00,477,45,4
16111,United Kingdom,549.33,1,233,549.33,549.33,233.0,2010-10-07 19:51:00,2010-10-07 19:51:00,0,428,1
16112,United Kingdom,195.74,4,574,48.94,48.94,143.5,2011-01-05 11:47:00,2011-07-19 14:28:00,195,143,4
16113,United Kingdom,161.38,1,176,161.38,161.38,176.0,2011-06-09 16:16:00,2011-06-09 16:16:00,0,183,1
16114,United Kingdom,135.75,1,43,135.75,135.75,43.0,2011-06-22 10:13:00,2011-06-22 10:13:00,0,171,1
16115,United Kingdom,2553.8,12,1589,212.82,212.82,132.42,2010-05-14 11:59:00,2011-11-30 11:32:00,564,10,12
16116,United Kingdom,612.78,1,248,612.78,612.78,248.0,2011-05-12 12:01:00,2011-05-12 12:01:00,0,212,1
16117,United Kingdom,654.4,3,321,218.13,218.13,107.0,2010-04-27 11:50:00,2011-06-03 11:42:00,401,190,3
16118,United Kingdom,4376.25,1,2851,4376.25,4376.25,2851.0,2010-02-25 09:40:00,2010-02-25 09:40:00,0,653,1
16119,United Kingdom,1720.81,8,811,215.1,215.1,101.38,2009-12-16 11:56:00,2011-12-01 15:11:00,715,8,8
16120,United Kingdom,2967.51,6,2161,494.58,494.58,360.17,2010-10-13 15:07:00,2011-10-11 14:22:00,362,59,6
16121,United Kingdom,1450.04,5,879,290.01,290.01,175.8,2010-05-23 10:52:00,2011-10-13 12:59:00,508,57,5
16122,United Kingdom,895.62,6,1280,149.27,149.27,213.33,2010-10-10 15:26:00,2011-09-27 15:34:00,352,73,6
16123,United Kingdom,307.78,1,170,307.78,307.78,170.0,2011-10-19 09:18:00,2011-10-19 09:18:00,0,52,1
16124,United Kingdom,1772.49,4,797,443.12,443.12,199.25,2009-12-07 10:33:00,2011-01-26 14:45:00,415,317,4
16125,United Kingdom,4292.35,14,1819,306.6,306.6,129.93,2009-12-14 15:38:00,2010-12-07 15:48:00,358,367,14
16126,United Kingdom,14644.6,15,6140,976.31,976.31,409.33,2009-12-02 13:34:00,2011-11-10 16:03:00,708,29,15
16127,United Kingdom,801.31,2,391,400.66,400.66,195.5,2009-12-13 12:19:00,2011-10-31 13:58:00,687,39,2
16128,United Kingdom,3801.05,11,2445,345.55,345.55,222.27,2010-07-16 16:30:00,2011-11-22 11:14:00,493,18,11
16129,United Kingdom,1396.05,3,1261,465.35,465.35,420.33,2010-07-20 12:32:00,2010-10-28 14:29:00,100,407,3
16130,United Kingdom,987.48,4,296,246.87,246.87,74.0,2010-04-01 13:58:00,2010-10-13 15:14:00,195,422,4
16131,United Kingdom,9957.42,12,4768,829.78,829.78,397.33,2009-12-02 10:09:00,2011-10-19 11:53:00,686,52,12
16132,United Kingdom,664.2,2,280,332.1,332.1,140.0,2010-03-22 10:25:00,2010-06-13 13:49:00,83,544,2
16133,United Kingdom,22992.26,56,13653,410.58,410.58,243.8,2010-03-31 12:21:00,2011-12-06 11:24:00,614,4,56
16134,United Kingdom,2145.34,5,1637,429.07,429.07,327.4,2010-06-17 09:48:00,2011-11-18 10:05:00,519,22,5
16135,United Kingdom,819.45,2,395,409.72,409.72,197.5,2010-05-05 09:35:00,2011-03-22 12:30:00,321,263,2
16136,United Kingdom,946.8,4,674,236.7,236.7,168.5,2010-02-14 12:49:00,2011-10-11 09:10:00,603,60,4
16137,United Kingdom,422.7,1,210,422.7,422.7,210.0,2010-01-28 15:04:00,2010-01-28 15:04:00,0,680,1
16138,United Kingdom,910.35,3,774,303.45,303.45,258.0,2010-04-28 09:51:00,2010-11-26 12:13:00,212,379,3
16139,United Kingdom,1111.15,5,602,222.23,222.23,120.4,2009-12-03 13:51:00,2011-11-21 08:37:00,717,19,5
16140,United Kingdom,1433.46,3,1272,477.82,477.82,424.0,2010-09-24 12:03:00,2011-10-05 12:15:00,376,66,3
16141,United Kingdom,955.94,2,410,477.97,477.97,205.0,2010-10-18 14:12:00,2011-09-12 13:11:00,328,88,2
16142,United Kingdom,535.34,1,422,535.34,535.34,422.0,2011-04-04 10:16:00,2011-04-04 10:16:00,0,250,1
16143,United Kingdom,4555.08,12,1866,379.59,379.59,155.5,2009-12-10 09:44:00,2011-12-06 14:13:00,726,3,12
16144,United Kingdom,175.2,1,16,175.2,175.2,16.0,2011-04-07 10:09:00,2011-04-07 10:09:00,0,247,1
16145,United Kingdom,6805.44,19,5270,358.18,358.18,277.37,2010-05-04 13:31:00,2011-12-01 10:33:00,575,9,19
16146,United Kingdom,946.38,4,544,236.6,236.6,136.0,2010-09-17 10:46:00,2011-07-05 14:20:00,291,157,4
16147,United Kingdom,2398.91,5,1395,479.78,479.78,279.0,2010-02-05 12:26:00,2011-07-29 09:57:00,538,134,5
16148,United Kingdom,386.62,2,250,193.31,193.31,125.0,2010-09-29 10:12:00,2011-02-16 14:01:00,140,296,2
16149,United Kingdom,422.22,3,598,140.74,140.74,199.33,2010-10-06 15:54:00,2011-12-05 11:29:00,424,5,3
16150,United Kingdom,4002.17,10,1990,400.22,400.22,199.0,2009-12-17 15:33:00,2011-10-28 12:39:00,679,43,10
16152,United Kingdom,1829.04,1,642,1829.04,1829.04,642.0,2011-03-16 09:47:00,2011-03-16 09:47:00,0,269,1
16153,United Kingdom,5133.49,11,3693,466.68,466.68,335.73,2010-05-26 12:41:00,2011-10-21 10:50:00,512,50,11
16155,United Kingdom,796.9,5,495,159.38,159.38,99.0,2010-06-18 11:23:00,2010-11-23 12:03:00,158,382,5
16156,United Kingdom,6188.18,20,3205,309.41,309.41,160.25,2009-12-02 17:06:00,2011-12-01 12:42:00,728,9,20
16157,United Kingdom,656.69,3,347,218.9,218.9,115.67,2011-09-28 11:48:00,2011-11-24 11:41:00,56,16,3
16158,United Kingdom,628.32,9,182,69.81,69.81,20.22,2009-12-05 15:00:00,2010-07-05 13:55:00,211,522,9
16159,United Kingdom,1232.79,4,635,308.2,308.2,158.75,2009-12-03 11:51:00,2011-03-03 12:27:00,455,282,4
16160,United Kingdom,1025.44,2,1162,512.72,512.72,581.0,2011-09-15 10:53:00,2011-10-05 14:19:00,20,65,2
16161,United Kingdom,12580.06,43,6255,292.56,292.56,145.47,2010-02-08 11:06:00,2011-12-08 12:10:00,668,2,43
16162,United Kingdom,37.4,1,4,37.4,37.4,4.0,2011-04-01 15:03:00,2011-04-01 15:03:00,0,252,1
16163,United Kingdom,2407.98,6,676,401.33,401.33,112.67,2009-12-02 10:00:00,2011-04-21 15:15:00,505,232,6
16164,United Kingdom,822.48,3,433,274.16,274.16,144.33,2011-10-28 09:12:00,2011-11-22 15:04:00,25,17,3
16165,United Kingdom,79.9,1,2,79.9,79.9,2.0,2010-07-22 14:17:00,2010-07-22 14:17:00,0,505,1
16166,United Kingdom,435.83,2,173,217.92,217.92,86.5,2010-01-17 14:16:00,2010-10-07 15:44:00,263,428,2
16167,United Kingdom,1386.12,5,1494,277.22,277.22,298.8,2009-12-01 10:46:00,2010-10-21 15:33:00,324,414,5
16168,United Kingdom,10360.67,66,4975,156.98,156.98,75.38,2009-12-03 12:38:00,2011-11-29 12:45:00,726,11,66
16169,United Kingdom,1822.97,4,1325,455.74,455.74,331.25,2011-09-25 11:33:00,2011-12-01 15:28:00,67,8,4
16170,United Kingdom,6869.0,20,6056,343.45,343.45,302.8,2010-02-18 13:50:00,2011-10-20 08:21:00,608,51,20
16171,United Kingdom,73.2,1,24,73.2,73.2,24.0,2011-10-11 14:51:00,2011-10-11 14:51:00,0,59,1
16172,United Kingdom,1884.55,8,1419,235.57,235.57,177.38,2010-07-14 15:34:00,2011-09-05 13:22:00,417,95,8
16173,United Kingdom,1418.32,6,575,236.39,236.39,95.83,2011-09-02 15:23:00,2011-11-24 10:53:00,82,16,6
16174,United Kingdom,2246.75,7,1431,320.96,320.96,204.43,2010-04-15 15:12:00,2011-08-05 13:26:00,476,126,7
16175,United Kingdom,1836.44,7,932,262.35,262.35,133.14,2010-05-25 12:01:00,2011-09-06 14:32:00,469,94,7
16176,United Kingdom,2052.69,4,952,513.17,513.17,238.0,2010-03-29 14:52:00,2010-10-14 13:54:00,198,421,4
16177,United Kingdom,2247.31,8,1021,280.91,280.91,127.62,2010-03-02 14:03:00,2011-10-20 12:57:00,596,50,8
16178,United Kingdom,612.6,2,304,306.3,306.3,152.0,2010-11-03 14:46:00,2011-07-24 16:05:00,263,138,2
16179,United Kingdom,215.83,1,99,215.83,215.83,99.0,2011-10-10 09:41:00,2011-10-10 09:41:00,0,61,1
16180,United Kingdom,16249.87,13,9813,1249.99,1249.99,754.85,2010-06-23 13:19:00,2011-08-31 16:28:00,434,100,13
16181,United Kingdom,305.54,1,152,305.54,305.54,152.0,2011-09-27 13:38:00,2011-09-27 13:38:00,0,73,1
16182,United Kingdom,9971.65,9,5887,1107.96,1107.96,654.11,2010-03-09 09:34:00,2011-09-28 13:23:00,568,72,9
16183,United Kingdom,1077.81,4,351,269.45,269.45,87.75,2010-10-28 14:43:00,2011-10-03 14:59:00,340,67,4
16184,United Kingdom,1158.79,6,561,193.13,193.13,93.5,2011-05-12 13:33:00,2011-10-06 17:43:00,147,64,6
16185,United Kingdom,644.72,3,321,214.91,214.91,107.0,2010-05-24 11:04:00,2011-11-23 09:41:00,547,17,3
16186,United Kingdom,8718.43,26,6594,335.32,335.32,253.62,2009-12-09 15:36:00,2011-11-17 12:43:00,707,23,26
16187,United Kingdom,6911.44,15,5048,460.76,460.76,336.53,2011-02-28 13:34:00,2011-11-08 09:50:00,252,32,15
16188,United Kingdom,1087.66,5,838,217.53,217.53,167.6,2010-10-27 11:50:00,2011-10-26 12:19:00,364,45,5
16189,United Kingdom,215.48,2,134,107.74,107.74,67.0,2011-09-15 15:21:00,2011-11-24 11:47:00,69,16,2
16190,United Kingdom,2723.55,8,1231,340.44,340.44,153.88,2009-12-14 11:59:00,2011-10-30 15:59:00,685,40,8
16191,United Kingdom,15677.82,24,9348,653.24,653.24,389.5,2009-12-11 12:24:00,2011-12-07 11:26:00,725,3,24
16192,United Kingdom,351.3,1,208,351.3,351.3,208.0,2009-12-04 12:28:00,2009-12-04 12:28:00,0,736,1
16193,United Kingdom,630.43,2,379,315.21,315.21,189.5,2010-10-25 10:25:00,2011-04-17 11:45:00,174,237,2
16194,United Kingdom,308.6,1,140,308.6,308.6,140.0,2010-11-29 13:28:00,2010-11-29 13:28:00,0,375,1
16195,United Kingdom,323.25,1,123,323.25,323.25,123.0,2009-12-16 14:09:00,2009-12-16 14:09:00,0,723,1
16196,United Kingdom,93.3,1,26,93.3,93.3,26.0,2010-08-08 11:40:00,2010-08-08 11:40:00,0,489,1
16197,United Kingdom,2016.71,9,1420,224.08,224.08,157.78,2009-12-16 11:44:00,2010-08-27 12:56:00,254,469,9
16198,United Kingdom,1030.04,2,384,515.02,515.02,192.0,2010-09-28 13:59:00,2011-09-25 14:58:00,362,75,2
16199,United Kingdom,942.75,7,321,134.68,134.68,45.86,2010-03-18 18:47:00,2010-11-12 12:55:00,238,392,7
16200,United Kingdom,5608.1,12,3068,467.34,467.34,255.67,2009-12-02 15:04:00,2011-12-05 14:40:00,732,4,12
16201,United Kingdom,2112.12,5,1421,422.42,422.42,284.2,2010-10-20 12:00:00,2011-12-06 16:02:00,412,3,5
16202,United Kingdom,2501.99,9,1307,278.0,278.0,145.22,2009-12-02 10:48:00,2010-12-14 10:43:00,376,361,9
16203,United Kingdom,943.84,6,537,157.31,157.31,89.5,2010-07-23 13:09:00,2011-10-12 12:31:00,445,59,6
16204,United Kingdom,918.71,3,671,306.24,306.24,223.67,2009-12-08 17:44:00,2011-11-16 13:40:00,707,23,3
16205,United Kingdom,1820.11,7,1452,260.02,260.02,207.43,2010-06-15 11:58:00,2011-11-09 09:32:00,511,31,7
16206,United Kingdom,2589.87,13,1379,199.22,199.22,106.08,2010-01-24 15:25:00,2011-10-16 10:41:00,629,55,13
16207,United Kingdom,394.38,1,140,394.38,394.38,140.0,2011-11-14 13:51:00,2011-11-14 13:51:00,0,25,1
16208,United Kingdom,3440.45,10,1541,344.04,344.04,154.1,2010-02-24 14:24:00,2011-10-26 11:36:00,608,45,10
16209,United Kingdom,4146.78,9,1895,460.75,460.75,210.56,2010-06-11 11:58:00,2011-09-12 11:58:00,458,89,9
16210,United Kingdom,33750.97,35,12397,964.31,964.31,354.2,2009-12-02 12:54:00,2011-12-08 12:36:00,735,2,35
16211,United Kingdom,1090.59,3,519,363.53,363.53,173.0,2010-09-27 15:24:00,2011-09-12 12:11:00,349,89,3
16212,United Kingdom,1293.71,4,571,323.43,323.43,142.75,2010-02-07 15:26:00,2011-11-20 13:00:00,650,19,4
16213,United Kingdom,159.0,1,48,159.0,159.0,48.0,2011-09-22 10:03:00,2011-09-22 10:03:00,0,79,1
16214,United Kingdom,2038.25,4,1308,509.56,509.56,327.0,2010-09-30 13:57:00,2011-06-22 11:30:00,264,171,4
16215,United Kingdom,242.35,1,104,242.35,242.35,104.0,2011-09-20 10:18:00,2011-09-20 10:18:00,0,81,1
16216,United Kingdom,914.93,1,254,914.93,914.93,254.0,2011-03-17 15:34:00,2011-03-17 15:34:00,0,267,1
16217,United Kingdom,304.25,2,91,152.12,152.12,45.5,2011-03-02 15:28:00,2011-04-18 13:31:00,46,235,2
16218,United Kingdom,3968.67,13,2799,305.28,305.28,215.31,2010-05-27 16:09:00,2011-11-10 09:59:00,531,30,13
16219,United Kingdom,40.8,1,48,40.8,40.8,48.0,2010-07-27 11:44:00,2010-07-27 11:44:00,0,501,1
16221,United Kingdom,2019.92,9,1449,224.44,224.44,161.0,2010-08-10 13:32:00,2011-11-03 11:43:00,449,37,9
16222,United Kingdom,1272.05,2,463,636.02,636.02,231.5,2009-12-18 14:31:00,2011-01-25 13:38:00,402,318,2
16223,United Kingdom,1087.05,2,643,543.52,543.52,321.5,2010-11-09 12:07:00,2010-11-30 11:50:00,20,375,2
16224,United Kingdom,1616.54,5,1555,323.31,323.31,311.0,2010-11-17 13:14:00,2011-10-13 17:51:00,330,57,5
16225,United Kingdom,2859.31,15,1281,190.62,190.62,85.4,2010-02-07 12:41:00,2011-10-26 08:30:00,625,45,15
16226,United Kingdom,672.17,5,521,134.43,134.43,104.2,2010-10-22 11:19:00,2011-05-20 14:41:00,210,203,5
16227,United Kingdom,1027.22,3,436,342.41,342.41,145.33,2010-06-22 13:28:00,2011-04-28 13:33:00,310,225,3
16228,United Kingdom,885.71,3,555,295.24,295.24,185.0,2010-11-04 18:54:00,2010-11-19 14:20:00,14,385,3
16229,United Kingdom,2867.86,6,1292,477.98,477.98,215.33,2010-05-24 12:59:00,2011-09-13 17:16:00,477,87,6
16230,United Kingdom,542.03,2,365,271.02,271.02,182.5,2011-05-03 15:12:00,2011-06-03 10:06:00,30,190,2
16231,United Kingdom,1074.47,4,563,268.62,268.62,140.75,2010-04-21 12:06:00,2010-11-25 15:00:00,218,379,4
16232,United Kingdom,2712.97,7,1849,387.57,387.57,264.14,2010-06-07 14:04:00,2011-10-27 12:16:00,506,44,7
16233,United Kingdom,1818.31,9,677,202.03,202.03,75.22,2009-12-02 13:23:00,2011-09-29 17:27:00,666,71,9
16234,United Kingdom,333.18,3,170,111.06,111.06,56.67,2010-05-27 10:39:00,2010-08-20 14:33:00,85,476,3
16235,United Kingdom,2053.71,9,788,228.19,228.19,87.56,2010-08-26 12:10:00,2011-10-30 10:56:00,429,41,9
16236,United Kingdom,432.2,1,184,432.2,432.2,184.0,2011-09-22 14:10:00,2011-09-22 14:10:00,0,78,1
16237,United Kingdom,136.65,1,57,136.65,136.65,57.0,2010-09-28 17:02:00,2010-09-28 17:02:00,0,437,1
16238,United Kingdom,63.66,1,85,63.66,63.66,85.0,2010-10-13 12:36:00,2010-10-13 12:36:00,0,423,1
16239,United Kingdom,1492.2,6,692,248.7,248.7,115.33,2010-09-02 19:17:00,2011-10-14 08:29:00,406,57,6
16240,United Kingdom,3718.8,2,1641,1859.4,1859.4,820.5,2011-09-23 13:44:00,2011-11-15 14:30:00,53,24,2
16241,United Kingdom,3992.86,16,2258,249.55,249.55,141.12,2010-10-25 13:40:00,2011-11-30 11:08:00,400,10,16
16242,United Kingdom,7404.65,14,3921,528.9,528.9,280.07,2010-03-15 16:02:00,2011-12-01 15:12:00,625,8,14
16243,United Kingdom,409.1,2,110,204.55,204.55,55.0,2011-10-16 12:09:00,2011-11-06 12:32:00,21,34,2
16244,United Kingdom,1522.75,2,855,761.38,761.38,427.5,2010-12-02 11:41:00,2011-05-12 10:18:00,160,212,2
16245,United Kingdom,1413.66,3,1014,471.22,471.22,338.0,2011-03-28 09:30:00,2011-11-16 10:14:00,233,24,3
16246,United Kingdom,821.35,2,336,410.68,410.68,168.0,2010-02-08 12:32:00,2010-09-06 12:04:00,209,460,2
16247,United Kingdom,114.56,1,182,114.56,114.56,182.0,2011-06-22 14:23:00,2011-06-22 14:23:00,0,170,1
16248,United Kingdom,152.94,1,78,152.94,152.94,78.0,2011-10-09 11:32:00,2011-10-09 11:32:00,0,62,1
16249,United Kingdom,1800.07,5,950,360.01,360.01,190.0,2011-04-14 13:50:00,2011-10-18 10:07:00,186,53,5
16250,United Kingdom,565.24,3,268,188.41,188.41,89.33,2010-11-18 10:43:00,2011-03-23 15:07:00,125,261,3
16251,United Kingdom,128.31,1,44,128.31,128.31,44.0,2010-07-15 14:55:00,2010-07-15 14:55:00,0,512,1
16252,United Kingdom,295.09,1,158,295.09,295.09,158.0,2010-11-22 11:57:00,2010-11-22 11:57:00,0,383,1
16253,United Kingdom,7272.2,7,6030,1038.89,1038.89,861.43,2009-12-08 17:24:00,2011-10-04 09:09:00,664,67,7
16254,United Kingdom,967.44,3,543,322.48,322.48,181.0,2010-03-17 15:43:00,2010-11-26 13:22:00,253,378,3
16255,United Kingdom,4530.0,15,2876,302.0,302.0,191.73,2010-01-24 12:21:00,2011-11-23 12:40:00,668,17,15
16256,United Kingdom,1629.37,3,1590,543.12,543.12,530.0,2010-04-21 10:34:00,2011-03-18 12:18:00,331,267,3
16257,United Kingdom,46.95,1,2,46.95,46.95,2.0,2011-06-16 10:11:00,2011-06-16 10:11:00,0,177,1
16258,United Kingdom,11942.52,15,7200,796.17,796.17,480.0,2010-03-10 14:19:00,2011-10-25 13:30:00,593,45,15
16259,United Kingdom,340.94,3,143,113.65,113.65,47.67,2010-04-13 16:57:00,2010-10-25 14:27:00,194,410,3
16260,United Kingdom,1035.45,1,311,1035.45,1035.45,311.0,2011-10-20 09:40:00,2011-10-20 09:40:00,0,51,1
16261,United Kingdom,1041.16,6,454,173.53,173.53,75.67,2010-09-23 16:40:00,2011-11-22 17:23:00,425,17,6
16262,United Kingdom,755.15,1,446,755.15,755.15,446.0,2010-11-26 13:22:00,2010-11-26 13:22:00,0,378,1
16263,United Kingdom,348.16,1,197,348.16,348.16,197.0,2010-10-12 14:52:00,2010-10-12 14:52:00,0,423,1
16264,United Kingdom,823.53,2,616,411.76,411.76,308.0,2010-09-19 16:14:00,2010-09-27 15:00:00,7,438,2
16265,United Kingdom,6935.17,12,3214,577.93,577.93,267.83,2010-10-28 15:18:00,2011-11-30 16:41:00,398,9,12
16266,United Kingdom,1757.95,14,791,125.57,125.57,56.5,2010-02-04 16:21:00,2011-09-27 12:08:00,599,74,14
16267,United Kingdom,186.66,1,198,186.66,186.66,198.0,2010-04-27 14:10:00,2010-04-27 14:10:00,0,591,1
16268,United Kingdom,667.65,2,533,333.82,333.82,266.5,2011-09-29 18:30:00,2011-09-29 18:30:00,0,71,2
16269,United Kingdom,717.57,1,579,717.57,717.57,579.0,2010-09-28 11:50:00,2010-09-28 11:50:00,0,438,1
16270,United Kingdom,1141.24,1,688,1141.24,1141.24,688.0,2010-12-21 14:26:00,2010-12-21 14:26:00,0,353,1
16271,United Kingdom,3397.82,10,2359,339.78,339.78,235.9,2010-03-07 12:03:00,2011-12-07 12:45:00,640,3,10
16272,United Kingdom,411.7,1,224,411.7,411.7,224.0,2011-08-15 10:53:00,2011-08-15 10:54:00,0,117,1
16273,United Kingdom,318.34,2,40,159.17,159.17,20.0,2010-02-21 16:02:00,2010-03-01 13:24:00,7,648,2
16274,United Kingdom,351.75,1,153,351.75,351.75,153.0,2010-12-01 15:35:00,2010-12-01 15:35:00,0,373,1
16275,United Kingdom,2151.11,3,1268,717.04,717.04,422.67,2010-03-08 14:41:00,2011-05-27 12:41:00,444,197,3
16276,United Kingdom,2629.39,3,1467,876.46,876.46,489.0,2010-04-11 12:02:00,2011-06-16 09:34:00,430,177,3
16277,United Kingdom,188.69,1,33,188.69,188.69,33.0,2009-12-06 11:27:00,2009-12-06 11:27:00,0,734,1
16278,United Kingdom,1117.84,3,342,372.61,372.61,114.0,2010-07-28 15:40:00,2011-08-31 17:12:00,399,100,3
16279,United Kingdom,5698.28,9,3683,633.14,633.14,409.22,2010-04-22 14:09:00,2011-11-18 15:00:00,575,21,9
16280,United Kingdom,238.05,1,101,238.05,238.05,101.0,2009-12-14 15:49:00,2009-12-14 15:49:00,0,725,1
16281,United Kingdom,3424.02,3,1570,1141.34,1141.34,523.33,2010-01-26 13:41:00,2011-09-28 14:57:00,610,72,3
16282,United Kingdom,1307.58,3,790,435.86,435.86,263.33,2009-12-21 11:52:00,2011-01-04 11:42:00,378,340,3
16283,United Kingdom,4350.32,8,2867,543.79,543.79,358.38,2010-02-28 14:12:00,2011-12-04 12:08:00,643,6,8
16284,United Kingdom,1018.48,3,674,339.49,339.49,224.67,2010-11-11 13:27:00,2011-11-08 16:12:00,362,31,3
16285,United Kingdom,176.9,1,60,176.9,176.9,60.0,2010-03-03 16:03:00,2010-03-03 16:03:00,0,646,1
16286,United Kingdom,328.95,2,101,164.48,164.48,50.5,2010-03-26 09:58:00,2010-08-19 14:48:00,146,477,2
16287,United Kingdom,1006.98,5,1426,201.4,201.4,285.2,2010-01-19 09:46:00,2011-06-23 09:08:00,519,170,5
16288,United Kingdom,129.85,1,19,129.85,129.85,19.0,2010-08-26 14:45:00,2010-08-26 14:45:00,0,470,1
16289,United Kingdom,136.31,1,97,136.31,136.31,97.0,2010-09-03 14:02:00,2010-09-03 14:02:00,0,462,1
16290,United Kingdom,1957.7,4,957,489.42,489.42,239.25,2010-05-23 11:46:00,2010-09-01 11:52:00,101,465,4
16291,Portugal,117.72,1,1,117.72,117.72,1.0,2010-01-26 16:26:00,2010-01-26 16:26:00,0,682,1
16292,United Kingdom,1253.76,5,688,250.75,250.75,137.6,2010-04-14 13:29:00,2011-08-10 12:24:00,482,122,5
16293,United Kingdom,4279.2,15,1833,285.28,285.28,122.2,2009-12-11 09:58:00,2011-11-18 09:58:00,707,22,15
16294,United Kingdom,126.05,1,54,126.05,126.05,54.0,2010-08-20 12:01:00,2010-08-20 12:01:00,0,477,1
16295,United Kingdom,1328.55,4,841,332.14,332.14,210.25,2011-10-06 10:45:00,2011-11-30 08:17:00,54,10,4
16296,United Kingdom,1313.67,4,645,328.42,328.42,161.25,2009-12-18 12:03:00,2010-03-23 13:11:00,95,626,4
16297,United Kingdom,301.9,1,206,301.9,301.9,206.0,2011-03-16 08:29:00,2011-03-16 08:29:00,0,269,1
16298,United Kingdom,1085.7,7,308,155.1,155.1,44.0,2010-09-23 15:23:00,2011-11-17 11:59:00,419,23,7
16299,United Kingdom,193.65,1,107,193.65,193.65,107.0,2010-08-19 17:46:00,2010-08-19 17:46:00,0,477,1
16300,United Kingdom,1367.32,3,643,455.77,455.77,214.33,2010-02-02 11:40:00,2010-10-05 13:14:00,245,430,3
16301,United Kingdom,107.33,1,41,107.33,107.33,41.0,2009-12-03 10:20:00,2009-12-03 10:20:00,0,737,1
16302,United Kingdom,233.22,1,158,233.22,233.22,158.0,2011-08-05 09:44:00,2011-08-05 09:44:00,0,127,1
16303,United Kingdom,7928.27,7,3859,1132.61,1132.61,551.29,2010-03-18 14:12:00,2011-11-14 10:49:00,605,26,7
16304,United Kingdom,381.66,1,228,381.66,381.66,228.0,2010-01-14 08:30:00,2010-01-14 08:30:00,0,695,1
16305,United Kingdom,361.22,1,256,361.22,361.22,256.0,2011-07-24 12:18:00,2011-07-24 12:18:00,0,139,1
16306,United Kingdom,1124.72,7,712,160.67,160.67,101.71,2010-10-01 09:36:00,2011-05-10 12:12:00,221,214,7
16307,United Kingdom,1194.92,3,1123,398.31,398.31,374.33,2010-05-11 14:40:00,2010-10-06 14:31:00,147,429,3
16308,United Kingdom,5120.0,7,16000,731.43,731.43,2285.71,2009-12-15 15:48:00,2011-11-02 11:24:00,686,38,7
16309,United Kingdom,706.57,2,467,353.28,353.28,233.5,2011-04-13 11:46:00,2011-08-25 15:35:00,134,106,2
16310,United Kingdom,460.08,2,270,230.04,230.04,135.0,2010-03-07 15:41:00,2010-10-21 14:47:00,227,414,2
16311,United Kingdom,616.26,2,394,308.13,308.13,197.0,2011-10-21 13:13:00,2011-11-22 08:54:00,31,18,2
16312,United Kingdom,171.15,1,53,171.15,171.15,53.0,2010-10-03 14:15:00,2010-10-03 14:15:00,0,432,1
16313,United Kingdom,274.15,2,165,137.07,137.07,82.5,2011-10-21 09:04:00,2011-12-06 13:02:00,46,3,2
16314,United Kingdom,1491.4,3,636,497.13,497.13,212.0,2010-08-24 11:52:00,2010-11-15 12:06:00,83,390,3
16315,United Kingdom,402.71,2,143,201.36,201.36,71.5,2010-06-21 13:53:00,2011-01-13 11:57:00,205,331,2
16316,United Kingdom,5744.91,13,3057,441.92,441.92,235.15,2010-08-03 14:38:00,2011-10-06 13:48:00,428,64,13
16317,United Kingdom,2192.51,5,1236,438.5,438.5,247.2,2010-05-04 10:17:00,2011-08-12 12:46:00,465,120,5
16318,United Kingdom,328.15,1,199,328.15,328.15,199.0,2011-11-04 13:05:00,2011-11-04 13:05:00,0,35,1
16319,United Kingdom,404.4,1,72,404.4,404.4,72.0,2011-05-06 11:27:00,2011-05-06 11:27:00,0,218,1
16320,Unspecified,5628.99,6,3319,938.16,938.16,553.17,2010-01-27 13:29:00,2011-06-20 15:25:00,509,172,6
16321,Australia,604.55,7,259,86.36,86.36,37.0,2009-12-01 10:36:00,2011-09-28 14:55:00,666,72,7
16322,United Kingdom,326.75,2,231,163.38,163.38,115.5,2011-11-03 14:33:00,2011-12-08 15:41:00,35,1,2
16323,United Kingdom,353.66,2,146,176.83,176.83,73.0,2010-05-11 09:48:00,2011-05-27 14:48:00,381,196,2
16324,United Kingdom,408.59,3,270,136.2,136.2,90.0,2011-06-15 14:26:00,2011-08-03 12:58:00,48,128,3
16325,United Kingdom,3597.5,12,2464,299.79,299.79,205.33,2009-12-04 13:21:00,2011-10-24 08:48:00,688,47,12
16326,United Kingdom,4721.25,24,1083,196.72,196.72,45.12,2010-01-28 13:23:00,2011-12-04 10:11:00,674,6,24
16327,United Kingdom,10159.64,16,8124,634.98,634.98,507.75,2009-12-14 13:06:00,2011-11-25 13:23:00,711,14,16
16328,United Kingdom,310.83,1,141,310.83,310.83,141.0,2010-05-25 14:02:00,2010-05-25 14:02:00,0,563,1
16329,United Kingdom,1664.92,4,797,416.23,416.23,199.25,2009-12-01 11:34:00,2010-10-08 12:44:00,311,428,4
16330,United Kingdom,625.38,7,326,89.34,89.34,46.57,2010-02-15 12:36:00,2011-11-22 12:24:00,644,18,7
16331,United Kingdom,2037.7,6,756,339.62,339.62,126.0,2010-03-07 10:55:00,2010-10-03 13:47:00,210,432,6
16332,United Kingdom,2000.01,11,1128,181.82,181.82,102.55,2010-04-29 13:41:00,2011-11-11 14:22:00,561,28,11
16333,United Kingdom,26626.8,22,32184,1210.31,1210.31,1462.91,2011-02-03 10:50:00,2011-12-02 12:19:00,302,8,22
16334,United Kingdom,263.73,1,206,263.73,263.73,206.0,2010-08-04 16:38:00,2010-08-04 16:38:00,0,492,1
16335,United Kingdom,2753.52,7,1004,393.36,393.36,143.43,2009-12-04 10:18:00,2010-06-06 11:35:00,184,552,7
16336,United Kingdom,3517.69,4,1473,879.42,879.42,368.25,2010-03-18 08:05:00,2010-10-15 12:32:00,211,421,4
16337,United Kingdom,151.05,1,87,151.05,151.05,87.0,2011-11-03 10:03:00,2011-11-03 10:03:00,0,37,1
16338,United Kingdom,214.8,1,94,214.8,214.8,94.0,2011-07-05 13:56:00,2011-07-05 13:56:00,0,157,1
16339,United Kingdom,94.05,1,21,94.05,94.05,21.0,2011-02-28 13:41:00,2011-02-28 13:41:00,0,284,1
16340,United Kingdom,1496.24,3,1319,498.75,498.75,439.67,2010-06-06 13:26:00,2011-08-24 14:53:00,444,107,3
16341,United Kingdom,3850.79,7,3022,550.11,550.11,431.71,2010-04-09 10:30:00,2011-11-15 09:12:00,584,25,7
16342,United Kingdom,322.41,4,157,80.6,80.6,39.25,2011-06-13 10:10:00,2011-09-25 14:36:00,104,75,4
16343,United Kingdom,614.12,3,345,204.71,204.71,115.0,2010-10-28 14:15:00,2011-11-23 17:45:00,391,16,3
16344,United Kingdom,842.42,4,706,210.6,210.6,176.5,2010-02-09 12:16:00,2011-07-04 15:50:00,510,158,4
16345,United Kingdom,1178.79,2,611,589.4,589.4,305.5,2010-08-13 17:13:00,2011-10-26 16:03:00,438,44,2
16346,United Kingdom,224.51,1,289,224.51,224.51,289.0,2010-11-19 15:55:00,2010-11-19 15:55:00,0,385,1
16347,United Kingdom,3442.96,11,1715,313.0,313.0,155.91,2010-03-12 12:41:00,2011-11-28 13:14:00,626,11,11
16348,United Kingdom,1744.42,8,1164,218.05,218.05,145.5,2010-10-05 13:57:00,2011-11-07 15:44:00,398,32,8
16349,United Kingdom,53.5,1,9,53.5,53.5,9.0,2011-02-22 12:40:00,2011-02-22 12:40:00,0,291,1
16350,United Kingdom,2253.89,9,1077,250.43,250.43,119.67,2010-10-07 16:33:00,2011-11-18 15:53:00,406,21,9
16351,United Kingdom,3330.03,13,2165,256.16,256.16,166.54,2009-12-04 16:12:00,2011-01-11 10:26:00,402,333,13
16352,United Kingdom,494.44,2,300,247.22,247.22,150.0,2011-11-02 08:44:00,2011-11-22 10:32:00,20,18,2
16353,United Kingdom,9795.46,38,3483,257.78,257.78,91.66,2009-12-07 13:55:00,2011-12-06 12:23:00,728,4,38
16354,United Kingdom,1119.46,5,592,223.89,223.89,118.4,2010-04-27 13:33:00,2011-10-07 14:28:00,528,63,5
16355,United Kingdom,416.35,1,179,416.35,416.35,179.0,2010-11-29 14:21:00,2010-11-29 14:21:00,0,375,1
16356,United Kingdom,415.87,6,190,69.31,69.31,31.67,2010-06-06 11:26:00,2011-05-26 11:51:00,354,198,6
16357,United Kingdom,868.37,4,389,217.09,217.09,97.25,2010-11-23 18:52:00,2011-11-06 16:04:00,347,33,4
16358,United Kingdom,2919.65,5,2065,583.93,583.93,413.0,2010-11-10 11:36:00,2011-12-08 15:09:00,393,1,5
16359,United Kingdom,2697.75,16,1764,168.61,168.61,110.25,2010-02-16 10:39:00,2011-12-02 17:04:00,654,7,16
16360,United Kingdom,3450.41,6,2110,575.07,575.07,351.67,2011-09-12 13:50:00,2011-12-05 12:16:00,83,5,6
16361,United Kingdom,891.21,4,418,222.8,222.8,104.5,2011-09-29 13:13:00,2011-11-30 12:32:00,61,10,4
16362,United Kingdom,922.16,6,467,153.69,153.69,77.83,2010-09-28 09:24:00,2011-11-07 13:01:00,405,32,6
16363,United Kingdom,109.36,1,52,109.36,109.36,52.0,2011-10-17 14:14:00,2011-10-17 14:14:00,0,53,1
16364,United Kingdom,705.79,2,279,352.9,352.9,139.5,2011-07-25 14:35:00,2011-11-28 11:27:00,125,12,2
16365,United Kingdom,3167.34,15,1034,211.16,211.16,68.93,2009-12-11 12:41:00,2011-11-22 11:24:00,710,18,15
16366,United Kingdom,1548.13,4,882,387.03,387.03,220.5,2009-12-16 10:39:00,2011-11-21 08:19:00,704,19,4
16367,United Kingdom,1350.48,3,1103,450.16,450.16,367.67,2010-11-21 13:23:00,2011-11-02 13:13:00,345,37,3
16368,United Kingdom,621.44,3,307,207.15,207.15,102.33,2010-09-30 11:30:00,2011-12-07 13:12:00,433,2,3
16369,United Kingdom,2656.56,7,1589,379.51,379.51,227.0,2010-04-07 16:52:00,2011-11-21 16:25:00,592,18,7
16370,United Kingdom,1301.91,4,640,325.48,325.48,160.0,2011-04-28 16:40:00,2011-09-18 15:55:00,142,82,4
16371,United Kingdom,157.2,1,108,157.2,157.2,108.0,2010-09-17 12:09:00,2010-09-17 12:09:00,0,449,1
16372,United Kingdom,1290.31,5,722,258.06,258.06,144.4,2010-04-11 15:20:00,2011-11-06 13:08:00,573,33,5
16373,United Kingdom,309.49,2,119,154.74,154.74,59.5,2010-10-24 13:10:00,2010-11-22 15:50:00,29,382,2
16374,United Kingdom,1723.4,5,771,344.68,344.68,154.2,2010-04-30 13:10:00,2011-10-04 15:21:00,522,66,5
16375,United Kingdom,104.0,2,74,52.0,52.0,37.0,2010-08-26 14:12:00,2010-08-26 14:25:00,0,470,2
16376,United Kingdom,974.96,2,691,487.48,487.48,345.5,2011-11-22 16:47:00,2011-12-01 11:38:00,8,9,2
16377,United Kingdom,1308.48,2,2928,654.24,654.24,1464.0,2010-04-01 10:36:00,2011-03-17 15:41:00,350,267,2
16378,United Kingdom,362.95,3,267,120.98,120.98,89.0,2011-02-02 12:42:00,2011-04-06 15:07:00,63,247,3
16379,United Kingdom,2157.4,4,1410,539.35,539.35,352.5,2011-09-22 09:33:00,2011-12-05 15:38:00,74,4,4
16380,United Kingdom,1743.15,1,1428,1743.15,1743.15,1428.0,2011-10-09 15:40:00,2011-10-09 15:40:00,0,61,1
16381,United Kingdom,247.85,2,108,123.92,123.92,54.0,2010-10-17 13:06:00,2010-11-09 09:56:00,22,396,2
16382,United Kingdom,353.1,2,167,176.55,176.55,83.5,2010-06-07 12:42:00,2010-10-27 16:23:00,142,408,2
16383,United Kingdom,2896.69,7,1596,413.81,413.81,228.0,2010-02-04 13:18:00,2011-09-26 12:45:00,598,75,7
16384,United Kingdom,1358.95,4,861,339.74,339.74,215.25,2010-04-28 14:01:00,2011-09-11 11:19:00,500,90,4
16385,United Kingdom,881.35,5,476,176.27,176.27,95.2,2010-03-18 12:45:00,2011-10-10 13:12:00,571,60,5
16386,United Kingdom,1068.16,3,700,356.05,356.05,233.33,2010-11-17 11:19:00,2011-11-11 12:28:00,359,29,3
16387,United Kingdom,882.46,5,448,176.49,176.49,89.6,2010-03-11 12:22:00,2011-01-21 11:34:00,315,323,5
16388,United Kingdom,186.05,1,83,186.05,186.05,83.0,2010-02-24 10:20:00,2010-02-24 10:20:00,0,654,1
16389,United Kingdom,1382.07,4,1242,345.52,345.52,310.5,2011-03-01 15:47:00,2011-10-17 14:41:00,229,53,4
16390,United Kingdom,467.5,3,122,155.83,155.83,40.67,2010-01-29 15:25:00,2010-06-21 10:11:00,142,537,3
16391,United Kingdom,1052.26,4,715,263.06,263.06,178.75,2010-05-27 11:27:00,2010-11-04 12:27:00,161,401,4
16392,United Kingdom,756.7,3,604,252.23,252.23,201.33,2010-05-27 11:17:00,2011-03-15 12:11:00,292,270,3
16393,United Kingdom,5297.77,23,3001,230.34,230.34,130.48,2009-12-01 12:13:00,2011-12-07 12:51:00,736,2,23
16394,United Kingdom,1555.34,5,2604,311.07,311.07,520.8,2011-02-23 10:58:00,2011-10-14 09:48:00,232,57,5
16395,United Kingdom,3518.41,14,2901,251.32,251.32,207.21,2009-12-06 12:26:00,2011-10-10 12:50:00,673,61,14
16396,United Kingdom,137.8,1,80,137.8,137.8,80.0,2010-08-20 14:17:00,2010-08-20 14:17:00,0,476,1
16397,United Kingdom,123.13,1,43,123.13,123.13,43.0,2010-03-21 15:36:00,2010-03-21 15:36:00,0,628,1
16398,United Kingdom,1705.8,2,758,852.9,852.9,379.0,2011-03-31 09:38:00,2011-07-08 15:16:00,99,154,2
16399,United Kingdom,630.22,3,452,210.07,210.07,150.67,2010-11-15 15:03:00,2011-11-20 16:12:00,370,19,3
16400,United Kingdom,3059.85,9,2066,339.98,339.98,229.56,2009-12-08 12:38:00,2011-09-06 12:27:00,636,95,9
16401,United Kingdom,6849.15,23,6035,297.79,297.79,262.39,2010-06-02 13:13:00,2011-12-08 18:15:00,554,1,23
16402,United Kingdom,293.45,2,146,146.72,146.72,73.0,2010-12-05 13:42:00,2011-03-20 12:25:00,104,265,2
16403,United Kingdom,177.5,1,114,177.5,177.5,114.0,2011-01-31 13:39:00,2011-01-31 13:39:00,0,312,1
16404,United Kingdom,443.05,1,157,443.05,443.05,157.0,2011-09-30 14:55:00,2011-09-30 14:55:00,0,70,1
16405,United Kingdom,167.25,2,187,83.62,83.62,93.5,2011-02-02 17:08:00,2011-02-10 15:24:00,7,302,2
16406,United Kingdom,528.36,3,257,176.12,176.12,85.67,2010-02-24 11:51:00,2011-11-21 11:57:00,635,19,3
16407,United Kingdom,2761.65,14,1448,197.26,197.26,103.43,2010-10-03 13:56:00,2011-11-27 11:05:00,419,13,14
16408,United Kingdom,231.93,1,227,231.93,231.93,227.0,2010-04-27 14:08:00,2010-04-27 14:08:00,0,591,1
16409,United Kingdom,5652.74,12,3664,471.06,471.06,305.33,2009-12-13 15:38:00,2011-11-03 16:45:00,690,36,12
16410,United Kingdom,130.32,1,348,130.32,130.32,348.0,2009-12-05 14:51:00,2009-12-05 14:51:00,0,734,1
16411,United Kingdom,756.39,4,461,189.1,189.1,115.25,2010-10-07 15:09:00,2011-11-20 13:23:00,408,19,4
16412,United Kingdom,593.19,5,288,118.64,118.64,57.6,2010-02-04 13:46:00,2011-10-17 12:35:00,619,54,5
16413,United Kingdom,522.03,2,283,261.02,261.02,141.5,2010-11-29 12:49:00,2011-10-14 12:08:00,318,57,2
16414,United Kingdom,551.21,5,201,110.24,110.24,40.2,2010-01-14 10:21:00,2011-11-18 09:42:00,672,22,5
16415,United Kingdom,696.76,3,508,232.25,232.25,169.33,2010-02-01 12:30:00,2011-10-26 13:35:00,632,44,3
16416,United Kingdom,2957.88,9,2198,328.65,328.65,244.22,2010-02-23 12:00:00,2011-11-13 12:50:00,628,27,9
16417,United Kingdom,35.7,1,6,35.7,35.7,6.0,2010-08-04 09:08:00,2010-08-04 09:08:00,0,493,1
16418,United Kingdom,1028.74,5,564,205.75,205.75,112.8,2010-10-13 12:31:00,2011-10-26 12:39:00,378,45,5
16419,United Kingdom,1463.7,8,701,182.96,182.96,87.62,2010-02-09 13:26:00,2011-08-19 12:33:00,555,113,8
16420,United Kingdom,75.0,1,120,75.0,75.0,120.0,2010-11-08 15:15:00,2010-11-08 15:15:00,0,396,1
16421,United Kingdom,526.27,3,123,175.42,175.42,41.0,2010-08-27 12:02:00,2010-11-28 13:31:00,93,376,3
16422,United Kingdom,61920.87,109,64225,568.08,568.08,589.22,2010-01-12 11:57:00,2011-11-22 14:00:00,679,17,109
16423,United Kingdom,346.12,1,230,346.12,346.12,230.0,2011-11-15 09:21:00,2011-11-15 09:21:00,0,25,1
16424,United Kingdom,443.06,2,212,221.53,221.53,106.0,2010-11-22 11:24:00,2011-06-01 13:40:00,191,191,2
16425,United Kingdom,302.7,1,199,302.7,302.7,199.0,2011-02-10 14:30:00,2011-02-10 14:30:00,0,302,1
16426,United Kingdom,1863.76,10,1215,186.38,186.38,121.5,2011-03-08 15:45:00,2011-12-07 14:01:00,273,2,10
16427,United Kingdom,241.06,2,156,120.53,120.53,78.0,2011-02-28 15:18:00,2011-03-21 17:10:00,21,263,2
16428,United Kingdom,638.49,3,575,212.83,212.83,191.67,2010-07-30 12:10:00,2010-10-22 12:22:00,84,414,3
16429,United Kingdom,284.55,1,9,284.55,284.55,9.0,2011-08-25 13:54:00,2011-08-25 13:54:00,0,106,1
16430,United Kingdom,1117.94,7,307,159.71,159.71,43.86,2010-01-27 12:45:00,2011-10-13 14:47:00,624,57,7
16431,United Kingdom,623.28,3,442,207.76,207.76,147.33,2011-02-15 14:02:00,2011-05-10 14:09:00,84,213,3
16432,United Kingdom,287.4,1,276,287.4,287.4,276.0,2011-10-06 13:59:00,2011-10-06 13:59:00,0,64,1
16433,United Kingdom,384.52,2,214,192.26,192.26,107.0,2010-10-27 12:26:00,2011-11-11 14:09:00,380,28,2
16434,United Kingdom,2673.69,12,1310,222.81,222.81,109.17,2010-01-17 14:51:00,2011-11-10 14:28:00,661,29,12
16435,United Kingdom,1003.07,3,608,334.36,334.36,202.67,2010-07-13 13:29:00,2010-07-15 18:22:00,2,512,3
16436,United Kingdom,319.14,3,227,106.38,106.38,75.67,2009-12-06 16:02:00,2010-02-09 13:19:00,64,668,3
16437,United Kingdom,301.25,2,197,150.62,150.62,98.5,2010-10-06 12:34:00,2010-11-23 16:59:00,48,381,2
16438,United Kingdom,798.35,5,463,159.67,159.67,92.6,2011-09-18 13:31:00,2011-12-04 10:51:00,76,6,5
16439,United Kingdom,310.7,1,74,310.7,310.7,74.0,2009-12-17 14:22:00,2009-12-17 14:22:00,0,722,1
16440,United Kingdom,3856.97,6,2108,642.83,642.83,351.33,2010-08-03 11:32:00,2011-12-02 12:02:00,486,8,6
16441,United Kingdom,1019.13,5,478,203.83,203.83,95.6,2010-03-22 18:00:00,2011-10-03 17:48:00,559,67,5
16442,United Kingdom,891.98,5,580,178.4,178.4,116.0,2009-12-13 11:05:00,2011-12-08 11:43:00,725,2,5
16443,United Kingdom,162.24,1,96,162.24,162.24,96.0,2010-07-07 11:57:00,2010-07-07 11:57:00,0,521,1
16444,United Kingdom,3625.88,17,1945,213.29,213.29,114.41,2010-03-24 14:06:00,2011-10-24 13:50:00,578,46,17
16445,United Kingdom,583.16,4,287,145.79,145.79,71.75,2010-10-24 12:39:00,2011-11-06 12:32:00,377,34,4
16446,United Kingdom,168472.5,2,80997,84236.25,84236.25,40498.5,2011-05-18 09:52:00,2011-12-09 09:15:00,204,1,2
16447,United Kingdom,727.1,3,315,242.37,242.37,105.0,2010-02-17 14:09:00,2011-07-27 12:45:00,524,136,3
16448,United Kingdom,361.12,2,176,180.56,180.56,88.0,2010-08-25 16:58:00,2011-05-25 16:28:00,272,198,2
16449,United Kingdom,707.69,2,367,353.84,353.84,183.5,2011-03-04 12:15:00,2011-05-26 10:25:00,82,198,2
16450,United Kingdom,1505.73,3,681,501.91,501.91,227.0,2010-02-21 15:46:00,2011-07-13 11:47:00,506,150,3
16451,United Kingdom,1013.15,3,524,337.72,337.72,174.67,2009-12-04 15:11:00,2011-09-13 09:17:00,647,88,3
16452,United Kingdom,332.17,2,199,166.08,166.08,99.5,2010-01-15 12:22:00,2010-03-19 12:39:00,63,631,2
16453,United Kingdom,251.71,2,139,125.86,125.86,69.5,2010-06-09 13:15:00,2010-06-27 12:46:00,17,531,2
16454,United Kingdom,30.95,4,9,7.74,7.74,2.25,2010-04-07 15:54:00,2011-10-26 11:40:00,566,45,4
16455,United Kingdom,3995.57,11,2851,363.23,363.23,259.18,2010-03-30 10:31:00,2011-10-07 12:17:00,556,64,11
16456,United Kingdom,6000.94,13,3296,461.61,461.61,253.54,2010-03-29 11:16:00,2011-09-01 13:50:00,521,99,13
16457,United Kingdom,208.36,1,140,208.36,208.36,140.0,2011-05-05 13:19:00,2011-05-05 13:19:00,0,218,1
16458,United Kingdom,5690.89,30,3395,189.7,189.7,113.17,2010-05-26 14:38:00,2011-12-07 09:34:00,559,3,30
16459,United Kingdom,71.79,1,59,71.79,71.79,59.0,2009-12-10 12:42:00,2009-12-10 12:42:00,0,730,1
16460,United Kingdom,811.23,3,876,270.41,270.41,292.0,2011-09-19 10:15:00,2011-11-11 13:46:00,53,28,3
16461,United Kingdom,1545.83,3,933,515.28,515.28,311.0,2010-03-03 13:57:00,2011-06-15 12:07:00,468,178,3
16462,United Kingdom,136.0,3,16,45.33,45.33,5.33,2011-03-01 08:58:00,2011-09-27 10:24:00,210,74,3
16463,United Kingdom,1422.4,4,1163,355.6,355.6,290.75,2011-05-19 14:45:00,2011-11-18 14:01:00,182,21,4
16464,United Kingdom,1298.66,3,952,432.89,432.89,317.33,2011-07-20 13:53:00,2011-11-20 12:11:00,122,20,3
16465,United Kingdom,746.24,2,504,373.12,373.12,252.0,2010-09-21 10:46:00,2010-10-15 09:27:00,23,421,2
16466,United Kingdom,3767.09,15,1777,251.14,251.14,118.47,2010-03-07 14:31:00,2011-11-06 11:35:00,608,34,15
16467,United Kingdom,2869.16,7,7384,409.88,409.88,1054.86,2009-12-02 11:59:00,2010-07-19 11:49:00,228,509,7
16468,United Kingdom,787.52,3,371,262.51,262.51,123.67,2010-08-15 13:10:00,2011-09-26 14:13:00,407,74,3
16469,United Kingdom,803.9,5,332,160.78,160.78,66.4,2010-07-13 13:17:00,2011-11-16 12:25:00,490,24,5
16470,United Kingdom,2416.85,11,1335,219.71,219.71,121.36,2009-12-11 12:21:00,2011-10-19 12:11:00,676,52,11
16471,United Kingdom,1189.98,4,670,297.5,297.5,167.5,2010-02-25 10:07:00,2011-03-10 09:41:00,377,275,4
16472,United Kingdom,789.6,2,252,394.8,394.8,126.0,2010-04-21 11:48:00,2010-10-01 13:56:00,163,434,2
16473,United Kingdom,470.83,4,296,117.71,117.71,74.0,2010-11-30 16:29:00,2011-06-28 09:10:00,209,165,4
16474,United Kingdom,1810.65,7,909,258.66,258.66,129.86,2011-07-17 14:51:00,2011-12-02 13:02:00,137,7,7
16475,United Kingdom,544.3,4,319,136.07,136.07,79.75,2011-03-11 09:39:00,2011-09-12 14:37:00,185,88,4
16476,United Kingdom,350.35,1,187,350.35,350.35,187.0,2010-10-04 10:29:00,2010-10-04 10:29:00,0,432,1
16477,United Kingdom,4094.37,11,2507,372.22,372.22,227.91,2010-08-12 09:43:00,2011-10-07 09:44:00,421,64,11
16478,United Kingdom,331.0,3,224,110.33,110.33,74.67,2011-10-05 12:02:00,2011-11-14 15:51:00,40,25,3
16479,United Kingdom,300.83,2,102,150.42,150.42,51.0,2011-11-29 13:04:00,2011-11-29 13:40:00,0,10,2
16480,United Kingdom,769.29,1,455,769.29,769.29,455.0,2011-09-25 11:40:00,2011-09-25 11:40:00,0,76,1
16481,United Kingdom,453.38,1,201,453.38,453.38,201.0,2010-01-26 13:09:00,2010-01-26 13:09:00,0,682,1
16482,United Kingdom,220.62,1,346,220.62,220.62,346.0,2011-11-24 12:33:00,2011-11-24 12:33:00,0,16,1
16483,United Kingdom,139.35,1,44,139.35,139.35,44.0,2011-05-31 13:08:00,2011-05-31 13:08:00,0,192,1
16484,United Kingdom,404.3,2,200,202.15,202.15,100.0,2011-06-02 10:39:00,2011-06-19 12:06:00,17,174,2
16485,United Kingdom,2287.19,5,1153,457.44,457.44,230.6,2009-12-06 12:28:00,2011-09-23 15:50:00,656,77,5
16486,United Kingdom,134.36,1,24,134.36,134.36,24.0,2010-06-20 12:16:00,2010-06-20 12:16:00,0,538,1
16487,United Kingdom,209.4,2,163,104.7,104.7,81.5,2010-02-18 17:36:00,2010-05-11 13:38:00,81,577,2
16488,United Kingdom,498.8,3,728,166.27,166.27,242.67,2011-07-14 11:46:00,2011-11-06 13:42:00,115,33,3
16489,United Kingdom,303.7,2,38,151.85,151.85,19.0,2010-09-29 15:02:00,2010-11-24 14:40:00,55,380,2
16490,United Kingdom,205.41,1,113,205.41,205.41,113.0,2010-09-29 16:30:00,2010-09-29 16:30:00,0,436,1
16491,United Kingdom,1533.16,2,1060,766.58,766.58,530.0,2010-10-22 15:42:00,2011-10-24 10:18:00,366,47,2
16492,United Kingdom,385.56,1,235,385.56,385.56,235.0,2010-06-17 08:20:00,2010-06-17 08:20:00,0,541,1
16493,United Kingdom,2132.09,7,1988,304.58,304.58,284.0,2010-03-26 13:05:00,2011-09-21 11:10:00,543,80,7
16494,United Kingdom,826.53,1,675,826.53,826.53,675.0,2011-02-16 12:49:00,2011-02-16 12:49:00,0,297,1
16495,United Kingdom,648.26,3,328,216.09,216.09,109.33,2011-03-08 16:38:00,2011-12-06 13:20:00,272,3,3
16496,United Kingdom,2330.77,6,1764,388.46,388.46,294.0,2010-07-18 13:42:00,2011-12-01 10:31:00,500,9,6
16497,United Kingdom,6695.28,23,3050,291.1,291.1,132.61,2009-12-03 14:11:00,2011-10-21 10:55:00,686,50,23
16498,United Kingdom,100.97,2,45,50.48,50.48,22.5,2011-06-30 19:52:00,2011-07-01 15:07:00,0,161,2
16499,United Kingdom,2578.34,8,1364,322.29,322.29,170.5,2010-06-11 12:22:00,2010-12-14 13:31:00,186,360,8
16500,United Kingdom,843.91,9,386,93.77,93.77,42.89,2010-06-14 14:54:00,2011-12-05 12:04:00,538,5,9
16501,United Kingdom,1191.23,1,628,1191.23,1191.23,628.0,2010-11-21 14:10:00,2010-11-21 14:10:00,0,383,1
16502,United Kingdom,258.55,2,220,129.28,129.28,110.0,2010-03-29 13:39:00,2010-03-29 13:44:00,0,620,2
16503,United Kingdom,3614.34,11,1535,328.58,328.58,139.55,2010-06-21 14:07:00,2011-08-25 11:46:00,429,107,11
16504,United Kingdom,465.88,1,510,465.88,465.88,510.0,2011-11-14 15:18:00,2011-11-14 15:18:00,0,25,1
16505,United Kingdom,777.6,1,576,777.6,777.6,576.0,2011-11-08 12:14:00,2011-11-08 12:14:00,0,32,1
16506,United Kingdom,90.3,2,42,45.15,45.15,21.0,2011-10-30 15:50:00,2011-11-20 12:17:00,20,20,2
16507,United Kingdom,142.71,1,111,142.71,142.71,111.0,2010-05-16 12:56:00,2010-05-16 12:56:00,0,572,1
16508,United Kingdom,240.95,1,103,240.95,240.95,103.0,2010-03-19 13:41:00,2010-03-19 13:41:00,0,630,1
16509,United Kingdom,363.7,1,64,363.7,363.7,64.0,2011-02-16 09:25:00,2011-02-16 09:25:00,0,297,1
16510,United Kingdom,1777.5,6,930,296.25,296.25,155.0,2010-01-17 12:30:00,2010-12-02 13:39:00,319,372,6
16511,United Kingdom,1760.49,6,769,293.42,293.42,128.17,2010-03-01 12:21:00,2011-11-18 10:41:00,626,22,6
16513,United Kingdom,874.59,4,407,218.65,218.65,101.75,2011-10-27 14:56:00,2011-12-05 10:18:00,38,5,4
16515,United Kingdom,3179.06,10,1573,317.91,317.91,157.3,2010-06-17 12:17:00,2011-10-18 13:10:00,488,52,10
16516,United Kingdom,101.7,1,58,101.7,101.7,58.0,2011-11-09 14:59:00,2011-11-09 14:59:00,0,30,1
16517,United Kingdom,162.7,1,96,162.7,162.7,96.0,2011-03-07 13:50:00,2011-03-07 13:50:00,0,277,1
16518,United Kingdom,959.37,4,524,239.84,239.84,131.0,2010-06-01 13:31:00,2011-10-09 15:04:00,495,61,4
16519,United Kingdom,439.06,4,150,109.76,109.76,37.5,2010-03-01 13:51:00,2011-11-14 15:41:00,623,25,4
16520,United Kingdom,2148.38,6,1045,358.06,358.06,174.17,2010-03-02 16:50:00,2011-06-06 13:24:00,460,186,6
16521,United Kingdom,1140.11,3,1014,380.04,380.04,338.0,2010-03-01 13:22:00,2010-10-20 13:09:00,232,415,3
16522,United Kingdom,433.36,2,212,216.68,216.68,106.0,2010-09-15 13:32:00,2010-09-30 10:54:00,14,436,2
16523,United Kingdom,11916.33,28,4979,425.58,425.58,177.82,2010-01-24 13:14:00,2011-12-08 09:06:00,682,2,28
16524,United Kingdom,306.19,2,259,153.1,153.1,129.5,2010-01-17 13:16:00,2010-09-19 13:37:00,245,446,2
16525,United Kingdom,24151.3,48,14430,503.15,503.15,300.62,2009-12-02 13:53:00,2011-12-07 15:07:00,735,2,48
16526,United Kingdom,717.21,2,279,358.6,358.6,139.5,2010-05-04 16:34:00,2011-06-21 12:02:00,412,172,2
16527,United Kingdom,1232.94,2,708,616.47,616.47,354.0,2010-10-11 13:25:00,2011-09-19 16:21:00,343,81,2
16528,United Kingdom,244.41,1,171,244.41,244.41,171.0,2011-12-06 12:45:00,2011-12-06 12:45:00,0,4,1
16529,United Kingdom,1986.8,4,739,496.7,496.7,184.75,2010-06-27 13:29:00,2011-06-02 17:23:00,340,190,4
16530,United Kingdom,48.35,1,17,48.35,48.35,17.0,2010-02-09 15:30:00,2010-02-09 15:30:00,0,668,1
16531,United Kingdom,2298.33,11,1863,208.94,208.94,169.36,2010-09-24 09:49:00,2011-11-17 16:29:00,419,22,11
16532,United Kingdom,8756.64,5,2544,1751.33,1751.33,508.8,2010-03-29 10:26:00,2011-11-22 11:08:00,603,18,5
16533,United Kingdom,1082.81,3,611,360.94,360.94,203.67,2011-10-02 15:07:00,2011-11-20 13:08:00,48,19,3
16534,United Kingdom,635.9,1,168,635.9,635.9,168.0,2010-03-07 15:47:00,2010-03-07 15:47:00,0,642,1
16535,United Kingdom,972.04,3,664,324.01,324.01,221.33,2010-01-28 15:26:00,2011-12-04 15:18:00,674,5,3
16536,United Kingdom,548.12,1,250,548.12,548.12,250.0,2011-08-21 15:54:00,2011-08-21 15:54:00,0,110,1
16537,United Kingdom,23.35,1,59,23.35,23.35,59.0,2010-03-08 13:41:00,2010-03-08 13:41:00,0,641,1
16538,United Kingdom,395.07,3,254,131.69,131.69,84.67,2010-04-23 16:25:00,2010-06-16 16:59:00,54,541,3
16539,United Kingdom,3289.66,10,1014,328.97,328.97,101.4,2010-06-25 15:24:00,2011-12-07 08:41:00,529,3,10
16540,United Kingdom,205.75,1,105,205.75,205.75,105.0,2010-10-21 17:22:00,2010-10-21 17:22:00,0,414,1
16541,United Kingdom,424.03,1,173,424.03,424.03,173.0,2009-12-04 13:22:00,2009-12-04 13:22:00,0,735,1
16542,United Kingdom,257.32,2,142,128.66,128.66,71.0,2010-11-03 14:44:00,2011-10-17 10:47:00,347,54,2
16543,United Kingdom,292.21,1,317,292.21,292.21,317.0,2010-04-27 11:38:00,2010-04-27 11:38:00,0,592,1
16544,United Kingdom,376.7,4,150,94.18,94.18,37.5,2010-02-15 13:20:00,2010-07-08 11:11:00,142,520,4
16545,United Kingdom,689.82,2,322,344.91,344.91,161.0,2010-11-29 10:39:00,2011-06-28 10:37:00,210,165,2
16546,United Kingdom,5307.07,5,4211,1061.41,1061.41,842.2,2010-09-23 15:43:00,2011-02-22 11:20:00,151,291,5
16547,United Kingdom,104.26,1,108,104.26,104.26,108.0,2010-06-11 13:02:00,2010-06-11 13:02:00,0,546,1
16548,United Kingdom,30.15,1,6,30.15,30.15,6.0,2010-04-19 16:15:00,2010-04-19 16:15:00,0,599,1
16549,United Kingdom,12781.8,34,7087,375.94,375.94,208.44,2010-03-28 15:45:00,2011-11-29 15:06:00,610,10,34
16550,United Kingdom,8813.58,18,5405,489.64,489.64,300.28,2009-12-02 11:24:00,2011-08-23 11:12:00,628,109,18
16551,United Kingdom,2237.12,7,2076,319.59,319.59,296.57,2009-12-13 16:12:00,2011-09-05 09:38:00,630,96,7
16552,United Kingdom,379.73,2,219,189.86,189.86,109.5,2010-12-01 12:36:00,2011-04-11 10:04:00,130,243,2
16553,United Kingdom,16584.01,33,16427,502.55,502.55,497.79,2010-02-11 18:46:00,2011-06-29 15:42:00,502,163,33
16554,United Kingdom,2841.72,8,1346,355.22,355.22,168.25,2009-12-15 09:42:00,2011-10-28 14:51:00,682,42,8
16555,United Kingdom,1915.68,6,1816,319.28,319.28,302.67,2010-07-22 13:39:00,2011-11-04 14:31:00,470,35,6
16556,United Kingdom,8012.58,17,4353,471.33,471.33,256.06,2009-12-07 10:51:00,2011-10-04 11:36:00,666,67,17
16557,United Kingdom,281.85,2,111,140.93,140.93,55.5,2011-07-25 13:28:00,2011-11-15 14:04:00,113,24,2
16558,United Kingdom,13304.11,38,7813,350.11,350.11,205.61,2009-12-03 18:11:00,2011-12-09 10:20:00,735,1,38
16559,United Kingdom,175.0,1,61,175.0,175.0,61.0,2010-11-07 13:52:00,2010-11-07 13:52:00,0,397,1
16560,United Kingdom,3048.38,8,1603,381.05,381.05,200.38,2009-12-08 12:05:00,2011-11-13 10:35:00,704,27,8
16561,United Kingdom,511.12,2,244,255.56,255.56,122.0,2011-10-11 09:53:00,2011-12-04 11:50:00,54,6,2
16562,United Kingdom,223.86,1,264,223.86,223.86,264.0,2010-08-20 11:45:00,2010-08-20 11:45:00,0,477,1
16563,United Kingdom,4412.56,6,2584,735.43,735.43,430.67,2009-12-01 18:35:00,2011-10-17 11:51:00,684,54,6
16564,United Kingdom,87.8,1,40,87.8,87.8,40.0,2010-05-19 14:41:00,2010-05-19 14:41:00,0,569,1
16565,United Kingdom,773.05,4,211,193.26,193.26,52.75,2010-06-02 12:47:00,2010-12-10 15:21:00,191,364,4
16566,United Kingdom,614.66,5,362,122.93,122.93,72.4,2011-02-20 10:29:00,2011-11-24 16:34:00,277,15,5
16567,United Kingdom,865.6,2,996,432.8,432.8,498.0,2011-01-07 09:31:00,2011-05-29 13:57:00,142,194,2
16568,United Kingdom,1020.9,2,366,510.45,510.45,183.0,2010-03-08 14:51:00,2010-10-08 10:54:00,213,428,2
16569,United Kingdom,1455.23,5,988,291.05,291.05,197.6,2009-12-16 15:05:00,2011-12-06 15:32:00,720,3,5
16570,United Kingdom,7434.31,20,4292,371.72,371.72,214.6,2010-03-30 09:32:00,2011-11-24 17:02:00,604,15,20
16571,United Kingdom,4248.74,10,3703,424.87,424.87,370.3,2010-03-18 09:12:00,2011-11-13 11:46:00,605,27,10
16572,United Kingdom,1009.6,3,532,336.53,336.53,177.33,2011-03-09 12:04:00,2011-08-04 16:34:00,148,127,3
16573,United Kingdom,663.61,2,360,331.8,331.8,180.0,2011-02-22 15:14:00,2011-09-16 09:13:00,205,85,2
16574,United Kingdom,1301.78,3,1002,433.93,433.93,334.0,2010-02-19 11:46:00,2011-09-29 13:39:00,587,71,3
16576,United Kingdom,540.87,2,323,270.44,270.44,161.5,2010-07-06 10:42:00,2010-10-15 13:37:00,101,420,2
16577,United Kingdom,380.0,1,142,380.0,380.0,142.0,2010-02-11 09:45:00,2010-02-11 09:45:00,0,667,1
16578,United Kingdom,156.6,1,108,156.6,156.6,108.0,2010-03-23 15:11:00,2010-03-23 15:11:00,0,626,1
16579,United Kingdom,295.05,1,119,295.05,295.05,119.0,2010-10-10 11:58:00,2010-10-10 11:58:00,0,426,1
16581,United Kingdom,105.84,1,134,105.84,105.84,134.0,2011-06-10 10:05:00,2011-06-10 10:05:00,0,183,1
16582,United Kingdom,313.62,1,164,313.62,313.62,164.0,2011-08-18 17:02:00,2011-08-18 17:02:00,0,113,1
16583,United Kingdom,297.95,2,153,148.98,148.98,76.5,2010-02-04 12:18:00,2010-12-01 12:03:00,299,374,2
16584,United Kingdom,3156.17,5,1913,631.23,631.23,382.6,2010-02-16 10:41:00,2011-09-20 13:45:00,581,80,5
16585,United Kingdom,341.59,2,151,170.8,170.8,75.5,2010-01-13 13:31:00,2010-04-25 10:34:00,101,594,2
16586,United Kingdom,1462.78,3,348,487.59,487.59,116.0,2010-03-14 11:24:00,2011-04-05 09:32:00,386,249,3
16587,United Kingdom,225.15,1,71,225.15,225.15,71.0,2011-04-21 15:51:00,2011-04-21 15:51:00,0,232,1
16588,United Kingdom,1361.28,4,882,340.32,340.32,220.5,2010-05-14 13:43:00,2010-11-18 17:56:00,188,386,4
16589,United Kingdom,612.36,4,536,153.09,153.09,134.0,2010-09-15 14:56:00,2011-09-29 14:50:00,378,71,4
16590,United Kingdom,605.9,2,240,302.95,302.95,120.0,2010-10-21 12:09:00,2010-11-04 09:06:00,13,401,2
16591,United Kingdom,213.5,1,41,213.5,213.5,41.0,2011-10-02 10:43:00,2011-10-02 10:43:00,0,69,1
16592,United Kingdom,7807.91,28,5504,278.85,278.85,196.57,2009-12-18 15:57:00,2011-12-05 13:49:00,716,4,28
16593,United Kingdom,1071.14,8,377,133.89,133.89,47.12,2009-12-05 10:44:00,2011-10-20 12:41:00,684,51,8
16594,United Kingdom,181.09,1,64,181.09,181.09,64.0,2011-09-25 14:08:00,2011-09-25 14:08:00,0,75,1
16595,United Kingdom,1757.75,5,1331,351.55,351.55,266.2,2010-01-17 12:12:00,2011-10-09 13:15:00,630,61,5
16596,United Kingdom,458.98,4,180,114.74,114.74,45.0,2009-12-10 13:09:00,2011-11-24 10:02:00,713,16,4
16597,United Kingdom,90.04,1,184,90.04,90.04,184.0,2011-12-05 15:44:00,2011-12-05 15:44:00,0,4,1
16598,United Kingdom,145.05,1,73,145.05,145.05,73.0,2011-02-27 11:42:00,2011-02-27 11:42:00,0,286,1
16599,United Kingdom,172.8,1,159,172.8,172.8,159.0,2010-11-19 12:45:00,2010-11-19 12:45:00,0,386,1
16600,United Kingdom,2153.41,13,2420,165.65,165.65,186.15,2009-12-18 12:59:00,2011-12-05 16:00:00,717,4,13
16601,United Kingdom,677.0,3,391,225.67,225.67,130.33,2010-03-26 13:39:00,2011-10-30 11:09:00,582,41,3
16602,United Kingdom,763.33,2,429,381.66,381.66,214.5,2010-11-16 09:13:00,2011-11-03 15:54:00,352,36,2
16603,United Kingdom,482.47,2,480,241.24,241.24,240.0,2011-09-09 13:02:00,2011-09-26 10:06:00,16,75,2
16604,United Kingdom,432.45,2,175,216.22,216.22,87.5,2010-05-20 16:34:00,2010-05-26 09:10:00,5,563,2
16605,United Kingdom,60.48,1,144,60.48,60.48,144.0,2009-12-15 19:03:00,2009-12-15 19:03:00,0,724,1
16606,United Kingdom,357.66,2,148,178.83,178.83,74.0,2010-10-01 13:21:00,2010-10-31 13:57:00,30,404,2
16607,United Kingdom,5706.87,25,4436,228.27,228.27,177.44,2010-04-29 14:01:00,2011-11-22 10:24:00,571,18,25
16608,United Kingdom,1286.62,2,612,643.31,643.31,306.0,2010-02-14 11:57:00,2010-09-12 11:44:00,209,454,2
16609,United Kingdom,5493.46,7,2420,784.78,784.78,345.71,2011-04-01 10:11:00,2011-11-24 13:32:00,237,15,7
16610,United Kingdom,75.66,1,66,75.66,75.66,66.0,2011-05-04 13:13:00,2011-05-04 13:13:00,0,219,1
16611,United Kingdom,1785.13,6,874,297.52,297.52,145.67,2010-03-10 16:07:00,2011-06-06 15:46:00,452,186,6
16612,United Kingdom,3245.43,9,1419,360.6,360.6,157.67,2009-12-03 15:54:00,2011-11-07 07:38:00,703,33,9
16613,United Kingdom,618.59,1,293,618.59,618.59,293.0,2011-09-30 15:52:00,2011-09-30 15:52:00,0,70,1
16614,United Kingdom,1179.79,3,349,393.26,393.26,116.33,2010-05-10 15:18:00,2011-06-10 11:36:00,395,183,3
16615,United Kingdom,291.5,1,211,291.5,291.5,211.0,2010-03-23 15:13:00,2010-03-23 15:13:00,0,626,1
16616,United Kingdom,500.42,2,370,250.21,250.21,185.0,2011-07-05 13:38:00,2011-11-24 16:31:00,142,15,2
16617,United Kingdom,151.85,1,91,151.85,151.85,91.0,2011-04-18 10:35:00,2011-04-18 10:35:00,0,236,1
16618,United Kingdom,2647.59,5,1363,529.52,529.52,272.6,2011-01-21 11:55:00,2011-11-08 13:52:00,291,31,5
16619,United Kingdom,1938.33,4,1055,484.58,484.58,263.75,2010-02-22 12:05:00,2011-03-21 08:18:00,391,264,4
16620,United Kingdom,1758.93,6,1146,293.16,293.16,191.0,2009-12-01 14:35:00,2011-12-06 12:19:00,734,4,6
16621,United Kingdom,813.48,4,302,203.37,203.37,75.5,2011-03-07 11:32:00,2011-10-19 11:38:00,226,52,4
16622,United Kingdom,225.4,1,44,225.4,225.4,44.0,2010-06-14 10:44:00,2010-06-14 10:44:00,0,544,1
16623,United Kingdom,1015.24,4,442,253.81,253.81,110.5,2010-04-26 14:04:00,2011-04-08 10:09:00,346,246,4
16624,United Kingdom,810.57,2,488,405.28,405.28,244.0,2011-05-26 14:20:00,2011-09-20 12:39:00,116,81,2
16625,United Kingdom,1654.03,5,1057,330.81,330.81,211.4,2010-06-14 11:56:00,2011-03-10 12:50:00,269,275,5
16626,United Kingdom,4413.1,17,2690,259.59,259.59,158.24,2011-03-18 12:27:00,2011-12-09 11:56:00,265,1,17
16627,United Kingdom,322.8,1,162,322.8,322.8,162.0,2011-09-21 14:38:00,2011-09-21 14:38:00,0,79,1
16628,United Kingdom,2318.1,7,1260,331.16,331.16,180.0,2010-03-08 12:24:00,2011-11-10 12:45:00,612,30,7
16629,United Kingdom,408.63,2,489,204.32,204.32,244.5,2011-09-04 16:12:00,2011-09-27 10:34:00,22,74,2
16630,United Kingdom,106.8,1,72,106.8,106.8,72.0,2010-10-28 14:30:00,2010-10-28 14:30:00,0,407,1
16631,United Kingdom,1892.52,7,775,270.36,270.36,110.71,2010-02-26 10:49:00,2010-08-15 11:20:00,170,482,7
16632,United Kingdom,406.4,2,256,203.2,203.2,128.0,2010-05-07 16:46:00,2010-08-11 11:39:00,95,486,2
16633,United Kingdom,2883.1,6,1138,480.52,480.52,189.67,2011-04-19 14:36:00,2011-11-22 13:41:00,216,17,6
16634,United Kingdom,1649.81,6,1257,274.97,274.97,209.5,2010-01-21 09:30:00,2011-05-01 12:09:00,465,223,6
16635,United Kingdom,473.0,1,277,473.0,473.0,277.0,2010-10-29 09:41:00,2010-10-29 09:41:00,0,407,1
16636,United Kingdom,3802.04,4,2186,950.51,950.51,546.5,2010-03-03 14:06:00,2010-09-27 13:13:00,207,438,4
16637,United Kingdom,1154.47,4,927,288.62,288.62,231.75,2011-04-28 10:20:00,2011-11-07 13:17:00,193,32,4
16638,United Kingdom,2380.13,15,1627,158.68,158.68,108.47,2010-08-18 13:33:00,2011-11-17 11:09:00,455,23,15
16639,United Kingdom,1747.98,4,751,437.0,437.0,187.75,2010-10-26 18:23:00,2011-11-08 13:20:00,377,31,4
16640,United Kingdom,179.4,1,146,179.4,179.4,146.0,2010-11-07 10:48:00,2010-11-07 10:48:00,0,398,1
16641,United Kingdom,554.5,2,454,277.25,277.25,227.0,2010-01-07 12:22:00,2011-08-26 12:49:00,596,106,2
16642,United Kingdom,1077.45,3,775,359.15,359.15,258.33,2010-10-20 14:22:00,2011-12-05 11:31:00,410,5,3
16643,United Kingdom,923.11,2,553,461.56,461.56,276.5,2010-10-13 09:47:00,2011-04-08 08:24:00,176,246,2
16644,United Kingdom,833.78,2,826,416.89,416.89,413.0,2011-05-11 12:53:00,2011-06-15 12:39:00,34,178,2
16645,United Kingdom,160.39,1,117,160.39,160.39,117.0,2009-12-04 09:49:00,2009-12-04 09:49:00,0,736,1
16646,United Kingdom,678.8,1,1072,678.8,678.8,1072.0,2010-09-16 13:28:00,2010-09-16 13:28:00,0,449,1
16647,United Kingdom,541.9,4,396,135.48,135.48,99.0,2010-06-13 15:52:00,2011-06-23 11:47:00,374,170,4
16648,United Kingdom,672.8,3,503,224.27,224.27,167.67,2010-04-28 14:58:00,2011-10-28 08:58:00,547,43,3
16649,United Kingdom,306.58,1,82,306.58,306.58,82.0,2010-07-07 15:41:00,2010-07-07 15:41:00,0,520,1
16650,United Kingdom,1916.11,7,1511,273.73,273.73,215.86,2010-07-08 14:18:00,2011-09-29 09:51:00,447,72,7
16651,United Kingdom,136.2,1,60,136.2,136.2,60.0,2010-05-02 11:46:00,2010-05-02 11:46:00,0,587,1
16652,United Kingdom,17550.39,16,7477,1096.9,1096.9,467.31,2010-03-17 10:22:00,2011-10-12 09:38:00,573,59,16
16653,United Kingdom,1212.66,2,733,606.33,606.33,366.5,2011-09-29 13:38:00,2011-11-23 14:51:00,55,16,2
16654,United Kingdom,1484.07,8,640,185.51,185.51,80.0,2010-04-06 13:29:00,2011-07-21 15:23:00,471,141,8
16655,United Kingdom,6423.26,13,3938,494.1,494.1,302.92,2010-01-31 15:40:00,2011-11-22 11:25:00,659,18,13
16656,United Kingdom,16833.17,30,15433,561.11,561.11,514.43,2009-12-04 12:59:00,2011-11-17 14:43:00,713,22,30
16657,United Kingdom,874.43,4,1130,218.61,218.61,282.5,2011-03-30 12:02:00,2011-11-30 11:48:00,244,10,4
16658,United Kingdom,690.83,6,277,115.14,115.14,46.17,2010-03-30 16:24:00,2010-12-06 13:47:00,250,368,6
16659,United Kingdom,39.12,1,72,39.12,39.12,72.0,2011-06-03 15:03:00,2011-06-03 15:03:00,0,189,1
16660,United Kingdom,1879.55,7,991,268.51,268.51,141.57,2010-01-14 11:09:00,2011-11-23 14:53:00,678,16,7
16661,United Kingdom,932.76,4,364,233.19,233.19,91.0,2009-12-17 15:39:00,2010-06-17 15:24:00,181,540,4
16662,United Kingdom,151.05,1,35,151.05,151.05,35.0,2010-11-10 16:56:00,2010-11-10 16:56:00,0,394,1
16663,United Kingdom,165.0,1,100,165.0,165.0,100.0,2009-12-10 13:12:00,2009-12-10 13:12:00,0,729,1
16664,United Kingdom,109.2,1,24,109.2,109.2,24.0,2010-05-19 17:11:00,2010-05-19 17:11:00,0,569,1
16665,United Kingdom,135.4,1,59,135.4,135.4,59.0,2010-12-12 14:03:00,2010-12-12 14:03:00,0,362,1
16666,United Kingdom,217.71,2,354,108.86,108.86,177.0,2010-03-28 15:13:00,2011-11-20 14:01:00,601,19,2
16667,United Kingdom,567.18,2,236,283.59,283.59,118.0,2011-02-28 12:57:00,2011-10-02 15:26:00,216,68,2
16668,United Kingdom,862.42,13,773,66.34,66.34,59.46,2010-03-18 18:25:00,2011-11-24 17:43:00,615,15,13
16669,United Kingdom,1348.88,3,881,449.63,449.63,293.67,2011-09-22 14:13:00,2011-11-16 12:26:00,54,24,3
16670,United Kingdom,8030.15,20,4534,401.51,401.51,226.7,2009-12-10 15:28:00,2011-11-23 09:34:00,712,17,20
16671,United Kingdom,1692.27,3,875,564.09,564.09,291.67,2011-06-28 11:20:00,2011-11-11 13:40:00,136,28,3
16672,United Kingdom,8134.94,20,2832,406.75,406.75,141.6,2011-03-18 10:15:00,2011-12-07 16:29:00,264,2,20
16673,United Kingdom,171.13,1,95,171.13,171.13,95.0,2010-01-29 14:22:00,2010-01-29 14:22:00,0,679,1
16674,United Kingdom,304.24,2,181,152.12,152.12,90.5,2011-09-02 13:59:00,2011-10-16 11:31:00,43,55,2
16675,United Kingdom,608.86,2,296,304.43,304.43,148.0,2010-08-18 13:11:00,2010-09-24 12:15:00,36,442,2
16676,United Kingdom,2361.9,6,927,393.65,393.65,154.5,2010-10-17 13:07:00,2011-11-06 12:01:00,384,34,6
16677,United Kingdom,880.62,2,457,440.31,440.31,228.5,2010-02-25 16:11:00,2010-10-24 14:53:00,240,411,2
16678,United Kingdom,3109.99,12,2397,259.17,259.17,199.75,2011-03-02 09:24:00,2011-12-07 12:17:00,280,3,12
16679,United Kingdom,663.31,3,247,221.1,221.1,82.33,2010-06-10 18:35:00,2010-12-08 13:51:00,180,366,3
16680,United Kingdom,821.45,3,377,273.82,273.82,125.67,2010-06-23 09:30:00,2011-10-27 17:35:00,491,43,3
16681,United Kingdom,1921.84,7,1492,274.55,274.55,213.14,2010-03-08 14:10:00,2011-09-28 11:11:00,568,73,7
16682,United Kingdom,1028.0,5,1040,205.6,205.6,208.0,2011-06-05 11:02:00,2011-12-05 12:13:00,183,5,5
16683,United Kingdom,320.25,1,190,320.25,320.25,190.0,2010-06-24 10:36:00,2010-06-24 10:36:00,0,534,1
16684,United Kingdom,147142.77,55,104810,2675.32,2675.32,1905.64,2009-12-07 12:56:00,2011-12-05 14:06:00,728,4,55
16685,United Kingdom,324.24,2,396,162.12,162.12,198.0,2011-10-09 13:44:00,2011-10-09 13:58:00,0,61,2
16686,United Kingdom,4881.07,16,3419,305.07,305.07,213.69,2009-12-06 15:48:00,2011-10-23 13:49:00,685,47,16
16687,United Kingdom,157.63,1,141,157.63,157.63,141.0,2010-11-14 11:46:00,2010-11-14 11:46:00,0,391,1
16688,United Kingdom,1260.86,4,804,315.21,315.21,201.0,2011-10-10 12:23:00,2011-12-08 15:24:00,59,1,4
16689,United Kingdom,422.6,2,330,211.3,211.3,165.0,2011-09-18 13:29:00,2011-09-25 11:39:00,6,76,2
16690,United Kingdom,353.03,4,209,88.26,88.26,52.25,2010-09-14 15:00:00,2011-09-28 15:02:00,379,72,4
16691,United Kingdom,178.83,2,92,89.42,89.42,46.0,2010-05-27 14:55:00,2010-10-17 15:03:00,143,418,2
16692,United Kingdom,1914.7,4,878,478.68,478.68,219.5,2010-09-24 11:31:00,2011-03-28 14:46:00,185,256,4
16693,United Kingdom,1179.48,5,658,235.9,235.9,131.6,2010-02-21 12:42:00,2011-10-02 11:10:00,587,69,5
16694,United Kingdom,98.3,1,26,98.3,98.3,26.0,2009-12-16 15:45:00,2009-12-16 15:45:00,0,723,1
16695,United Kingdom,191.9,2,184,95.95,95.95,92.0,2010-05-27 12:24:00,2010-05-27 12:36:00,0,562,2
16696,United Kingdom,657.9,4,146,164.48,164.48,36.5,2011-04-05 15:20:00,2011-07-27 14:23:00,112,135,4
16697,United Kingdom,112.75,1,27,112.75,112.75,27.0,2011-04-12 17:12:00,2011-04-12 17:12:00,0,241,1
16698,United Kingdom,1998.0,2,840,999.0,999.0,420.0,2011-03-31 13:33:00,2011-04-27 10:52:00,26,227,2
16699,United Kingdom,994.6,7,640,142.09,142.09,91.43,2009-12-04 13:31:00,2010-11-24 14:38:00,355,380,7
16700,United Kingdom,8830.77,25,6644,353.23,353.23,265.76,2009-12-02 10:51:00,2011-12-01 11:00:00,729,9,25
16701,United Kingdom,9916.73,26,11046,381.41,381.41,424.85,2009-12-01 19:19:00,2011-12-01 11:10:00,729,9,26
16702,United Kingdom,1110.83,4,692,277.71,277.71,173.0,2009-12-07 16:40:00,2010-10-20 14:10:00,316,415,4
16704,United Kingdom,664.16,2,433,332.08,332.08,216.5,2010-02-05 14:14:00,2010-03-31 14:02:00,53,618,2
16705,United Kingdom,43515.05,42,22302,1036.07,1036.07,531.0,2009-12-09 13:34:00,2011-12-09 12:08:00,729,1,42
16706,United Kingdom,531.35,3,249,177.12,177.12,83.0,2011-08-17 15:53:00,2011-11-02 13:50:00,76,37,3
16707,United Kingdom,533.41,4,396,133.35,133.35,99.0,2010-03-09 15:16:00,2010-11-04 14:39:00,239,400,4
16708,United Kingdom,656.63,1,285,656.63,656.63,285.0,2011-10-25 12:20:00,2011-10-25 12:20:00,0,46,1
16709,United Kingdom,9056.01,14,3261,646.86,646.86,232.93,2009-12-09 13:16:00,2011-09-16 10:56:00,645,85,14
16710,United Kingdom,5921.35,22,4174,269.15,269.15,189.73,2009-12-04 13:41:00,2011-11-20 14:50:00,716,19,22
16711,United Kingdom,2868.48,9,1212,318.72,318.72,134.67,2009-12-02 13:22:00,2011-12-06 16:32:00,734,3,9
16712,United Kingdom,4232.87,13,2074,325.61,325.61,159.54,2010-11-03 15:45:00,2011-11-30 13:48:00,391,9,13
16713,United Kingdom,14115.56,32,8482,441.11,441.11,265.06,2009-12-15 12:49:00,2011-11-21 12:36:00,705,19,32
16714,United Kingdom,1497.33,4,828,374.33,374.33,207.0,2010-02-07 11:17:00,2011-05-05 11:09:00,451,219,4
16715,United Kingdom,625.52,2,1174,312.76,312.76,587.0,2010-05-26 12:35:00,2011-09-22 18:15:00,484,78,2
16716,United Kingdom,2149.68,3,912,716.56,716.56,304.0,2010-03-19 11:05:00,2011-03-18 10:03:00,363,267,3
16717,United Kingdom,6663.68,14,3145,475.98,475.98,224.64,2009-12-07 15:55:00,2011-11-16 12:16:00,708,24,14
16718,United Kingdom,3006.08,5,1924,601.22,601.22,384.8,2009-12-06 13:07:00,2010-12-05 13:03:00,363,369,5
16719,United Kingdom,3513.62,14,2356,250.97,250.97,168.29,2009-12-13 10:59:00,2011-11-25 09:27:00,711,15,14
16720,United Kingdom,758.74,3,460,252.91,252.91,153.33,2009-12-17 17:54:00,2011-11-13 16:22:00,695,26,3
16721,United Kingdom,292.47,1,172,292.47,292.47,172.0,2011-03-22 16:08:00,2011-03-22 16:08:00,0,262,1
16722,United Kingdom,8189.56,22,7986,372.25,372.25,363.0,2009-12-03 19:23:00,2011-11-22 13:28:00,718,17,22
16723,United Kingdom,1231.36,4,958,307.84,307.84,239.5,2009-12-04 13:23:00,2011-09-09 13:01:00,643,91,4
16724,United Kingdom,147.35,1,69,147.35,147.35,69.0,2010-10-31 11:40:00,2010-10-31 11:40:00,0,405,1
16725,United Kingdom,1688.26,14,700,120.59,120.59,50.0,2009-12-13 15:54:00,2011-02-10 16:52:00,424,302,14
16726,United Kingdom,2063.88,7,1323,294.84,294.84,189.0,2010-10-24 16:09:00,2011-11-13 14:53:00,384,26,7
16727,United Kingdom,1377.77,4,1066,344.44,344.44,266.5,2010-01-20 10:48:00,2010-12-10 13:48:00,324,364,4
16728,United Kingdom,1048.28,4,671,262.07,262.07,167.75,2011-03-20 13:28:00,2011-10-24 14:36:00,218,46,4
16729,United Kingdom,7205.33,21,5722,343.11,343.11,272.48,2011-04-12 14:22:00,2011-11-01 14:29:00,203,38,21
16730,United Kingdom,743.11,3,994,247.7,247.7,331.33,2011-01-24 14:01:00,2011-10-18 14:11:00,267,52,3
16731,United Kingdom,170.3,1,124,170.3,170.3,124.0,2010-03-01 15:05:00,2010-03-01 15:05:00,0,648,1
16732,United Kingdom,4387.64,4,2414,1096.91,1096.91,603.5,2009-12-08 13:04:00,2011-11-08 09:54:00,699,32,4
16733,United Kingdom,259.68,1,112,259.68,259.68,112.0,2010-06-28 10:12:00,2010-06-28 10:12:00,0,530,1
16734,United Kingdom,646.76,3,345,215.59,215.59,115.0,2011-08-17 15:00:00,2011-10-18 13:44:00,61,52,3
16735,United Kingdom,6217.41,14,4240,444.1,444.1,302.86,2009-12-08 09:24:00,2011-09-22 11:49:00,653,79,14
16736,United Kingdom,2956.56,5,1050,591.31,591.31,210.0,2009-12-03 16:12:00,2010-07-22 10:09:00,230,506,5
16737,United Kingdom,835.2,2,576,417.6,417.6,288.0,2010-05-11 09:53:00,2011-10-17 13:03:00,524,53,2
16738,United Kingdom,3.75,1,3,3.75,3.75,3.0,2011-02-15 09:46:00,2011-02-15 09:46:00,0,298,1
16739,United Kingdom,786.43,2,391,393.22,393.22,195.5,2010-06-21 09:38:00,2011-06-16 09:17:00,359,177,2
16740,United Kingdom,226.91,1,110,226.91,226.91,110.0,2010-11-09 13:34:00,2010-11-09 13:34:00,0,395,1
16741,United Kingdom,173.06,1,81,173.06,173.06,81.0,2010-03-24 15:15:00,2010-03-24 15:15:00,0,625,1
16742,United Kingdom,2799.87,14,2558,199.99,199.99,182.71,2009-12-16 17:22:00,2011-10-24 12:02:00,676,47,14
16743,United Kingdom,4212.15,14,3707,300.87,300.87,264.79,2010-04-22 13:21:00,2011-11-10 13:13:00,566,29,14
16744,United Kingdom,1291.91,7,798,184.56,184.56,114.0,2011-06-19 15:13:00,2011-11-28 13:06:00,161,11,7
16745,United Kingdom,7180.7,17,6719,422.39,422.39,395.24,2011-02-01 11:31:00,2011-09-14 11:58:00,225,87,17
16746,United Kingdom,18046.75,42,11900,429.68,429.68,283.33,2009-12-04 13:00:00,2011-12-05 12:33:00,730,5,42
16747,United Kingdom,836.06,2,583,418.03,418.03,291.5,2011-10-03 10:18:00,2011-11-02 11:37:00,30,38,2
16748,United Kingdom,3637.33,14,2127,259.81,259.81,151.93,2009-12-10 12:28:00,2011-11-22 10:17:00,711,18,14
16749,United Kingdom,4157.88,2,1910,2078.94,2078.94,955.0,2009-12-15 14:05:00,2010-04-27 13:06:00,132,591,2
16750,United Kingdom,623.93,5,214,124.79,124.79,42.8,2011-04-21 16:53:00,2011-10-26 12:48:00,187,45,5
16751,United Kingdom,1764.72,1,1031,1764.72,1764.72,1031.0,2011-11-09 10:48:00,2011-11-09 10:48:00,0,31,1
16752,United Kingdom,207.5,1,54,207.5,207.5,54.0,2010-12-02 12:18:00,2010-12-02 12:18:00,0,373,1
16753,United Kingdom,223.92,1,189,223.92,223.92,189.0,2011-10-12 13:14:00,2011-10-12 13:14:00,0,58,1
16754,United Kingdom,65500.07,29,63551,2258.62,2258.62,2191.41,2010-03-08 11:32:00,2010-12-02 17:38:00,269,372,29
16755,United Kingdom,2864.68,7,1985,409.24,409.24,283.57,2009-12-09 14:25:00,2011-08-17 13:21:00,615,114,7
16756,United Kingdom,1312.37,7,707,187.48,187.48,101.0,2010-03-09 15:56:00,2011-05-09 09:33:00,425,215,7
16757,United Kingdom,270.48,2,180,135.24,135.24,90.0,2010-10-26 15:09:00,2011-01-25 11:59:00,90,319,2
16758,United Kingdom,369.34,1,203,369.34,369.34,203.0,2011-10-05 14:47:00,2011-10-05 14:47:00,0,65,1
16759,United Kingdom,789.79,3,609,263.26,263.26,203.0,2011-11-09 09:06:00,2011-12-02 12:42:00,23,8,3
16760,United Kingdom,228.0,1,168,228.0,228.0,168.0,2010-10-05 15:55:00,2010-10-05 15:55:00,0,430,1
16761,United Kingdom,316.62,1,341,316.62,316.62,341.0,2011-09-04 11:15:00,2011-09-04 11:15:00,0,97,1
16762,United Kingdom,1207.24,3,480,402.41,402.41,160.0,2011-07-18 12:52:00,2011-11-20 11:43:00,124,20,3
16763,United Kingdom,964.7,2,492,482.35,482.35,246.0,2009-12-01 15:26:00,2011-05-25 11:52:00,539,199,2
16764,United Kingdom,2790.95,13,1253,214.69,214.69,96.38,2011-07-19 17:17:00,2011-12-06 11:41:00,139,4,13
16765,United Kingdom,454.75,2,311,227.38,227.38,155.5,2010-11-22 13:42:00,2011-02-18 15:41:00,88,294,2
16766,United Kingdom,1145.6,2,536,572.8,572.8,268.0,2011-03-11 13:34:00,2011-03-11 15:22:00,0,273,2
16767,United Kingdom,8056.76,15,7102,537.12,537.12,473.47,2010-04-28 16:49:00,2011-11-09 09:42:00,559,31,15
16768,United Kingdom,1698.57,9,774,188.73,188.73,86.0,2009-12-07 11:47:00,2011-10-23 10:38:00,684,48,9
16769,United Kingdom,1117.05,4,295,279.26,279.26,73.75,2009-12-14 11:10:00,2011-03-24 13:41:00,465,260,4
16770,United Kingdom,1778.93,9,1052,197.66,197.66,116.89,2010-08-22 16:08:00,2011-10-13 12:21:00,416,58,9
16771,United Kingdom,3949.6,10,2308,394.96,394.96,230.8,2009-12-09 11:52:00,2011-11-06 13:28:00,697,33,10
16772,United Kingdom,3698.05,3,687,1232.68,1232.68,229.0,2009-12-18 10:50:00,2010-10-12 13:19:00,298,423,3
16773,United Kingdom,421.24,3,252,140.41,140.41,84.0,2009-12-06 15:01:00,2011-10-13 14:37:00,675,57,3
16774,United Kingdom,1567.48,8,774,195.94,195.94,96.75,2010-02-16 16:53:00,2011-10-03 12:41:00,593,68,8
16775,United Kingdom,2820.84,16,957,176.3,176.3,59.81,2010-09-23 17:34:00,2011-11-29 15:22:00,431,10,16
16776,United Kingdom,592.51,2,435,296.26,296.26,217.5,2010-10-20 12:13:00,2011-10-10 13:04:00,355,60,2
16777,United Kingdom,1292.18,5,470,258.44,258.44,94.0,2010-03-17 12:42:00,2011-09-20 13:41:00,552,80,5
16778,United Kingdom,245.94,2,194,122.97,122.97,97.0,2011-03-10 15:21:00,2011-09-26 13:48:00,199,74,2
16779,United Kingdom,32809.03,53,19411,619.04,619.04,366.25,2009-12-03 13:03:00,2011-12-07 14:54:00,734,2,53
16780,United Kingdom,596.4,3,352,198.8,198.8,117.33,2010-10-28 19:41:00,2011-08-31 16:09:00,306,100,3
16781,United Kingdom,623.0,2,192,311.5,311.5,96.0,2010-02-08 13:56:00,2010-12-02 14:26:00,297,372,2
16782,United Kingdom,9636.12,38,4027,253.58,253.58,105.97,2009-12-09 11:58:00,2011-11-29 13:20:00,720,10,38
16783,United Kingdom,391.95,1,163,391.95,391.95,163.0,2010-09-29 11:53:00,2010-09-29 11:53:00,0,437,1
16784,United Kingdom,892.33,5,494,178.47,178.47,98.8,2010-03-28 12:55:00,2011-11-20 12:20:00,601,20,5
16785,United Kingdom,533.78,1,313,533.78,533.78,313.0,2010-10-26 10:36:00,2010-10-26 10:36:00,0,410,1
16786,United Kingdom,51.84,1,72,51.84,51.84,72.0,2010-11-11 08:25:00,2010-11-11 08:25:00,0,394,1
16787,United Kingdom,1017.53,4,472,254.38,254.38,118.0,2010-01-10 11:12:00,2010-11-07 11:01:00,300,398,4
16788,United Kingdom,1928.93,5,965,385.79,385.79,193.0,2010-02-07 12:40:00,2011-08-08 14:53:00,547,123,5
16789,United Kingdom,80.8,1,32,80.8,80.8,32.0,2011-12-01 15:12:00,2011-12-01 15:12:00,0,8,1
16790,United Kingdom,1545.62,6,898,257.6,257.6,149.67,2011-11-02 11:23:00,2011-12-06 11:53:00,34,4,6
16791,United Kingdom,3957.63,15,1854,263.84,263.84,123.6,2009-12-03 18:08:00,2011-11-10 19:12:00,707,29,15
16792,United Kingdom,623.46,5,324,124.69,124.69,64.8,2010-01-04 13:47:00,2011-03-02 14:41:00,422,282,5
16793,United Kingdom,243.84,1,146,243.84,243.84,146.0,2011-10-13 15:08:00,2011-10-13 15:08:00,0,57,1
16794,United Kingdom,2052.7,15,1576,136.85,136.85,105.07,2010-03-25 15:17:00,2011-12-08 17:54:00,623,1,15
16795,United Kingdom,2062.41,3,1214,687.47,687.47,404.67,2010-01-25 13:14:00,2010-12-09 14:08:00,318,365,3
16796,United Kingdom,305.62,1,186,305.62,305.62,186.0,2011-09-11 14:01:00,2011-09-11 14:01:00,0,89,1
16797,United Kingdom,1802.02,5,898,360.4,360.4,179.6,2009-12-02 13:33:00,2010-11-11 19:14:00,344,393,5
16798,United Kingdom,841.16,3,205,280.39,280.39,68.33,2009-12-10 19:35:00,2010-06-03 19:01:00,174,554,3
16799,United Kingdom,452.78,2,162,226.39,226.39,81.0,2010-09-12 12:46:00,2010-10-03 14:28:00,21,432,2
16800,United Kingdom,1162.65,1,524,1162.65,1162.65,524.0,2011-11-28 14:06:00,2011-11-28 14:06:00,0,11,1
16801,United Kingdom,1594.23,4,493,398.56,398.56,123.25,2011-03-11 13:56:00,2011-06-29 15:33:00,110,163,4
16802,United Kingdom,582.61,2,369,291.3,291.3,184.5,2009-12-09 13:00:00,2010-01-29 13:44:00,51,679,2
16803,United Kingdom,332.3,1,245,332.3,332.3,245.0,2011-10-05 14:28:00,2011-10-05 14:28:00,0,65,1
16804,United Kingdom,536.99,3,246,179.0,179.0,82.0,2011-03-14 15:48:00,2011-11-16 16:43:00,247,23,3
16805,United Kingdom,1091.34,5,1120,218.27,218.27,224.0,2009-12-08 14:29:00,2011-06-19 11:23:00,557,174,5
16806,United Kingdom,762.16,4,356,190.54,190.54,89.0,2011-04-14 19:59:00,2011-08-28 15:27:00,135,103,4
16807,United Kingdom,2123.88,6,1433,353.98,353.98,238.83,2010-03-26 14:38:00,2011-07-20 12:00:00,480,143,6
16808,United Kingdom,288.42,2,196,144.21,144.21,98.0,2011-03-10 19:05:00,2011-09-01 19:34:00,175,99,2
16809,United Kingdom,1727.43,9,1093,191.94,191.94,121.44,2010-04-13 15:34:00,2011-11-16 15:45:00,582,23,9
16810,United Kingdom,842.04,2,372,421.02,421.02,186.0,2010-10-15 15:32:00,2011-05-31 15:32:00,228,192,2
16811,United Kingdom,547.07,2,477,273.54,273.54,238.5,2011-11-22 17:19:00,2011-12-05 11:39:00,12,5,2
16812,United Kingdom,2392.0,4,1116,598.0,598.0,279.0,2010-11-22 14:36:00,2010-12-14 12:35:00,21,361,4
16813,United Kingdom,1652.18,10,1501,165.22,165.22,150.1,2011-05-19 13:28:00,2011-12-01 14:03:00,196,8,10
16814,United Kingdom,11924.85,36,4844,331.25,331.25,134.56,2010-04-11 12:45:00,2011-11-25 13:27:00,593,14,36
16815,United Kingdom,406.02,2,237,203.01,203.01,118.5,2010-06-21 12:05:00,2010-09-12 10:59:00,82,454,2
16816,United Kingdom,417.06,4,274,104.26,104.26,68.5,2010-12-16 17:01:00,2011-08-28 14:16:00,254,103,4
16817,United Kingdom,2560.7,13,1401,196.98,196.98,107.77,2010-10-04 09:06:00,2011-12-07 11:03:00,429,3,13
16818,United Kingdom,3349.57,11,2164,304.51,304.51,196.73,2011-05-18 11:42:00,2011-11-29 10:41:00,194,11,11
16819,United Kingdom,182.59,2,253,91.3,91.3,126.5,2010-08-31 17:31:00,2010-08-31 17:37:00,0,465,2
16820,United Kingdom,497.61,1,307,497.61,497.61,307.0,2011-09-05 12:06:00,2011-09-05 12:06:00,0,96,1
16821,United Kingdom,113.35,1,13,113.35,113.35,13.0,2010-11-23 10:04:00,2010-11-23 10:04:00,0,382,1
16822,United Kingdom,181.39,1,171,181.39,181.39,171.0,2010-01-22 14:22:00,2010-01-22 14:22:00,0,686,1
16823,United Kingdom,2243.09,7,1166,320.44,320.44,166.57,2009-12-02 09:57:00,2011-04-26 15:00:00,510,227,7
16824,United Kingdom,686.24,3,390,228.75,228.75,130.0,2010-11-11 12:21:00,2011-11-24 12:38:00,378,16,3
16825,United Kingdom,1826.89,5,1297,365.38,365.38,259.4,2010-06-23 13:14:00,2011-11-01 11:51:00,495,39,5
16826,United Kingdom,341.7,1,158,341.7,341.7,158.0,2011-10-19 14:05:00,2011-10-19 14:05:00,0,51,1
16827,United Kingdom,392.13,5,125,78.43,78.43,25.0,2010-04-29 19:07:00,2010-11-11 14:04:00,195,393,5
16828,United Kingdom,128.5,2,59,64.25,64.25,29.5,2011-08-19 13:24:00,2011-09-07 15:10:00,19,93,2
16829,United Kingdom,513.32,2,215,256.66,256.66,107.5,2010-11-16 18:11:00,2011-07-06 10:48:00,231,157,2
16830,United Kingdom,1207.5,4,699,301.88,301.88,174.75,2009-12-13 12:11:00,2011-11-01 11:35:00,687,39,4
16831,United Kingdom,91.8,1,48,91.8,91.8,48.0,2010-05-24 09:08:00,2010-05-24 09:08:00,0,565,1
16832,United Kingdom,417.61,5,179,83.52,83.52,35.8,2010-09-07 12:35:00,2011-06-08 15:36:00,274,184,5
16833,United Kingdom,2409.04,6,878,401.51,401.51,146.33,2010-03-26 15:31:00,2011-12-08 14:39:00,621,1,6
16834,United Kingdom,898.96,2,760,449.48,449.48,380.0,2010-02-03 14:24:00,2011-04-26 09:37:00,446,228,2
16835,United Kingdom,1456.66,6,496,242.78,242.78,82.67,2010-05-19 08:41:00,2011-08-03 13:50:00,441,128,6
16836,United Kingdom,782.37,4,539,195.59,195.59,134.75,2010-05-14 12:52:00,2011-10-31 10:05:00,534,40,4
16837,United Kingdom,3170.98,11,1563,288.27,288.27,142.09,2011-04-08 08:48:00,2011-11-08 14:27:00,214,31,11
16838,United Kingdom,1159.61,4,509,289.9,289.9,127.25,2010-02-14 15:27:00,2011-05-26 13:13:00,465,197,4
16839,United Kingdom,21758.25,44,11295,494.51,494.51,256.7,2010-02-11 15:02:00,2011-12-01 09:03:00,657,9,44
16840,United Kingdom,139.85,2,117,69.92,69.92,58.5,2010-02-03 12:42:00,2010-04-15 15:48:00,71,603,2
16841,United Kingdom,4006.06,12,3478,333.84,333.84,289.83,2010-01-12 11:32:00,2011-11-03 11:51:00,660,37,12
16842,United Kingdom,1264.19,3,693,421.4,421.4,231.0,2011-02-10 14:51:00,2011-08-31 10:42:00,201,101,3
16843,United Kingdom,19571.43,35,18502,559.18,559.18,528.63,2009-12-10 11:40:00,2011-10-28 09:06:00,686,43,35
16844,United Kingdom,614.34,2,281,307.17,307.17,140.5,2010-05-06 09:16:00,2010-05-26 10:29:00,20,563,2
16845,United Kingdom,253.88,1,167,253.88,253.88,167.0,2010-03-31 13:09:00,2010-03-31 13:09:00,0,618,1
16846,United Kingdom,842.41,3,517,280.8,280.8,172.33,2010-03-10 12:03:00,2011-10-20 13:55:00,589,50,3
16847,United Kingdom,614.89,2,255,307.44,307.44,127.5,2010-03-31 13:32:00,2011-10-27 13:29:00,574,43,2
16848,United Kingdom,1411.62,4,780,352.9,352.9,195.0,2010-10-03 11:01:00,2011-10-18 08:42:00,379,53,4
16849,United Kingdom,124.57,1,33,124.57,124.57,33.0,2011-06-06 09:16:00,2011-06-06 09:16:00,0,187,1
16850,United Kingdom,332.41,1,249,332.41,332.41,249.0,2011-01-10 11:09:00,2011-01-10 11:09:00,0,334,1
16851,United Kingdom,342.45,3,271,114.15,114.15,90.33,2011-10-19 09:48:00,2011-12-05 13:32:00,47,4,3
16852,United Kingdom,144.91,2,56,72.46,72.46,28.0,2011-06-16 15:49:00,2011-11-29 13:22:00,165,10,2
16854,United Kingdom,1408.96,2,997,704.48,704.48,498.5,2010-03-09 14:32:00,2010-10-18 16:31:00,223,417,2
16855,United Kingdom,328.4,2,164,164.2,164.2,82.0,2011-10-27 16:31:00,2011-11-16 12:03:00,19,24,2
16856,United Kingdom,358.49,3,171,119.5,119.5,57.0,2010-09-23 13:11:00,2011-11-25 08:59:00,427,15,3
16857,United Kingdom,352.8,1,168,352.8,352.8,168.0,2010-09-23 10:49:00,2010-09-23 10:49:00,0,443,1
16858,United Kingdom,4292.59,10,1423,429.26,429.26,142.3,2009-12-15 11:09:00,2010-12-06 09:52:00,355,369,10
16859,United Kingdom,1932.41,7,1899,276.06,276.06,271.29,2010-03-04 12:37:00,2011-07-18 12:19:00,500,145,7
16860,United Kingdom,1610.62,3,625,536.87,536.87,208.33,2010-02-15 13:46:00,2010-09-13 10:05:00,209,453,3
16861,United Kingdom,946.59,5,616,189.32,189.32,123.2,2010-07-19 11:44:00,2011-10-11 09:05:00,448,60,5
16862,United Kingdom,662.33,4,513,165.58,165.58,128.25,2010-01-07 12:57:00,2010-06-10 13:05:00,154,547,4
16863,United Kingdom,834.27,3,640,278.09,278.09,213.33,2010-10-26 10:03:00,2011-11-08 15:26:00,378,31,3
16864,United Kingdom,409.25,2,283,204.62,204.62,141.5,2010-04-20 11:56:00,2010-10-01 16:16:00,164,434,2
16865,United Kingdom,130.95,1,157,130.95,130.95,157.0,2010-11-03 11:34:00,2010-11-03 11:34:00,0,402,1
16866,United Kingdom,207.74,3,60,69.25,69.25,20.0,2011-07-01 12:34:00,2011-07-22 10:06:00,20,141,3
16867,United Kingdom,76.74,1,58,76.74,76.74,58.0,2010-01-19 09:11:00,2010-01-19 09:11:00,0,690,1
16868,United Kingdom,384.56,3,112,128.19,128.19,37.33,2010-04-25 11:31:00,2010-11-10 13:17:00,199,394,3
16869,United Kingdom,817.12,4,583,204.28,204.28,145.75,2011-06-17 13:01:00,2011-11-17 12:02:00,152,23,4
16870,United Kingdom,450.16,1,278,450.16,450.16,278.0,2010-08-27 13:53:00,2010-08-27 13:53:00,0,469,1
16871,United Kingdom,2812.34,6,1253,468.72,468.72,208.83,2011-03-14 10:31:00,2011-11-17 19:27:00,248,22,6
16872,United Kingdom,1213.13,6,1079,202.19,202.19,179.83,2010-09-02 17:36:00,2011-09-23 16:05:00,385,77,6
16873,United Kingdom,14617.39,12,8601,1218.12,1218.12,716.75,2010-02-09 14:17:00,2011-12-05 12:05:00,663,5,12
16874,United Kingdom,209.89,1,78,209.89,209.89,78.0,2010-11-25 13:08:00,2010-11-25 13:08:00,0,379,1
16875,United Kingdom,4234.53,11,2099,384.96,384.96,190.82,2010-01-05 09:16:00,2011-10-03 13:39:00,636,67,11
16876,United Kingdom,136.01,1,181,136.01,136.01,181.0,2010-11-01 11:59:00,2010-11-01 11:59:00,0,404,1
16877,United Kingdom,846.62,6,458,141.1,141.1,76.33,2011-05-15 16:13:00,2011-11-27 13:47:00,195,12,6
16878,United Kingdom,13.3,1,12,13.3,13.3,12.0,2011-09-16 17:39:00,2011-09-16 17:39:00,0,84,1
16880,United Kingdom,1813.21,8,904,226.65,226.65,113.0,2010-08-03 13:54:00,2011-11-09 11:33:00,462,31,8
16881,United Kingdom,432.0,1,600,432.0,432.0,600.0,2011-10-04 10:33:00,2011-10-04 10:33:00,0,67,1
16882,United Kingdom,705.12,3,424,235.04,235.04,141.33,2011-01-26 17:43:00,2011-10-04 10:42:00,250,67,3
16883,United Kingdom,2246.06,19,1016,118.21,118.21,53.47,2009-12-04 12:07:00,2011-06-05 12:51:00,548,187,19
16884,United Kingdom,1070.97,4,520,267.74,267.74,130.0,2010-05-18 12:00:00,2011-11-02 11:52:00,532,38,4
16885,United Kingdom,684.6,4,358,171.15,171.15,89.5,2010-11-19 12:51:00,2011-11-24 13:40:00,370,15,4
16886,United Kingdom,134.0,1,48,134.0,134.0,48.0,2010-09-09 15:08:00,2010-09-09 15:08:00,0,456,1
16887,United Kingdom,658.17,3,423,219.39,219.39,141.0,2009-12-01 13:41:00,2011-11-04 14:07:00,703,35,3
16888,United Kingdom,434.2,3,145,144.73,144.73,48.33,2010-01-07 13:07:00,2010-11-04 12:39:00,300,401,3
16889,United Kingdom,2526.65,6,1611,421.11,421.11,268.5,2010-05-23 10:46:00,2011-05-29 11:05:00,371,195,6
16890,United Kingdom,285.41,3,243,95.14,95.14,81.0,2010-05-06 16:27:00,2010-08-20 11:23:00,105,477,3
16891,United Kingdom,1727.94,11,652,157.09,157.09,59.27,2009-12-04 12:37:00,2011-12-08 11:15:00,733,2,11
16892,United Kingdom,754.75,7,367,107.82,107.82,52.43,2009-12-08 14:20:00,2011-12-08 13:18:00,729,1,7
16893,United Kingdom,249.89,2,117,124.94,124.94,58.5,2010-11-28 15:14:00,2010-12-08 12:06:00,9,367,2
16894,United Kingdom,1306.96,3,503,435.65,435.65,167.67,2010-06-22 14:21:00,2010-07-25 15:43:00,33,502,3
16895,United Kingdom,1102.9,5,421,220.58,220.58,84.2,2010-02-12 11:07:00,2011-10-06 12:15:00,601,65,5
16896,United Kingdom,103.95,1,18,103.95,103.95,18.0,2010-06-02 15:40:00,2010-06-02 15:40:00,0,555,1
16897,United Kingdom,289.78,2,73,144.89,144.89,36.5,2011-01-30 11:52:00,2011-02-13 15:02:00,14,299,2
16898,United Kingdom,885.21,5,695,177.04,177.04,139.0,2010-05-12 12:18:00,2011-11-13 15:44:00,550,26,5
16899,United Kingdom,1695.77,8,811,211.97,211.97,101.38,2010-11-07 15:00:00,2011-12-02 12:03:00,389,8,8
16900,United Kingdom,887.11,3,833,295.7,295.7,277.67,2011-10-07 13:17:00,2011-11-23 10:32:00,46,17,3
16901,United Kingdom,204.26,1,42,204.26,204.26,42.0,2009-12-10 16:30:00,2009-12-10 16:30:00,0,729,1
16902,United Kingdom,1706.88,1,629,1706.88,1706.88,629.0,2011-08-15 14:17:00,2011-08-15 14:17:00,0,116,1
16903,United Kingdom,1041.75,3,717,347.25,347.25,239.0,2010-10-20 14:42:00,2011-11-10 15:32:00,386,29,3
16904,United Kingdom,4675.36,21,2607,222.64,222.64,124.14,2010-10-24 16:03:00,2011-12-05 13:10:00,406,4,21
16905,United Kingdom,4706.77,17,1913,276.87,276.87,112.53,2009-12-10 20:04:00,2011-12-04 14:01:00,723,5,17
16906,United Kingdom,1410.92,7,590,201.56,201.56,84.29,2010-05-13 13:23:00,2011-09-19 11:49:00,493,82,7
16907,United Kingdom,1470.89,9,451,163.43,163.43,50.11,2010-07-01 17:30:00,2011-11-10 18:04:00,497,29,9
16908,United Kingdom,252.59,1,61,252.59,252.59,61.0,2009-12-17 13:35:00,2009-12-17 13:35:00,0,722,1
16909,United Kingdom,379.14,1,436,379.14,379.14,436.0,2011-09-28 16:45:00,2011-09-28 16:45:00,0,72,1
16910,United Kingdom,1508.96,8,884,188.62,188.62,110.5,2011-09-09 14:14:00,2011-12-05 12:51:00,86,4,8
16911,United Kingdom,255.25,2,161,127.62,127.62,80.5,2010-02-16 16:12:00,2010-03-14 12:18:00,25,636,2
16912,United Kingdom,4460.51,15,1689,297.37,297.37,112.6,2009-12-09 12:32:00,2011-11-11 12:18:00,701,29,15
16913,United Kingdom,423.91,3,229,141.3,141.3,76.33,2010-02-26 12:06:00,2011-02-22 12:56:00,361,290,3
16914,United Kingdom,183.76,1,112,183.76,183.76,112.0,2011-11-03 15:27:00,2011-11-03 15:27:00,0,36,1
16915,United Kingdom,1543.18,11,190,140.29,140.29,17.27,2010-05-19 13:32:00,2011-11-30 16:39:00,560,9,11
16916,United Kingdom,902.02,4,649,225.5,225.5,162.25,2010-10-20 12:56:00,2011-11-16 12:08:00,391,24,4
16917,United Kingdom,1851.88,2,792,925.94,925.94,396.0,2010-03-17 15:24:00,2011-03-08 11:55:00,355,277,2
16918,United Kingdom,3206.54,16,2066,200.41,200.41,129.12,2009-12-03 12:27:00,2011-10-21 12:50:00,687,50,16
16919,United Kingdom,4909.66,24,2333,204.57,204.57,97.21,2010-08-19 15:28:00,2011-07-06 13:35:00,320,156,24
16920,United Kingdom,355.45,1,81,355.45,355.45,81.0,2010-10-24 14:07:00,2010-10-24 14:07:00,0,411,1
16921,United Kingdom,409.21,3,275,136.4,136.4,91.67,2010-04-18 15:34:00,2011-10-09 16:22:00,539,61,3
16922,United Kingdom,611.08,1,281,611.08,611.08,281.0,2010-05-16 11:24:00,2010-05-16 11:24:00,0,573,1
16923,United Kingdom,13157.13,32,6190,411.16,411.16,193.44,2010-01-31 11:14:00,2011-11-27 13:00:00,665,12,32
16924,United Kingdom,829.89,3,467,276.63,276.63,155.67,2011-09-16 12:54:00,2011-11-18 12:53:00,62,21,3
16925,United Kingdom,125.65,1,123,125.65,125.65,123.0,2010-06-17 15:03:00,2010-06-17 15:03:00,0,540,1
16926,United Kingdom,1169.61,5,197,233.92,233.92,39.4,2010-07-01 12:57:00,2010-12-03 13:42:00,155,371,5
16927,United Kingdom,543.05,3,993,181.02,181.02,331.0,2010-12-13 11:57:00,2011-08-16 11:10:00,245,116,3
16928,United Kingdom,3897.53,29,2587,134.4,134.4,89.21,2010-02-03 12:30:00,2011-09-20 15:10:00,594,80,29
16929,United Kingdom,1295.39,7,929,185.06,185.06,132.71,2011-07-07 12:39:00,2011-12-06 08:37:00,151,4,7
16930,United Kingdom,378.89,3,339,126.3,126.3,113.0,2011-10-02 14:25:00,2011-11-13 16:13:00,42,26,3
16931,United Kingdom,5032.22,23,3357,218.79,218.79,145.96,2010-11-07 13:24:00,2011-12-04 13:15:00,391,5,23
16932,United Kingdom,412.55,3,217,137.52,137.52,72.33,2010-05-17 14:15:00,2011-10-17 14:12:00,517,53,3
16933,United Kingdom,3099.3,9,1533,344.37,344.37,170.33,2009-12-09 15:03:00,2011-12-08 12:54:00,728,1,9
16934,United Kingdom,2083.14,6,936,347.19,347.19,156.0,2010-03-28 12:43:00,2011-10-16 12:40:00,566,55,6
16935,United Kingdom,530.86,3,273,176.95,176.95,91.0,2010-10-14 13:09:00,2010-11-23 09:16:00,39,382,3
16936,United Kingdom,548.29,2,339,274.14,274.14,169.5,2010-11-19 11:54:00,2011-11-14 11:04:00,359,26,2
16937,United Kingdom,196.25,1,123,196.25,196.25,123.0,2010-07-28 17:56:00,2010-07-28 17:56:00,0,499,1
16938,United Kingdom,6995.36,9,5041,777.26,777.26,560.11,2010-02-17 14:47:00,2011-12-01 10:20:00,651,9,9
16939,United Kingdom,433.85,3,229,144.62,144.62,76.33,2010-02-28 13:33:00,2010-08-08 12:24:00,160,489,3
16940,United Kingdom,6427.66,8,4503,803.46,803.46,562.88,2009-12-08 13:08:00,2011-10-18 13:15:00,679,52,8
16941,United Kingdom,33.0,1,12,33.0,33.0,12.0,2010-04-07 11:13:00,2010-04-07 11:13:00,0,612,1
16942,United Kingdom,1904.99,9,805,211.67,211.67,89.44,2011-04-26 11:59:00,2011-11-27 12:40:00,215,13,9
16943,United Kingdom,1299.49,5,147,259.9,259.9,29.4,2010-03-25 13:34:00,2011-05-12 11:57:00,412,212,5
16944,United Kingdom,101.36,1,27,101.36,101.36,27.0,2010-04-09 11:03:00,2010-04-09 11:03:00,0,610,1
16945,United Kingdom,8548.16,33,5889,259.04,259.04,178.45,2009-12-09 11:33:00,2011-11-18 11:39:00,709,22,33
16946,United Kingdom,1222.04,5,509,244.41,244.41,101.8,2010-03-02 10:49:00,2010-11-21 14:06:00,264,383,5
16947,United Kingdom,955.21,5,655,191.04,191.04,131.0,2010-03-03 10:54:00,2011-04-18 09:38:00,410,236,5
16948,United Kingdom,868.77,7,2091,124.11,124.11,298.71,2010-02-21 13:48:00,2011-07-24 12:46:00,517,139,7
16949,United Kingdom,1286.27,6,791,214.38,214.38,131.83,2011-01-27 12:11:00,2011-12-06 11:07:00,312,4,6
16950,United Kingdom,3541.77,10,2432,354.18,354.18,243.2,2010-01-24 11:26:00,2011-10-14 09:06:00,627,57,10
16951,United Kingdom,1277.75,3,1318,425.92,425.92,439.33,2011-02-08 14:58:00,2011-07-28 12:05:00,169,135,3
16952,United Kingdom,795.83,5,343,159.17,159.17,68.6,2009-12-11 13:52:00,2011-08-22 13:03:00,618,109,5
16953,United Kingdom,20.8,1,10,20.8,20.8,10.0,2011-11-09 15:54:00,2011-11-09 15:54:00,0,30,1
16954,United Kingdom,6081.88,20,4086,304.09,304.09,204.3,2010-01-18 14:49:00,2011-12-09 09:46:00,689,1,20
16955,United Kingdom,1120.31,6,723,186.72,186.72,120.5,2010-01-31 11:38:00,2011-06-08 10:36:00,492,185,6
16956,United Kingdom,308.74,1,114,308.74,308.74,114.0,2011-11-22 08:56:00,2011-11-22 08:56:00,0,18,1
16957,United Kingdom,416.64,2,172,208.32,208.32,86.0,2011-03-03 09:25:00,2011-04-14 13:56:00,42,239,2
16958,United Kingdom,778.49,1,514,778.49,778.49,514.0,2010-09-30 14:25:00,2010-09-30 14:25:00,0,435,1
16959,United Kingdom,117.35,1,49,117.35,117.35,49.0,2011-09-13 15:03:00,2011-09-13 15:03:00,0,87,1
16960,United Kingdom,1990.88,8,1492,248.86,248.86,186.5,2010-03-02 13:36:00,2011-11-01 11:35:00,608,39,8
16961,United Kingdom,794.56,3,482,264.85,264.85,160.67,2010-06-25 14:36:00,2011-08-15 13:46:00,415,116,3
16962,United Kingdom,251.04,1,158,251.04,251.04,158.0,2010-10-26 11:36:00,2010-10-26 11:36:00,0,410,1
16963,United Kingdom,110.55,1,35,110.55,110.55,35.0,2011-06-05 13:48:00,2011-06-05 13:48:00,0,187,1
16964,United Kingdom,207.85,2,49,103.92,103.92,24.5,2009-12-06 12:51:00,2009-12-06 12:53:00,0,733,2
16965,United Kingdom,201.19,1,291,201.19,201.19,291.0,2011-04-27 12:08:00,2011-04-27 12:08:00,0,227,1
16966,United Kingdom,2154.97,7,1981,307.85,307.85,283.0,2011-04-13 14:17:00,2011-12-01 13:40:00,231,8,7
16967,United Kingdom,319.02,1,333,319.02,319.02,333.0,2011-06-03 14:24:00,2011-06-03 14:24:00,0,189,1
16968,United Kingdom,439.43,2,326,219.72,219.72,163.0,2011-08-24 10:51:00,2011-12-05 15:02:00,103,4,2
16969,United Kingdom,650.41,3,816,216.8,216.8,272.0,2011-06-01 12:10:00,2011-10-31 13:12:00,152,39,3
16970,United Kingdom,71.4,1,12,71.4,71.4,12.0,2010-03-23 13:50:00,2010-03-23 13:50:00,0,626,1
16971,United Kingdom,357.21,1,72,357.21,357.21,72.0,2011-11-01 15:06:00,2011-11-01 15:06:00,0,38,1
16972,United Kingdom,749.0,2,183,374.5,374.5,91.5,2010-09-09 11:20:00,2010-11-22 10:59:00,73,383,2
16973,United Kingdom,127.0,1,60,127.0,127.0,60.0,2010-11-18 13:56:00,2010-11-18 13:56:00,0,386,1
16974,United Kingdom,365.5,2,70,182.75,182.75,35.0,2010-05-24 10:43:00,2010-07-05 10:18:00,41,523,2
16975,United Kingdom,926.12,3,586,308.71,308.71,195.33,2010-07-22 11:38:00,2010-10-12 17:53:00,82,423,3
16976,United Kingdom,251.52,1,88,251.52,251.52,88.0,2011-03-17 16:33:00,2011-03-17 16:33:00,0,267,1
16977,United Kingdom,496.0,4,142,124.0,124.0,35.5,2010-03-18 11:06:00,2010-11-09 13:17:00,236,395,4
16978,United Kingdom,768.88,3,285,256.29,256.29,95.0,2010-02-11 16:27:00,2011-09-23 12:50:00,588,78,3
16979,United Kingdom,2859.74,9,1451,317.75,317.75,161.22,2010-09-15 14:30:00,2011-12-06 12:21:00,446,4,9
16980,United Kingdom,1422.83,3,990,474.28,474.28,330.0,2010-10-07 14:05:00,2011-03-29 16:36:00,173,255,3
16982,United Kingdom,384.06,1,182,384.06,384.06,182.0,2011-10-10 12:28:00,2011-10-10 12:28:00,0,61,1
16983,United Kingdom,3490.53,11,2315,317.32,317.32,210.45,2010-09-19 12:38:00,2011-11-27 12:10:00,433,13,11
16984,United Kingdom,10350.53,9,5127,1150.06,1150.06,569.67,2010-03-07 15:34:00,2011-09-12 13:43:00,553,88,9
16985,United Kingdom,10923.16,23,3103,474.92,474.92,134.91,2009-12-10 13:34:00,2011-11-22 13:33:00,711,17,23
16986,United Kingdom,4888.75,11,2539,444.43,444.43,230.82,2010-02-04 14:46:00,2011-11-10 11:55:00,643,30,11
16987,United Kingdom,2521.4,11,671,229.22,229.22,61.0,2009-12-02 14:34:00,2011-12-06 17:26:00,734,3,11
16988,United Kingdom,382.67,2,158,191.34,191.34,79.0,2010-11-25 09:22:00,2011-12-04 16:02:00,374,5,2
16989,United Kingdom,1133.25,6,1233,188.88,188.88,205.5,2011-07-12 09:11:00,2011-12-02 16:39:00,143,7,6
16990,United Kingdom,344.0,2,200,172.0,172.0,100.0,2010-10-13 11:42:00,2011-05-05 08:30:00,203,219,2
16991,United Kingdom,1041.21,1,793,1041.21,1041.21,793.0,2010-10-14 14:08:00,2010-10-14 14:08:00,0,421,1
16992,United Kingdom,5476.5,13,2061,421.27,421.27,158.54,2010-02-11 12:36:00,2011-11-29 11:50:00,655,11,13
16993,United Kingdom,1950.95,2,285,975.48,975.48,142.5,2010-05-12 13:55:00,2010-09-02 12:16:00,112,464,2
16996,United Kingdom,2123.61,9,919,235.96,235.96,102.11,2010-10-18 12:24:00,2011-11-09 16:43:00,387,30,9
16997,United Kingdom,702.0,3,360,234.0,234.0,120.0,2011-01-18 11:51:00,2011-02-24 17:28:00,37,288,3
16998,United Kingdom,402.0,5,104,80.4,80.4,20.8,2010-09-21 14:39:00,2011-07-13 09:44:00,294,150,5
16999,United Kingdom,484.82,2,294,242.41,242.41,147.0,2011-09-26 15:43:00,2011-11-16 13:53:00,50,23,2
17000,United Kingdom,406.3,2,305,203.15,203.15,152.5,2010-10-27 14:16:00,2010-11-08 13:35:00,11,396,2
17001,United Kingdom,6640.8,19,3782,349.52,349.52,199.05,2010-03-25 12:41:00,2011-12-09 09:38:00,623,1,19
17002,United Kingdom,2571.55,7,1265,367.36,367.36,180.71,2010-03-08 15:46:00,2011-09-15 12:40:00,555,86,7
17003,United Kingdom,828.21,4,494,207.05,207.05,123.5,2010-05-10 11:20:00,2010-11-02 13:15:00,176,402,4
17004,United Kingdom,2324.36,4,1233,581.09,581.09,308.25,2010-10-11 15:43:00,2011-10-24 14:25:00,377,46,4
17005,United Kingdom,622.36,2,691,311.18,311.18,345.5,2010-04-30 10:55:00,2010-08-26 10:57:00,118,471,2
17006,United Kingdom,1635.27,8,572,204.41,204.41,71.5,2010-03-05 13:33:00,2011-12-05 12:09:00,639,5,8
17007,United Kingdom,1120.1,7,717,160.01,160.01,102.43,2010-09-28 13:51:00,2011-10-20 10:47:00,386,51,7
17008,United Kingdom,81.36,1,24,81.36,81.36,24.0,2010-10-06 15:19:00,2010-10-06 15:19:00,0,429,1
17009,United Kingdom,242.06,1,336,242.06,242.06,336.0,2010-06-06 16:01:00,2010-06-06 16:01:00,0,551,1
17010,United Kingdom,195.36,1,118,195.36,195.36,118.0,2011-11-21 14:49:00,2011-11-21 14:49:00,0,18,1
17011,United Kingdom,671.7,3,792,223.9,223.9,264.0,2010-02-26 09:47:00,2011-11-09 13:30:00,621,30,3
17012,United Kingdom,360.61,1,251,360.61,360.61,251.0,2009-12-14 17:34:00,2009-12-14 17:34:00,0,725,1
17014,United Kingdom,583.43,3,243,194.48,194.48,81.0,2011-10-04 11:36:00,2011-12-01 14:09:00,58,8,3
17015,United Kingdom,1838.61,3,1978,612.87,612.87,659.33,2011-06-07 13:19:00,2011-11-11 10:45:00,156,29,3
17016,United Kingdom,552.4,1,309,552.4,552.4,309.0,2010-05-12 12:32:00,2010-05-12 12:32:00,0,577,1
17017,United Kingdom,12576.99,29,9397,433.69,433.69,324.03,2009-12-03 13:22:00,2011-12-07 09:32:00,733,3,29
17018,United Kingdom,2287.7,6,456,381.28,381.28,76.0,2009-12-05 10:27:00,2011-10-30 11:42:00,694,41,6
17019,United Kingdom,3602.29,11,2396,327.48,327.48,217.82,2009-12-02 11:52:00,2011-11-28 13:06:00,726,11,11
17020,United Kingdom,935.62,2,860,467.81,467.81,430.0,2010-03-03 12:27:00,2010-06-15 13:06:00,104,542,2
17021,United Kingdom,1182.22,6,992,197.04,197.04,165.33,2010-04-29 20:05:00,2010-09-23 20:01:00,146,442,6
17022,United Kingdom,260.0,2,180,130.0,130.0,90.0,2010-10-03 10:27:00,2011-11-08 17:09:00,401,31,2
17023,United Kingdom,800.18,3,530,266.73,266.73,176.67,2010-01-11 15:09:00,2010-10-18 15:37:00,280,417,3
17024,United Kingdom,95.85,3,69,31.95,31.95,23.0,2011-07-05 09:31:00,2011-10-25 13:47:00,112,45,3
17025,United Kingdom,1349.67,5,885,269.93,269.93,177.0,2010-03-08 13:37:00,2011-10-10 09:06:00,580,61,5
17026,United Kingdom,175.83,3,107,58.61,58.61,35.67,2010-10-18 15:22:00,2011-06-07 14:28:00,231,185,3
17027,United Kingdom,1310.63,9,645,145.63,145.63,71.67,2009-12-10 12:10:00,2011-09-22 12:24:00,651,79,9
17028,United Kingdom,1593.83,3,856,531.28,531.28,285.33,2009-12-18 14:28:00,2010-05-07 15:33:00,140,581,3
17029,United Kingdom,2137.3,7,1265,305.33,305.33,180.71,2010-02-14 10:19:00,2011-08-21 11:06:00,553,111,7
17030,United Kingdom,146.87,1,146,146.87,146.87,146.0,2011-10-07 08:49:00,2011-10-07 08:49:00,0,64,1
17031,United Kingdom,2773.85,6,1595,462.31,462.31,265.83,2010-05-07 14:52:00,2011-11-28 10:23:00,569,12,6
17032,United Kingdom,2984.32,8,1667,373.04,373.04,208.38,2009-12-10 15:36:00,2010-06-10 12:16:00,181,548,8
17033,United Kingdom,1332.79,4,871,333.2,333.2,217.75,2010-11-07 12:55:00,2011-09-14 14:34:00,311,86,4
17034,United Kingdom,1276.42,5,694,255.28,255.28,138.8,2010-07-14 12:55:00,2011-11-23 15:14:00,497,16,5
17035,United Kingdom,613.59,4,327,153.4,153.4,81.75,2009-12-03 10:37:00,2011-04-08 11:23:00,491,246,4
17036,United Kingdom,176.9,1,76,176.9,176.9,76.0,2010-11-21 14:26:00,2010-11-21 14:26:00,0,383,1
17037,United Kingdom,1267.32,1,656,1267.32,1267.32,656.0,2011-09-13 12:49:00,2011-09-13 12:49:00,0,88,1
17038,United Kingdom,743.17,2,535,371.58,371.58,267.5,2010-10-20 16:04:00,2011-11-09 13:50:00,384,30,2
17039,United Kingdom,1954.99,1,689,1954.99,1954.99,689.0,2010-04-14 12:56:00,2010-04-14 12:56:00,0,604,1
17040,United Kingdom,463.25,2,189,231.62,231.62,94.5,2010-06-07 15:08:00,2011-07-25 10:19:00,412,138,2
17041,United Kingdom,1655.2,6,1303,275.87,275.87,217.17,2010-04-18 14:25:00,2011-11-13 11:21:00,573,27,6
17042,United Kingdom,1036.58,5,990,207.32,207.32,198.0,2011-04-06 14:53:00,2011-12-07 12:26:00,244,3,5
17043,United Kingdom,2593.65,8,1616,324.21,324.21,202.0,2009-12-09 15:20:00,2011-11-07 15:33:00,698,32,8
17044,United Kingdom,11962.3,12,5722,996.86,996.86,476.83,2009-12-07 12:25:00,2011-11-14 14:28:00,707,25,12
17045,United Kingdom,827.68,5,294,165.54,165.54,58.8,2010-10-06 14:52:00,2011-08-18 17:09:00,316,113,5
17046,United Kingdom,1906.07,5,1636,381.21,381.21,327.2,2010-03-29 13:46:00,2011-07-05 14:24:00,463,157,5
17047,United Kingdom,2289.23,6,1184,381.54,381.54,197.33,2009-12-08 08:48:00,2011-09-15 13:27:00,646,85,6
17048,United Kingdom,2071.68,7,1068,295.95,295.95,152.57,2010-01-18 13:55:00,2011-08-14 11:49:00,572,118,7
17049,United Kingdom,9942.53,19,4273,523.29,523.29,224.89,2010-03-04 10:23:00,2011-12-07 10:48:00,643,3,19
17050,United Kingdom,4648.59,11,2432,422.6,422.6,221.09,2010-01-26 14:54:00,2011-09-04 13:48:00,585,96,11
17051,United Kingdom,706.49,4,507,176.62,176.62,126.75,2010-03-21 14:55:00,2011-05-29 14:13:00,433,194,4
17052,United Kingdom,399.09,1,251,399.09,399.09,251.0,2011-11-11 14:50:00,2011-11-11 14:50:00,0,28,1
17053,United Kingdom,498.48,1,122,498.48,498.48,122.0,2011-08-01 10:23:00,2011-08-01 10:23:00,0,131,1
17054,United Kingdom,1356.33,5,804,271.27,271.27,160.8,2011-04-08 13:14:00,2011-11-11 12:56:00,216,28,5
17055,United Kingdom,232.85,1,83,232.85,232.85,83.0,2010-09-20 12:21:00,2010-09-20 12:21:00,0,446,1
17056,United Kingdom,128.6,1,26,128.6,128.6,26.0,2009-12-01 12:55:00,2009-12-01 12:55:00,0,738,1
17057,United Kingdom,294.74,1,129,294.74,294.74,129.0,2010-04-22 19:21:00,2010-04-22 19:21:00,0,596,1
17058,United Kingdom,1179.89,3,592,393.3,393.3,197.33,2011-04-14 09:18:00,2011-09-19 10:13:00,158,82,3
17059,United Kingdom,4864.57,9,3107,540.51,540.51,345.22,2010-01-26 14:43:00,2011-11-10 12:27:00,652,30,9
17060,United Kingdom,234.24,1,216,234.24,234.24,216.0,2011-03-18 13:27:00,2011-03-18 13:27:00,0,266,1
17061,United Kingdom,5232.23,11,1526,475.66,475.66,138.73,2011-04-21 13:29:00,2011-09-27 11:24:00,158,74,11
17062,United Kingdom,889.75,6,644,148.29,148.29,107.33,2010-09-26 11:57:00,2011-01-30 11:01:00,125,314,6
17063,United Kingdom,3638.53,13,1899,279.89,279.89,146.08,2009-12-01 12:36:00,2011-11-18 16:19:00,717,21,13
17064,United Kingdom,855.45,3,316,285.15,285.15,105.33,2011-01-16 16:10:00,2011-10-12 10:18:00,268,59,3
17065,United Kingdom,194.7,2,82,97.35,97.35,41.0,2010-03-12 11:40:00,2010-03-12 11:41:00,0,638,2
17066,United Kingdom,228.34,1,93,228.34,228.34,93.0,2009-12-13 13:24:00,2009-12-13 13:24:00,0,726,1
17067,United Kingdom,454.54,3,322,151.51,151.51,107.33,2009-12-08 12:03:00,2009-12-15 08:39:00,6,725,3
17068,United Kingdom,8987.68,47,4351,191.23,191.23,92.57,2010-03-28 14:26:00,2011-11-27 13:14:00,608,12,47
17069,United Kingdom,5517.23,14,3230,394.09,394.09,230.71,2009-12-03 12:27:00,2011-11-11 17:13:00,708,28,14
17070,United Kingdom,437.42,2,232,218.71,218.71,116.0,2010-10-25 15:57:00,2011-08-17 17:01:00,296,114,2
17071,United Kingdom,3793.71,13,1934,291.82,291.82,148.77,2010-01-24 13:05:00,2011-11-11 16:31:00,656,28,13
17072,United Kingdom,273.35,1,212,273.35,273.35,212.0,2010-03-24 16:33:00,2010-03-24 16:33:00,0,625,1
17073,United Kingdom,1446.09,4,759,361.52,361.52,189.75,2011-08-22 14:37:00,2011-11-22 11:47:00,91,18,4
17074,United Kingdom,203.05,1,19,203.05,203.05,19.0,2010-05-26 12:04:00,2010-05-26 12:04:00,0,563,1
17075,United Kingdom,2236.63,10,785,223.66,223.66,78.5,2009-12-14 11:24:00,2011-11-22 11:58:00,708,18,10
17076,United Kingdom,1242.75,6,514,207.12,207.12,85.67,2009-12-04 12:12:00,2011-11-03 17:53:00,699,36,6
17077,United Kingdom,306.0,1,36,306.0,306.0,36.0,2010-05-10 16:36:00,2010-05-10 16:36:00,0,578,1
17078,United Kingdom,378.2,2,788,189.1,189.1,394.0,2011-11-03 18:49:00,2011-11-03 19:17:00,0,36,2
17079,United Kingdom,118.8,1,24,118.8,118.8,24.0,2011-09-22 15:34:00,2011-09-22 15:34:00,0,78,1
17080,United Kingdom,957.53,7,569,136.79,136.79,81.29,2010-07-01 16:03:00,2011-11-17 12:59:00,503,22,7
17081,United Kingdom,949.39,6,381,158.23,158.23,63.5,2010-02-22 13:19:00,2011-11-14 12:56:00,629,25,6
17082,United Kingdom,4732.03,6,2526,788.67,788.67,421.0,2009-12-15 11:25:00,2011-11-06 15:17:00,691,33,6
17083,United Kingdom,4049.79,9,1955,449.98,449.98,217.22,2010-02-09 11:46:00,2011-08-22 15:43:00,559,109,9
17084,United Kingdom,5001.21,3,3178,1667.07,1667.07,1059.33,2010-11-08 14:20:00,2011-11-04 14:54:00,361,35,3
17085,United Kingdom,7847.67,28,3583,280.27,280.27,127.96,2009-12-06 12:16:00,2011-08-08 14:15:00,610,123,28
17086,United Kingdom,2050.08,6,1859,341.68,341.68,309.83,2011-10-07 11:22:00,2011-12-02 13:54:00,56,7,6
17087,United Kingdom,221.53,1,113,221.53,221.53,113.0,2009-12-02 10:41:00,2009-12-02 10:41:00,0,738,1
17088,United Kingdom,1991.01,4,868,497.75,497.75,217.0,2011-03-31 09:48:00,2011-11-11 14:23:00,225,28,4
17089,United Kingdom,128.45,1,35,128.45,128.45,35.0,2010-11-18 15:33:00,2010-11-18 15:33:00,0,386,1
17090,United Kingdom,3080.18,13,1344,236.94,236.94,103.38,2010-07-19 16:02:00,2011-12-05 13:44:00,503,4,13
17091,United Kingdom,7495.75,19,3732,394.51,394.51,196.42,2009-12-16 15:45:00,2011-12-07 10:43:00,720,3,19
17092,United Kingdom,5511.41,11,3768,501.04,501.04,342.55,2010-02-02 16:42:00,2011-10-20 19:51:00,625,50,11
17093,United Kingdom,235.88,1,114,235.88,235.88,114.0,2010-04-26 10:22:00,2010-04-26 10:22:00,0,593,1
17094,United Kingdom,402.2,2,212,201.1,201.1,106.0,2010-10-12 10:48:00,2011-01-21 13:09:00,101,322,2
17095,United Kingdom,2572.25,7,1695,367.46,367.46,242.14,2009-12-15 12:32:00,2011-11-17 12:21:00,701,23,7
17096,United Kingdom,3697.93,11,1559,336.18,336.18,141.73,2010-06-02 14:48:00,2011-11-24 15:01:00,540,15,11
17097,Spain,1143.36,9,582,127.04,127.04,64.67,2010-10-05 14:09:00,2011-12-07 17:05:00,428,2,9
17098,United Kingdom,591.07,3,125,197.02,197.02,41.67,2010-06-17 10:30:00,2010-11-23 12:13:00,159,382,3
17099,United Kingdom,582.17,1,317,582.17,582.17,317.0,2010-06-24 16:25:00,2010-06-24 16:25:00,0,533,1
17100,United Kingdom,971.74,2,800,485.87,485.87,400.0,2011-11-21 16:36:00,2011-11-21 16:36:00,0,18,2
17101,United Kingdom,2507.05,7,1175,358.15,358.15,167.86,2010-06-07 15:12:00,2011-11-29 13:57:00,539,10,7
17102,United Kingdom,25.5,1,2,25.5,25.5,2.0,2011-03-23 10:08:00,2011-03-23 10:08:00,0,262,1
17103,United Kingdom,424.3,1,471,424.3,424.3,471.0,2009-12-17 14:08:00,2009-12-17 14:08:00,0,722,1
17104,United Kingdom,474.03,1,149,474.03,474.03,149.0,2010-10-12 12:21:00,2010-10-12 12:21:00,0,424,1
17105,United Kingdom,665.78,2,693,332.89,332.89,346.5,2011-02-06 14:46:00,2011-07-03 15:53:00,147,159,2
17106,United Kingdom,481.58,1,153,481.58,481.58,153.0,2010-11-15 14:11:00,2010-11-15 14:11:00,0,389,1
17107,United Kingdom,16052.72,10,7530,1605.27,1605.27,753.0,2010-01-31 15:47:00,2011-11-06 14:14:00,643,33,10
17108,United Kingdom,174.95,1,31,174.95,174.95,31.0,2010-02-14 12:22:00,2010-02-14 12:22:00,0,664,1
17109,United Kingdom,1291.71,8,788,161.46,161.46,98.5,2010-07-30 12:42:00,2011-11-10 16:59:00,468,29,8
17110,United Kingdom,499.9,3,136,166.63,166.63,45.33,2010-04-08 13:32:00,2011-06-27 12:58:00,444,165,3
17111,United Kingdom,459.58,2,581,229.79,229.79,290.5,2010-10-10 15:21:00,2011-10-23 15:59:00,378,47,2
17112,United Kingdom,197.57,1,130,197.57,197.57,130.0,2010-07-25 11:14:00,2010-07-25 11:14:00,0,503,1
17113,United Kingdom,2305.59,6,913,384.27,384.27,152.17,2010-01-11 10:14:00,2010-05-14 13:59:00,123,574,6
17114,United Kingdom,801.12,8,215,100.14,100.14,26.88,2011-01-09 11:39:00,2011-12-04 12:17:00,329,6,8
17115,United Kingdom,2761.49,7,885,394.5,394.5,126.43,2009-12-05 12:13:00,2011-12-01 14:30:00,726,8,7
17116,United Kingdom,389.78,1,392,389.78,389.78,392.0,2010-03-01 16:29:00,2010-03-01 16:29:00,0,648,1
17117,United Kingdom,116.2,1,68,116.2,116.2,68.0,2011-02-24 13:54:00,2011-02-24 13:54:00,0,288,1
17118,United Kingdom,157.02,1,154,157.02,157.02,154.0,2011-01-26 12:19:00,2011-01-26 12:19:00,0,318,1
17119,United Kingdom,606.91,2,334,303.46,303.46,167.0,2011-10-11 11:03:00,2011-12-06 14:40:00,56,3,2
17120,United Kingdom,307.46,1,120,307.46,307.46,120.0,2011-04-20 15:21:00,2011-04-20 15:21:00,0,233,1
17121,United Kingdom,314.74,1,106,314.74,314.74,106.0,2010-11-02 11:47:00,2010-11-02 11:47:00,0,403,1
17122,United Kingdom,570.5,4,368,142.62,142.62,92.0,2010-07-28 09:34:00,2011-08-12 14:33:00,380,119,4
17123,United Kingdom,977.17,3,676,325.72,325.72,225.33,2010-05-16 11:52:00,2011-07-01 10:47:00,410,162,3
17124,United Kingdom,294.24,1,129,294.24,294.24,129.0,2011-06-07 14:02:00,2011-06-07 14:02:00,0,185,1
17125,United Kingdom,230.5,1,281,230.5,230.5,281.0,2011-10-20 14:41:00,2011-10-20 14:41:00,0,50,1
17126,United Kingdom,2016.43,9,1426,224.05,224.05,158.44,2010-08-31 13:41:00,2011-07-10 13:52:00,313,152,9
17127,United Kingdom,1155.03,5,340,231.01,231.01,68.0,2009-12-04 15:18:00,2010-10-07 09:54:00,306,429,5
17128,United Kingdom,157.09,1,76,157.09,157.09,76.0,2011-01-09 12:02:00,2011-01-09 12:02:00,0,335,1
17129,United Kingdom,31.85,1,5,31.85,31.85,5.0,2010-07-07 13:46:00,2010-07-07 13:46:00,0,520,1
17131,United Kingdom,2463.17,5,983,492.63,492.63,196.6,2011-09-25 12:42:00,2011-12-04 12:52:00,70,5,5
17132,United Kingdom,1220.91,2,963,610.46,610.46,481.5,2010-08-08 13:49:00,2010-09-13 16:31:00,36,452,2
17133,United Kingdom,14622.33,12,10107,1218.53,1218.53,842.25,2010-03-21 12:31:00,2011-11-24 12:27:00,612,16,12
17134,United Kingdom,625.3,3,144,208.43,208.43,48.0,2010-09-23 18:32:00,2011-08-25 09:53:00,335,107,3
17135,United Kingdom,1722.18,10,1686,172.22,172.22,168.6,2010-05-09 16:03:00,2011-11-23 16:48:00,563,16,10
17136,United Kingdom,231.68,1,256,231.68,231.68,256.0,2010-02-15 13:13:00,2010-02-15 13:13:00,0,662,1
17137,United Kingdom,1099.81,6,680,183.3,183.3,113.33,2010-01-31 12:27:00,2010-10-19 14:51:00,261,416,6
17138,United Kingdom,4417.27,7,2024,631.04,631.04,289.14,2010-02-04 14:19:00,2011-03-09 11:54:00,397,276,7
17139,United Kingdom,19566.76,25,9853,782.67,782.67,394.12,2010-01-11 11:31:00,2011-11-24 10:12:00,681,16,25
17140,United Kingdom,454.12,1,296,454.12,454.12,296.0,2011-04-06 13:33:00,2011-04-06 13:33:00,0,247,1
17141,United Kingdom,727.58,4,423,181.9,181.9,105.75,2010-01-24 14:19:00,2010-10-17 14:54:00,266,418,4
17142,United Kingdom,1275.25,4,322,318.81,318.81,80.5,2010-01-24 15:23:00,2011-04-14 18:22:00,445,239,4
17143,United Kingdom,880.97,2,314,440.48,440.48,157.0,2010-07-12 13:26:00,2010-10-18 15:27:00,98,417,2
17144,United Kingdom,984.57,2,483,492.28,492.28,241.5,2011-09-16 12:50:00,2011-12-08 17:57:00,83,1,2
17145,United Kingdom,3120.91,4,2591,780.23,780.23,647.75,2010-02-19 12:07:00,2010-07-15 09:02:00,145,513,4
17146,United Kingdom,5852.64,13,2188,450.2,450.2,168.31,2010-02-02 09:39:00,2011-08-26 12:44:00,570,106,13
17147,United Kingdom,3199.95,9,1308,355.55,355.55,145.33,2010-01-11 09:38:00,2011-11-17 12:32:00,675,23,9
17148,United Kingdom,124.88,1,82,124.88,124.88,82.0,2011-10-19 09:59:00,2011-10-19 09:59:00,0,52,1
17149,United Kingdom,143.1,1,18,143.1,143.1,18.0,2010-09-14 14:56:00,2010-09-14 14:56:00,0,451,1
17150,United Kingdom,1357.95,6,397,226.32,226.32,66.17,2009-12-06 10:51:00,2010-11-28 11:27:00,357,377,6
17151,United Kingdom,231.9,1,42,231.9,231.9,42.0,2009-12-04 14:56:00,2009-12-04 14:56:00,0,735,1
17152,United Kingdom,2016.5,4,577,504.12,504.12,144.25,2010-10-10 12:40:00,2011-05-29 12:19:00,230,195,4
17153,United Kingdom,213.78,1,104,213.78,213.78,104.0,2011-11-15 13:42:00,2011-11-15 13:42:00,0,24,1
17154,United Kingdom,329.34,1,490,329.34,329.34,490.0,2011-09-25 13:42:00,2011-09-25 13:42:00,0,75,1
17155,United Kingdom,892.46,7,987,127.49,127.49,141.0,2009-12-03 11:34:00,2011-11-22 12:38:00,719,18,7
17156,United Kingdom,591.87,1,391,591.87,591.87,391.0,2010-08-05 11:30:00,2010-08-05 11:30:00,0,492,1
17157,United Kingdom,5151.9,19,2092,271.15,271.15,110.11,2009-12-04 13:00:00,2011-12-02 09:10:00,727,8,19
17158,United Kingdom,1980.0,5,1147,396.0,396.0,229.4,2010-03-07 15:50:00,2011-11-07 15:15:00,609,32,5
17159,United Kingdom,2099.59,5,1348,419.92,419.92,269.6,2010-03-04 14:53:00,2011-11-18 10:52:00,623,22,5
17160,United Kingdom,10209.16,17,8390,600.54,600.54,493.53,2009-12-04 10:57:00,2011-11-08 14:05:00,704,31,17
17161,United Kingdom,856.01,1,537,856.01,856.01,537.0,2010-09-21 16:44:00,2010-09-21 16:44:00,0,444,1
17162,United Kingdom,1715.46,10,1001,171.55,171.55,100.1,2011-02-07 12:27:00,2011-11-11 11:34:00,276,29,10
17163,United Kingdom,699.78,4,531,174.94,174.94,132.75,2010-02-02 10:39:00,2011-11-18 08:57:00,653,22,4
17164,United Kingdom,2467.35,7,1501,352.48,352.48,214.43,2011-03-11 14:26:00,2011-11-07 09:14:00,240,33,7
17165,United Kingdom,1794.32,6,788,299.05,299.05,131.33,2009-12-11 09:18:00,2011-02-28 16:39:00,444,284,6
17166,United Kingdom,206.34,2,78,103.17,103.17,39.0,2011-05-20 08:18:00,2011-11-01 09:46:00,165,39,2
17167,United Kingdom,867.11,3,429,289.04,289.04,143.0,2010-09-20 14:02:00,2010-11-25 10:05:00,65,380,3
17168,United Kingdom,400.2,1,220,400.2,400.2,220.0,2010-07-29 12:33:00,2010-07-29 12:33:00,0,499,1
17169,United Kingdom,1156.73,3,671,385.58,385.58,223.67,2010-05-10 13:00:00,2011-10-13 10:25:00,520,58,3
17170,United Kingdom,178.68,2,152,89.34,89.34,76.0,2010-11-15 16:23:00,2010-11-30 15:55:00,14,374,2
17171,United Kingdom,384.59,2,225,192.3,192.3,112.5,2010-02-16 12:02:00,2011-02-23 16:37:00,372,289,2
17172,United Kingdom,956.57,3,1215,318.86,318.86,405.0,2009-12-13 11:46:00,2011-09-22 09:36:00,647,79,3
17173,United Kingdom,3766.6,8,1122,470.82,470.82,140.25,2011-07-31 15:26:00,2011-12-04 14:40:00,125,5,8
17174,United Kingdom,59.9,1,41,59.9,59.9,41.0,2011-05-06 11:47:00,2011-05-06 11:47:00,0,218,1
17175,United Kingdom,1443.69,4,866,360.92,360.92,216.5,2011-02-16 14:56:00,2011-10-26 15:31:00,252,44,4
17176,United Kingdom,902.32,3,576,300.77,300.77,192.0,2010-01-31 15:49:00,2011-05-22 12:41:00,475,202,3
17177,United Kingdom,119.5,1,40,119.5,119.5,40.0,2010-07-22 14:53:00,2010-07-22 14:53:00,0,505,1
17178,United Kingdom,432.96,1,100,432.96,432.96,100.0,2009-12-08 16:20:00,2009-12-08 16:20:00,0,731,1
17179,United Kingdom,1507.26,6,625,251.21,251.21,104.17,2010-05-26 11:22:00,2011-06-14 16:48:00,384,178,6
17180,United Kingdom,2236.77,11,1809,203.34,203.34,164.45,2010-01-21 17:43:00,2011-10-14 15:46:00,630,56,11
17181,United Kingdom,309.85,3,268,103.28,103.28,89.33,2010-04-23 11:21:00,2011-10-13 14:48:00,538,57,3
17182,United Kingdom,321.3,2,54,160.65,160.65,27.0,2009-12-21 15:22:00,2010-10-13 10:09:00,295,423,2
17183,United Kingdom,3347.31,6,1296,557.88,557.88,216.0,2011-08-26 15:25:00,2011-12-02 10:07:00,97,8,6
17184,United Kingdom,198.41,2,73,99.2,99.2,36.5,2009-12-09 14:17:00,2010-05-19 14:24:00,161,569,2
17185,United Kingdom,229.46,3,119,76.49,76.49,39.67,2010-04-20 13:49:00,2010-04-27 12:15:00,6,592,3
17186,United Kingdom,144.0,2,200,72.0,72.0,100.0,2011-10-10 12:52:00,2011-10-24 10:20:00,13,47,2
17187,United Kingdom,467.71,2,426,233.86,233.86,213.0,2010-07-01 14:38:00,2011-04-27 12:39:00,299,227,2
17188,United Kingdom,4592.93,13,2569,353.3,353.3,197.62,2009-12-08 19:16:00,2011-11-28 13:53:00,719,11,13
17189,United Kingdom,953.63,5,601,190.73,190.73,120.2,2009-12-02 11:45:00,2011-08-25 19:39:00,631,106,5
17190,United Kingdom,1726.57,7,2218,246.65,246.65,316.86,2010-03-05 13:21:00,2011-10-12 11:33:00,585,59,7
17191,United Kingdom,4310.34,15,2208,287.36,287.36,147.2,2009-12-01 16:34:00,2011-11-11 16:58:00,710,28,15
17192,United Kingdom,75.28,1,45,75.28,75.28,45.0,2010-06-21 16:07:00,2010-06-21 16:07:00,0,536,1
17193,United Kingdom,2310.04,9,1668,256.67,256.67,185.33,2009-12-02 10:02:00,2011-11-04 12:47:00,702,36,9
17194,United Kingdom,812.5,3,420,270.83,270.83,140.0,2010-06-27 13:16:00,2011-03-11 12:05:00,256,274,3
17195,United Kingdom,562.98,1,486,562.98,562.98,486.0,2010-02-22 13:05:00,2010-02-22 13:05:00,0,655,1
17196,United Kingdom,327.75,1,154,327.75,327.75,154.0,2010-10-08 11:31:00,2010-10-08 11:31:00,0,428,1
17197,United Kingdom,1013.01,1,191,1013.01,1013.01,191.0,2011-11-10 10:32:00,2011-11-10 10:32:00,0,30,1
17198,United Kingdom,692.22,3,357,230.74,230.74,119.0,2010-12-03 14:54:00,2011-11-16 10:39:00,347,24,3
17199,United Kingdom,135.04,1,232,135.04,135.04,232.0,2010-05-06 13:53:00,2010-05-06 13:53:00,0,582,1
17200,United Kingdom,356.71,4,367,89.18,89.18,91.75,2010-02-25 13:23:00,2010-11-17 13:04:00,264,387,4
17201,United Kingdom,1143.1,4,1004,285.77,285.77,251.0,2010-02-10 12:26:00,2011-10-17 11:55:00,613,54,4
17202,United Kingdom,160.65,1,55,160.65,160.65,55.0,2010-10-15 11:25:00,2010-10-15 11:25:00,0,421,1
17203,United Kingdom,5564.09,10,4597,556.41,556.41,459.7,2010-11-16 12:52:00,2011-11-04 12:27:00,352,36,10
17204,United Kingdom,5504.69,9,2651,611.63,611.63,294.56,2010-06-10 11:37:00,2011-06-17 14:46:00,372,175,9
17205,United Kingdom,999.35,3,2214,333.12,333.12,738.0,2010-05-24 15:36:00,2011-10-17 12:46:00,510,54,3
17206,United Kingdom,204.24,1,76,204.24,204.24,76.0,2011-10-17 13:25:00,2011-10-17 13:25:00,0,53,1
17207,United Kingdom,292.62,1,233,292.62,292.62,233.0,2010-02-25 19:08:00,2010-02-25 19:08:00,0,652,1
17208,United Kingdom,111.15,1,101,111.15,111.15,101.0,2010-11-09 12:50:00,2010-11-09 12:50:00,0,396,1
17209,United Kingdom,595.7,3,723,198.57,198.57,241.0,2009-12-03 11:10:00,2010-02-28 16:01:00,87,649,3
17210,United Kingdom,251.72,1,242,251.72,251.72,242.0,2010-11-12 12:15:00,2010-11-12 12:15:00,0,393,1
17211,United Kingdom,3773.35,13,2141,290.26,290.26,164.69,2009-12-13 13:17:00,2011-11-13 12:03:00,699,27,13
17212,United Kingdom,794.41,3,727,264.8,264.8,242.33,2010-08-10 09:22:00,2011-03-31 19:42:00,233,253,3
17213,United Kingdom,4869.4,13,2087,374.57,374.57,160.54,2009-12-15 10:28:00,2011-10-30 14:53:00,684,40,13
17214,United Kingdom,1059.12,6,272,176.52,176.52,45.33,2010-12-15 15:14:00,2011-10-10 13:17:00,298,60,6
17215,United Kingdom,186.15,1,104,186.15,186.15,104.0,2010-09-01 13:39:00,2010-09-01 13:39:00,0,464,1
17216,United Kingdom,63.6,1,21,63.6,63.6,21.0,2010-06-03 13:03:00,2010-06-03 13:03:00,0,554,1
17217,United Kingdom,210.1,2,93,105.05,105.05,46.5,2010-03-30 13:35:00,2011-04-19 17:19:00,385,234,2
17218,United Kingdom,3891.39,18,2066,216.19,216.19,114.78,2010-01-25 16:12:00,2011-12-05 13:52:00,678,4,18
17219,United Kingdom,259.13,2,188,129.56,129.56,94.0,2010-10-19 11:29:00,2011-11-08 11:25:00,384,32,2
17220,United Kingdom,4457.31,21,2663,212.25,212.25,126.81,2010-01-20 11:57:00,2011-11-15 13:47:00,664,24,21
17221,United Kingdom,976.62,5,713,195.32,195.32,142.6,2010-04-11 15:34:00,2011-12-02 13:35:00,599,7,5
17222,United Kingdom,1579.51,6,857,263.25,263.25,142.83,2010-01-10 15:24:00,2011-10-05 13:58:00,632,65,6
17223,United Kingdom,558.04,3,155,186.01,186.01,51.67,2010-11-29 17:19:00,2011-02-02 15:57:00,64,310,3
17224,United Kingdom,100.86,1,65,100.86,100.86,65.0,2010-07-26 13:30:00,2010-07-26 13:30:00,0,501,1
17225,United Kingdom,131.15,1,36,131.15,131.15,36.0,2010-05-07 11:38:00,2010-05-07 11:38:00,0,582,1
17226,United Kingdom,895.47,3,853,298.49,298.49,284.33,2010-02-12 14:31:00,2011-02-04 11:52:00,356,309,3
17227,United Kingdom,1878.93,12,1681,156.58,156.58,140.08,2010-01-15 15:05:00,2011-11-21 10:51:00,674,19,12
17228,United Kingdom,2820.03,13,2354,216.93,216.93,181.08,2010-03-12 11:54:00,2011-11-24 10:24:00,621,16,13
17229,United Kingdom,318.76,2,185,159.38,159.38,92.5,2011-07-20 12:38:00,2011-09-04 13:56:00,46,96,2
17230,United Kingdom,9388.49,18,3753,521.58,521.58,208.5,2009-12-08 13:41:00,2011-03-20 16:12:00,467,264,18
17231,United Kingdom,7064.8,25,3681,282.59,282.59,147.24,2009-12-07 16:38:00,2011-11-27 15:18:00,719,12,25
17232,United Kingdom,417.77,2,202,208.88,208.88,101.0,2011-11-25 12:24:00,2011-12-07 12:21:00,11,3,2
17233,United Kingdom,560.86,3,298,186.95,186.95,99.33,2009-12-15 12:03:00,2011-11-04 14:06:00,689,35,3
17234,United Kingdom,149.89,1,55,149.89,149.89,55.0,2011-06-10 11:20:00,2011-06-10 11:20:00,0,183,1
17235,United Kingdom,1562.98,8,845,195.37,195.37,105.62,2010-06-04 17:01:00,2011-11-14 15:51:00,527,25,8
17236,United Kingdom,1929.26,12,804,160.77,160.77,67.0,2010-03-07 13:00:00,2011-11-27 12:00:00,629,13,12
17237,United Kingdom,994.13,4,414,248.53,248.53,103.5,2010-11-23 11:45:00,2011-11-28 15:02:00,370,11,4
17238,United Kingdom,7331.67,32,3555,229.11,229.11,111.09,2009-12-01 10:59:00,2011-12-07 11:35:00,736,3,32
17239,United Kingdom,1189.45,4,515,297.36,297.36,128.75,2010-07-01 10:53:00,2011-01-31 09:41:00,213,313,4
17240,United Kingdom,130.6,1,108,130.6,130.6,108.0,2010-04-22 15:44:00,2010-04-22 15:44:00,0,596,1
17241,United Kingdom,2736.64,12,859,228.05,228.05,71.58,2010-02-15 14:47:00,2010-11-19 13:01:00,276,385,12
17242,United Kingdom,2889.28,5,1459,577.86,577.86,291.8,2010-01-24 10:27:00,2011-08-23 14:55:00,576,108,5
17243,United Kingdom,20203.58,69,7932,292.81,292.81,114.96,2009-12-01 15:36:00,2011-12-08 13:26:00,736,1,69
17244,United Kingdom,1826.04,5,1419,365.21,365.21,283.8,2009-12-06 11:27:00,2011-10-17 15:19:00,680,53,5
17245,United Kingdom,371.63,2,307,185.82,185.82,153.5,2010-01-19 15:39:00,2011-05-19 10:43:00,484,205,2
17246,United Kingdom,38.92,2,36,19.46,19.46,18.0,2009-12-01 17:45:00,2010-06-11 12:36:00,191,547,2
17247,United Kingdom,280.09,1,105,280.09,280.09,105.0,2011-11-24 15:21:00,2011-11-24 15:21:00,0,15,1
17248,United Kingdom,500.54,2,276,250.27,250.27,138.0,2010-08-15 11:55:00,2011-08-11 13:34:00,361,120,2
17249,United Kingdom,68.03,1,79,68.03,68.03,79.0,2010-10-07 11:33:00,2010-10-07 11:33:00,0,429,1
17250,United Kingdom,381.97,2,167,190.98,190.98,83.5,2011-03-23 16:45:00,2011-12-06 12:15:00,257,4,2
17251,United Kingdom,798.98,3,377,266.33,266.33,125.67,2009-12-15 10:36:00,2010-12-12 11:06:00,362,363,3
17252,United Kingdom,348.91,2,192,174.46,174.46,96.0,2011-06-06 16:41:00,2011-08-15 09:45:00,69,117,2
17253,United Kingdom,178.26,1,43,178.26,178.26,43.0,2011-11-21 12:59:00,2011-11-21 12:59:00,0,18,1
17254,United Kingdom,469.48,3,397,156.49,156.49,132.33,2010-11-03 14:00:00,2011-12-05 12:46:00,396,5,3
17255,United Kingdom,781.7,4,583,195.42,195.42,145.75,2010-09-19 15:53:00,2011-10-30 12:18:00,405,41,4
17256,United Kingdom,498.93,5,299,99.79,99.79,59.8,2010-04-18 13:40:00,2011-08-24 13:30:00,492,107,5
17257,United Kingdom,189.78,2,187,94.89,94.89,93.5,2010-09-29 12:49:00,2010-09-29 12:51:00,0,436,2
17258,United Kingdom,417.3,2,188,208.65,208.65,94.0,2010-02-12 15:51:00,2010-11-08 12:37:00,268,397,2
17259,United Kingdom,1452.39,6,844,242.07,242.07,140.67,2010-02-22 13:38:00,2011-07-14 15:01:00,507,148,6
17260,United Kingdom,120.95,1,23,120.95,120.95,23.0,2010-10-24 13:21:00,2010-10-24 13:21:00,0,411,1
17261,United Kingdom,221.59,1,95,221.59,221.59,95.0,2010-07-18 11:49:00,2010-07-18 11:49:00,0,510,1
17262,United Kingdom,2488.76,11,635,226.25,226.25,57.73,2009-12-15 11:26:00,2011-10-18 12:56:00,672,52,11
17263,United Kingdom,63.44,1,36,63.44,63.44,36.0,2011-05-15 14:32:00,2011-05-15 14:32:00,0,208,1
17264,United Kingdom,268.28,1,217,268.28,268.28,217.0,2010-10-11 12:52:00,2010-10-11 12:52:00,0,424,1
17265,United Kingdom,550.01,2,389,275.0,275.0,194.5,2011-06-12 12:00:00,2011-07-24 10:49:00,41,139,2
17266,United Kingdom,501.72,5,243,100.34,100.34,48.6,2010-03-09 10:42:00,2011-12-07 14:12:00,638,2,5
17267,United Kingdom,317.2,2,158,158.6,158.6,79.0,2011-08-04 17:19:00,2011-08-04 17:22:00,0,127,2
17268,United Kingdom,1733.89,11,1395,157.63,157.63,126.82,2009-12-08 11:46:00,2011-08-24 10:06:00,623,108,11
17269,United Kingdom,491.81,1,314,491.81,491.81,314.0,2010-11-19 11:12:00,2010-11-19 11:12:00,0,386,1
17270,United Kingdom,601.45,2,420,300.73,300.73,210.0,2009-12-07 17:18:00,2010-08-27 14:09:00,262,469,2
17271,United Kingdom,204.3,1,113,204.3,204.3,113.0,2009-12-03 13:49:00,2009-12-03 13:49:00,0,736,1
17272,United Kingdom,2148.63,4,1778,537.16,537.16,444.5,2011-03-22 12:05:00,2011-10-28 16:37:00,220,42,4
17273,United Kingdom,141.12,1,133,141.12,141.12,133.0,2010-10-11 15:57:00,2010-10-11 15:57:00,0,424,1
17274,United Kingdom,573.22,2,271,286.61,286.61,135.5,2010-11-09 12:06:00,2011-11-04 13:16:00,360,35,2
17275,United Kingdom,114.1,1,71,114.1,114.1,71.0,2010-11-21 13:26:00,2010-11-21 13:26:00,0,383,1
17276,United Kingdom,502.49,1,187,502.49,502.49,187.0,2010-11-02 16:20:00,2010-11-02 16:20:00,0,402,1
17277,United Kingdom,1065.35,2,430,532.67,532.67,215.0,2011-01-21 12:37:00,2011-04-26 12:47:00,95,228,2
17278,United Kingdom,271.24,2,195,135.62,135.62,97.5,2010-05-23 13:49:00,2011-04-12 13:10:00,323,241,2
17279,United Kingdom,187.83,1,48,187.83,187.83,48.0,2011-10-13 11:58:00,2011-10-13 11:58:00,0,58,1
17280,United Kingdom,118.86,1,74,118.86,118.86,74.0,2010-09-27 16:46:00,2010-09-27 16:46:00,0,438,1
17281,United Kingdom,797.85,6,295,132.98,132.98,49.17,2010-02-04 13:00:00,2010-11-30 18:05:00,299,374,6
17282,United Kingdom,2308.54,5,2332,461.71,461.71,466.4,2010-06-09 12:07:00,2011-08-01 14:29:00,418,130,5
17283,United Kingdom,188.46,1,179,188.46,188.46,179.0,2010-11-26 11:53:00,2010-11-26 11:53:00,0,379,1
17284,United Kingdom,2788.06,8,2069,348.51,348.51,258.62,2010-09-20 16:18:00,2011-10-10 14:38:00,384,60,8
17285,United Kingdom,407.94,2,134,203.97,203.97,67.0,2010-02-14 14:10:00,2010-03-21 13:38:00,34,628,2
17286,United Kingdom,389.18,3,368,129.73,129.73,122.67,2010-11-04 13:43:00,2011-11-18 12:47:00,378,22,3
17287,United Kingdom,3826.86,21,1955,182.23,182.23,93.1,2009-12-03 12:45:00,2011-11-13 13:27:00,710,26,21
17288,United Kingdom,2468.43,11,1699,224.4,224.4,154.45,2010-11-10 14:44:00,2011-11-30 16:09:00,385,9,11
17289,United Kingdom,2041.8,9,1237,226.87,226.87,137.44,2010-03-08 12:52:00,2011-11-08 12:01:00,609,32,9
17290,United Kingdom,1487.96,8,1139,186.0,186.0,142.38,2009-12-13 13:28:00,2011-12-06 12:38:00,722,4,8
17291,United Kingdom,550.8,1,72,550.8,550.8,72.0,2011-02-04 13:04:00,2011-02-04 13:04:00,0,308,1
17292,United Kingdom,271.75,2,131,135.88,135.88,65.5,2010-05-09 14:52:00,2010-08-24 17:14:00,107,472,2
17293,United Kingdom,3750.63,17,2228,220.63,220.63,131.06,2009-12-03 15:09:00,2011-12-01 14:37:00,727,8,17
17294,United Kingdom,467.79,2,297,233.9,233.9,148.5,2010-02-08 14:21:00,2010-02-08 16:12:00,0,669,2
17295,United Kingdom,547.0,3,293,182.33,182.33,97.67,2011-10-06 12:22:00,2011-11-11 10:49:00,35,29,3
17296,United Kingdom,338.13,1,216,338.13,338.13,216.0,2009-12-09 14:01:00,2009-12-09 14:01:00,0,730,1
17297,United Kingdom,128.18,1,65,128.18,128.18,65.0,2011-11-22 14:43:00,2011-11-22 14:43:00,0,17,1
17298,United Kingdom,954.26,5,852,190.85,190.85,170.4,2010-03-08 08:56:00,2011-08-30 16:43:00,540,101,5
17299,United Kingdom,993.23,6,919,165.54,165.54,153.17,2010-08-15 16:00:00,2011-11-28 12:01:00,469,12,6
17300,United Kingdom,393.64,2,467,196.82,196.82,233.5,2010-08-15 11:02:00,2010-11-14 10:56:00,90,391,2
17301,United Kingdom,294.39,2,216,147.2,147.2,108.0,2010-03-25 13:16:00,2011-11-18 13:43:00,603,21,2
17302,United Kingdom,1135.63,5,575,227.13,227.13,115.0,2011-02-07 10:14:00,2011-11-25 09:36:00,290,15,5
17303,United Kingdom,250.04,1,144,250.04,250.04,144.0,2010-12-13 13:32:00,2010-12-13 13:32:00,0,361,1
17304,United Kingdom,111.5,1,73,111.5,111.5,73.0,2010-06-23 16:23:00,2010-06-23 16:23:00,0,534,1
17305,United Kingdom,2135.46,1,1006,2135.46,2135.46,1006.0,2010-03-01 12:47:00,2010-03-01 12:47:00,0,649,1
17306,United Kingdom,9782.35,21,13747,465.83,465.83,654.62,2010-11-01 11:38:00,2011-11-29 12:14:00,393,11,21
17307,United Kingdom,3999.89,11,3667,363.63,363.63,333.36,2010-01-19 16:38:00,2010-11-09 13:40:00,293,395,11
17308,United Kingdom,4511.76,2,5148,2255.88,2255.88,2574.0,2010-09-13 09:35:00,2010-11-11 13:19:00,59,393,2
17309,United Kingdom,320.39,3,181,106.8,106.8,60.33,2010-02-04 15:49:00,2011-09-05 15:20:00,577,95,3
17310,United Kingdom,1025.1,2,402,512.55,512.55,201.0,2010-06-23 11:38:00,2010-11-17 16:00:00,147,387,2
17311,United Kingdom,3566.56,6,2755,594.43,594.43,459.17,2010-02-03 12:38:00,2011-09-22 14:11:00,596,78,6
17312,United Kingdom,644.3,3,372,214.77,214.77,124.0,2011-07-03 13:12:00,2011-07-24 11:52:00,20,139,3
17313,United Kingdom,2328.84,1,1402,2328.84,2328.84,1402.0,2011-11-08 15:45:00,2011-11-08 15:45:00,0,31,1
17314,United Kingdom,4904.43,17,3663,288.5,288.5,215.47,2009-12-03 11:25:00,2011-11-15 09:41:00,711,25,17
17315,United Kingdom,9599.58,43,5088,223.25,223.25,118.33,2010-09-27 12:45:00,2011-12-08 12:15:00,436,2,43
17316,United Kingdom,124.45,1,44,124.45,124.45,44.0,2010-10-15 14:35:00,2010-10-15 14:35:00,0,420,1
17317,United Kingdom,2600.34,3,1146,866.78,866.78,382.0,2011-09-11 12:45:00,2011-10-24 17:19:00,43,46,3
17318,United Kingdom,157.33,1,59,157.33,157.33,59.0,2009-12-14 13:11:00,2009-12-14 13:11:00,0,725,1
17319,United Kingdom,29.1,1,14,29.1,29.1,14.0,2010-02-08 15:47:00,2010-02-08 15:47:00,0,669,1
17320,United Kingdom,2444.85,6,1182,407.48,407.48,197.0,2010-01-21 16:29:00,2011-08-31 13:31:00,586,100,6
17321,United Kingdom,1665.21,6,790,277.54,277.54,131.67,2010-05-11 12:10:00,2011-12-01 13:41:00,569,8,6
17322,United Kingdom,922.59,5,631,184.52,184.52,126.2,2009-12-03 11:46:00,2010-11-28 14:41:00,360,376,5
17323,United Kingdom,1551.04,12,1426,129.25,129.25,118.83,2010-01-10 11:58:00,2011-11-24 17:29:00,683,15,12
17324,United Kingdom,2171.07,12,1485,180.92,180.92,123.75,2009-12-18 15:29:00,2011-11-22 10:34:00,703,18,12
17325,United Kingdom,609.57,3,465,203.19,203.19,155.0,2010-03-08 11:31:00,2011-03-04 13:09:00,361,280,3
17326,United Kingdom,312.35,2,136,156.18,156.18,68.0,2010-06-28 14:05:00,2010-10-27 15:38:00,121,408,2
17327,United Kingdom,152.35,2,59,76.18,76.18,29.5,2010-05-26 11:20:00,2010-10-26 09:54:00,152,410,2
17328,United Kingdom,104.7,1,86,104.7,104.7,86.0,2010-02-04 17:11:00,2010-02-04 17:11:00,0,673,1
17329,United Kingdom,998.53,5,430,199.71,199.71,86.0,2009-12-03 16:09:00,2011-11-25 14:24:00,721,14,5
17330,United Kingdom,423.8,4,122,105.95,105.95,30.5,2010-03-02 09:20:00,2011-11-17 08:56:00,624,23,4
17331,United Kingdom,175.2,1,16,175.2,175.2,16.0,2011-08-08 11:55:00,2011-08-08 11:55:00,0,124,1
17332,United Kingdom,838.27,5,794,167.65,167.65,158.8,2010-02-21 14:41:00,2010-06-29 16:10:00,128,528,5
17333,United Kingdom,494.25,1,375,494.25,494.25,375.0,2011-09-15 10:11:00,2011-09-15 10:11:00,0,86,1
17334,United Kingdom,635.15,3,566,211.72,211.72,188.67,2010-10-29 12:16:00,2011-02-10 14:59:00,104,302,3
17335,United Kingdom,497.04,2,210,248.52,248.52,105.0,2010-01-24 11:15:00,2010-11-21 10:17:00,300,384,2
17336,United Kingdom,81.12,1,48,81.12,81.12,48.0,2010-08-24 15:37:00,2010-08-24 15:37:00,0,472,1
17337,United Kingdom,1981.06,4,1247,495.26,495.26,311.75,2011-02-02 17:06:00,2011-07-11 14:55:00,158,151,4
17338,United Kingdom,11889.33,17,5780,699.37,699.37,340.0,2010-03-10 16:09:00,2011-11-22 14:23:00,621,17,17
17339,United Kingdom,302.36,3,172,100.79,100.79,57.33,2010-07-18 13:08:00,2011-09-06 13:29:00,415,94,3
17340,United Kingdom,19617.95,18,9497,1089.89,1089.89,527.61,2010-02-14 14:54:00,2011-11-10 10:45:00,633,30,18
17341,United Kingdom,1272.21,5,831,254.44,254.44,166.2,2010-06-17 18:17:00,2011-07-06 12:33:00,383,157,5
17342,United Kingdom,1227.54,4,521,306.88,306.88,130.25,2010-02-08 09:16:00,2010-11-25 11:07:00,290,380,4
17343,United Kingdom,1259.94,6,454,209.99,209.99,75.67,2009-12-03 18:30:00,2010-12-19 15:07:00,380,355,6
17344,United Kingdom,457.36,2,200,228.68,228.68,100.0,2009-12-11 12:31:00,2011-10-24 12:56:00,682,46,2
17345,United Kingdom,1586.63,10,2008,158.66,158.66,200.8,2009-12-01 16:17:00,2011-11-24 15:03:00,722,15,10
17346,United Kingdom,4998.61,26,3439,192.25,192.25,132.27,2010-04-18 12:18:00,2011-12-06 12:18:00,597,4,26
17347,United Kingdom,228.96,1,216,228.96,228.96,216.0,2011-09-14 13:12:00,2011-09-14 13:12:00,0,86,1
17348,United Kingdom,2442.29,9,2766,271.37,271.37,307.33,2010-03-10 12:13:00,2011-11-25 11:25:00,624,15,9
17349,United Kingdom,772.41,5,772,154.48,154.48,154.4,2010-03-18 14:26:00,2011-06-13 14:29:00,452,179,5
17350,United Kingdom,1893.7,7,1178,270.53,270.53,168.29,2010-02-01 15:38:00,2011-12-01 15:47:00,668,8,7
17351,United Kingdom,1988.23,12,383,165.69,165.69,31.92,2009-12-10 18:43:00,2011-11-03 18:45:00,693,36,12
17352,United Kingdom,36.25,1,15,36.25,36.25,15.0,2010-01-12 16:13:00,2010-01-12 16:13:00,0,696,1
17353,United Kingdom,3242.0,4,2168,810.5,810.5,542.0,2010-03-25 12:52:00,2011-08-02 17:19:00,495,129,4
17354,United Kingdom,3133.96,4,2531,783.49,783.49,632.75,2010-10-07 13:22:00,2011-10-20 10:34:00,377,51,4
17355,United Kingdom,273.31,1,249,273.31,273.31,249.0,2010-11-18 13:18:00,2010-11-18 13:18:00,0,386,1
17356,United Kingdom,946.47,5,925,189.29,189.29,185.0,2010-01-20 12:14:00,2011-02-01 11:07:00,376,312,5
17357,United Kingdom,384.39,2,152,192.2,192.2,76.0,2011-11-15 16:29:00,2011-11-15 16:30:00,0,24,2
17358,United Kingdom,861.01,5,430,172.2,172.2,86.0,2010-02-24 16:42:00,2011-02-09 16:57:00,350,303,5
17359,United Kingdom,284.46,2,237,142.23,142.23,118.5,2010-03-01 14:48:00,2011-11-28 14:37:00,636,11,2
17360,United Kingdom,1200.51,6,624,200.08,200.08,104.0,2010-10-01 12:07:00,2011-11-22 13:11:00,417,17,6
17361,United Kingdom,871.79,5,380,174.36,174.36,76.0,2010-02-01 14:30:00,2011-10-21 15:43:00,627,49,5
17362,United Kingdom,1024.04,7,549,146.29,146.29,78.43,2010-01-06 10:53:00,2011-04-14 14:43:00,463,239,7
17363,United Kingdom,920.46,3,499,306.82,306.82,166.33,2010-11-02 17:25:00,2010-11-09 17:11:00,6,395,3
17364,United Kingdom,11972.92,28,7464,427.6,427.6,266.57,2009-12-07 15:28:00,2011-12-09 09:00:00,731,1,28
17365,United Kingdom,8184.49,15,8015,545.63,545.63,534.33,2010-02-01 11:56:00,2011-11-27 12:13:00,664,13,15
17366,United Kingdom,1077.24,2,504,538.62,538.62,252.0,2010-09-09 19:46:00,2010-10-03 16:04:00,23,432,2
17367,United Kingdom,167.55,1,149,167.55,167.55,149.0,2011-04-15 14:21:00,2011-04-15 14:21:00,0,238,1
17368,United Kingdom,2758.29,14,2319,197.02,197.02,165.64,2009-12-15 17:45:00,2011-11-16 15:26:00,700,23,14
17369,United Kingdom,979.2,1,1152,979.2,979.2,1152.0,2010-09-10 09:49:00,2010-09-10 09:49:00,0,456,1
17370,United Kingdom,446.18,4,540,111.54,111.54,135.0,2011-06-23 11:50:00,2011-09-28 10:14:00,96,73,4
17371,United Kingdom,655.37,6,281,109.23,109.23,46.83,2009-12-08 12:25:00,2011-11-22 13:30:00,714,17,6
17372,United Kingdom,4347.31,28,1863,155.26,155.26,66.54,2009-12-03 18:41:00,2011-10-30 11:37:00,695,41,28
17373,United Kingdom,1167.5,7,738,166.79,166.79,105.43,2010-02-28 14:17:00,2011-10-30 15:28:00,609,40,7
17374,United Kingdom,727.11,3,155,242.37,242.37,51.67,2010-11-09 17:14:00,2011-05-05 09:05:00,176,219,3
17375,United Kingdom,660.55,4,480,165.14,165.14,120.0,2010-10-04 09:14:00,2011-05-24 15:45:00,232,199,4
17376,United Kingdom,453.64,4,244,113.41,113.41,61.0,2010-07-05 11:11:00,2011-09-30 12:36:00,452,71,4
17377,United Kingdom,17644.27,78,7335,226.21,226.21,94.04,2009-12-02 12:39:00,2011-11-16 11:17:00,713,24,78
17378,United Kingdom,10.95,1,1,10.95,10.95,1.0,2010-11-30 18:46:00,2010-11-30 18:46:00,0,374,1
17379,United Kingdom,389.72,1,623,389.72,389.72,623.0,2011-11-28 13:56:00,2011-11-28 13:56:00,0,11,1
17380,United Kingdom,645.0,3,252,215.0,215.0,84.0,2010-06-23 11:24:00,2010-10-01 16:42:00,100,434,3
17381,United Kingdom,36398.65,38,42879,957.86,957.86,1128.39,2010-06-09 12:55:00,2011-12-01 11:59:00,539,9,38
17382,United Kingdom,902.28,8,457,112.78,112.78,57.12,2010-05-19 11:33:00,2011-10-05 13:05:00,504,65,8
17383,United Kingdom,304.09,2,160,152.04,152.04,80.0,2010-09-12 14:54:00,2011-12-05 17:36:00,449,4,2
17384,United Kingdom,507.55,3,121,169.18,169.18,40.33,2010-08-29 16:01:00,2011-11-20 15:48:00,447,19,3
17385,United Kingdom,256.11,1,197,256.11,256.11,197.0,2011-11-25 11:02:00,2011-11-25 11:02:00,0,15,1
17386,United Kingdom,2812.77,7,1955,401.82,401.82,279.29,2010-11-19 13:40:00,2011-12-02 11:28:00,377,8,7
17387,United Kingdom,746.81,2,522,373.4,373.4,261.0,2011-11-06 11:25:00,2011-11-20 11:00:00,13,20,2
17388,United Kingdom,2675.37,11,2555,243.22,243.22,232.27,2009-12-10 11:45:00,2011-09-23 10:31:00,651,78,11
17389,United Kingdom,57215.33,61,17880,937.96,937.96,293.11,2009-12-04 12:06:00,2011-12-09 09:38:00,734,1,61
17390,United Kingdom,149.3,1,49,149.3,149.3,49.0,2010-10-15 11:29:00,2010-10-15 11:29:00,0,421,1
17391,United Kingdom,508.8,2,480,254.4,254.4,240.0,2011-06-28 12:21:00,2011-06-29 09:58:00,0,164,2
17392,United Kingdom,585.92,3,450,195.31,195.31,150.0,2010-09-15 16:17:00,2011-02-06 12:48:00,143,307,3
17393,United Kingdom,381.15,2,238,190.58,190.58,119.0,2010-08-08 15:53:00,2010-10-25 11:10:00,77,411,2
17394,United Kingdom,203.87,1,241,203.87,203.87,241.0,2011-05-04 13:22:00,2011-05-04 13:22:00,0,219,1
17395,United Kingdom,97.5,1,66,97.5,97.5,66.0,2010-07-19 15:34:00,2010-07-19 15:34:00,0,508,1
17396,United Kingdom,8409.6,14,2313,600.69,600.69,165.21,2010-09-24 13:04:00,2011-10-31 14:12:00,402,39,14
17397,United Kingdom,1198.28,3,691,399.43,399.43,230.33,2010-10-19 13:20:00,2011-11-17 14:08:00,394,22,3
17398,United Kingdom,653.38,3,310,217.79,217.79,103.33,2011-03-29 13:04:00,2011-08-17 09:48:00,140,115,3
17400,United Kingdom,4623.28,8,2185,577.91,577.91,273.12,2009-12-17 15:41:00,2011-08-05 15:38:00,595,126,8
17401,United Kingdom,114.85,1,34,114.85,114.85,34.0,2010-06-16 16:54:00,2010-06-16 16:54:00,0,541,1
17402,United Kingdom,4635.56,23,1450,201.55,201.55,63.04,2009-12-16 17:40:00,2011-12-05 10:15:00,718,5,23
17403,United Kingdom,382.87,2,188,191.44,191.44,94.0,2010-09-15 12:29:00,2011-11-03 15:18:00,414,36,2
17404,Sweden,47781.12,23,50679,2077.44,2077.44,2203.43,2010-01-07 11:31:00,2011-12-05 16:26:00,697,4,23
17405,United Kingdom,1031.41,3,726,343.8,343.8,242.0,2011-07-12 14:17:00,2011-12-08 17:12:00,149,1,3
17406,United Kingdom,4186.95,13,1847,322.07,322.07,142.08,2009-12-06 13:45:00,2011-01-10 15:07:00,400,333,13
17407,United Kingdom,552.9,1,426,552.9,552.9,426.0,2010-10-24 11:57:00,2010-10-24 11:57:00,0,412,1
17408,United Kingdom,316.09,3,163,105.36,105.36,54.33,2010-07-13 14:02:00,2011-06-29 12:53:00,350,163,3
17409,United Kingdom,7793.51,10,4089,779.35,779.35,408.9,2009-12-11 12:17:00,2011-06-08 10:36:00,543,185,10
17410,United Kingdom,1214.72,5,616,242.94,242.94,123.2,2011-05-08 15:21:00,2011-11-23 15:46:00,199,16,5
17411,United Kingdom,1425.38,5,608,285.08,285.08,121.6,2009-12-03 12:02:00,2011-11-27 14:25:00,724,12,5
17412,United Kingdom,4220.22,16,2554,263.76,263.76,159.62,2009-12-02 13:51:00,2011-12-07 11:36:00,734,3,16
17413,United Kingdom,560.14,2,302,280.07,280.07,151.0,2010-05-19 11:11:00,2010-10-31 12:33:00,165,405,2
17414,United Kingdom,2249.52,6,6256,374.92,374.92,1042.67,2009-12-03 16:49:00,2011-10-27 12:13:00,692,44,6
17415,United Kingdom,507.84,1,114,507.84,507.84,114.0,2011-09-21 12:50:00,2011-09-21 12:50:00,0,80,1
17416,United Kingdom,17298.45,22,8769,786.29,786.29,398.59,2009-12-14 16:29:00,2011-11-10 12:47:00,695,30,22
17417,United Kingdom,164.18,1,76,164.18,164.18,76.0,2010-06-09 10:00:00,2010-06-09 10:00:00,0,549,1
17418,United Kingdom,670.06,3,521,223.35,223.35,173.67,2010-11-17 13:42:00,2011-10-28 13:00:00,344,42,3
17419,United Kingdom,6126.25,18,2884,340.35,340.35,160.22,2010-01-25 13:19:00,2011-11-28 13:47:00,672,11,18
17420,United Kingdom,953.58,6,446,158.93,158.93,74.33,2010-11-03 13:09:00,2011-10-20 14:52:00,351,50,6
17421,United Kingdom,1059.41,3,807,353.14,353.14,269.0,2009-12-04 15:43:00,2010-11-18 16:57:00,349,386,3
17422,United Kingdom,3594.76,11,3538,326.8,326.8,321.64,2010-06-23 10:19:00,2011-11-23 13:27:00,518,16,11
17423,United Kingdom,1118.95,3,790,372.98,372.98,263.33,2010-11-11 12:26:00,2011-10-24 13:36:00,347,46,3
17425,United Kingdom,759.17,2,407,379.58,379.58,203.5,2011-10-10 11:37:00,2011-11-20 15:30:00,41,19,2
17426,United Kingdom,8077.77,13,5187,621.37,621.37,399.0,2010-02-17 13:39:00,2011-12-01 18:07:00,652,8,13
17427,United Kingdom,100.8,1,34,100.8,100.8,34.0,2011-09-29 11:29:00,2011-09-29 11:29:00,0,72,1
17428,United Kingdom,31466.76,45,17356,699.26,699.26,385.69,2009-12-01 17:28:00,2011-12-09 09:45:00,737,1,45
17429,United Kingdom,1357.46,5,1286,271.49,271.49,257.2,2010-10-06 12:30:00,2011-08-03 13:22:00,301,128,5
17430,United Kingdom,622.57,4,455,155.64,155.64,113.75,2010-08-17 11:52:00,2011-11-07 09:24:00,446,33,4
17431,United Kingdom,403.3,1,292,403.3,403.3,292.0,2011-01-30 14:36:00,2011-01-30 14:36:00,0,313,1
17432,United Kingdom,1728.99,9,1008,192.11,192.11,112.0,2009-12-03 19:13:00,2011-11-21 17:33:00,717,18,9
17433,United Kingdom,569.96,2,305,284.98,284.98,152.5,2010-11-19 13:37:00,2011-09-12 14:24:00,297,88,2
17434,United Kingdom,2373.82,7,1693,339.12,339.12,241.86,2011-09-15 13:54:00,2011-12-07 13:16:00,82,2,7
17435,United Kingdom,331.35,1,195,331.35,331.35,195.0,2010-10-24 13:55:00,2010-10-24 13:55:00,0,411,1
17436,United Kingdom,534.06,5,178,106.81,106.81,35.6,2009-12-07 12:31:00,2011-12-08 12:30:00,730,2,5
17437,United Kingdom,369.68,1,283,369.68,369.68,283.0,2010-06-28 11:11:00,2010-06-28 11:11:00,0,530,1
17438,United Kingdom,1422.77,5,553,284.55,284.55,110.6,2010-03-08 16:53:00,2011-03-31 10:26:00,387,254,5
17439,United Kingdom,325.74,1,370,325.74,325.74,370.0,2010-02-22 12:48:00,2010-02-22 12:48:00,0,656,1
17440,United Kingdom,323.58,4,282,80.9,80.9,70.5,2010-06-08 14:40:00,2011-07-06 11:54:00,392,157,4
17441,United Kingdom,293.35,1,245,293.35,293.35,245.0,2009-12-07 13:32:00,2009-12-07 13:32:00,0,732,1
17442,United Kingdom,4620.3,15,3134,308.02,308.02,208.93,2010-02-15 15:54:00,2011-11-03 09:17:00,625,37,15
17443,Canada,534.24,1,504,534.24,534.24,504.0,2011-05-04 10:47:00,2011-05-04 10:47:00,0,220,1
17444,Canada,2940.04,3,2119,980.01,980.01,706.33,2011-06-20 09:04:00,2011-07-15 12:05:00,25,148,3
17446,United Kingdom,120.9,2,198,60.45,60.45,99.0,2011-02-02 14:40:00,2011-06-16 10:42:00,133,177,2
17447,United Kingdom,541.53,2,443,270.76,270.76,221.5,2011-09-29 10:10:00,2011-10-30 14:18:00,31,40,2
17448,United Kingdom,14523.67,46,11534,315.73,315.73,250.74,2010-03-04 17:29:00,2010-07-30 14:07:00,147,497,46
17449,United Kingdom,4868.15,13,2483,374.47,374.47,191.0,2009-12-09 14:16:00,2011-12-07 16:56:00,728,2,13
17450,United Kingdom,244784.25,51,83914,4799.69,4799.69,1645.37,2010-09-27 16:59:00,2011-12-01 13:29:00,429,8,51
17451,United Kingdom,1721.4,7,1203,245.91,245.91,171.86,2011-08-26 11:54:00,2011-12-08 15:02:00,104,1,7
17453,United Kingdom,486.72,2,219,243.36,243.36,109.5,2011-10-06 17:02:00,2011-11-22 09:42:00,46,18,2
17454,United Kingdom,1547.94,10,727,154.79,154.79,72.7,2010-01-15 15:40:00,2011-05-31 13:58:00,500,192,10
17455,United Kingdom,131.7,1,66,131.7,131.7,66.0,2011-05-20 12:31:00,2011-05-20 12:31:00,0,204,1
17456,United Kingdom,975.56,2,508,487.78,487.78,254.0,2010-09-09 15:28:00,2010-12-09 15:23:00,90,365,2
17457,United Kingdom,5984.81,14,2695,427.49,427.49,192.5,2009-12-07 14:52:00,2011-08-05 12:48:00,605,127,14
17458,United Kingdom,529.58,2,282,264.79,264.79,141.0,2010-11-23 11:43:00,2011-11-24 13:01:00,366,15,2
17459,United Kingdom,657.3,2,537,328.65,328.65,268.5,2011-10-10 17:00:00,2011-10-27 13:25:00,16,43,2
17460,United Kingdom,2157.97,16,954,134.87,134.87,59.62,2010-01-22 13:25:00,2011-09-06 15:04:00,592,94,16
17461,United Kingdom,735.82,3,770,245.27,245.27,256.67,2011-11-10 12:01:00,2011-11-17 10:21:00,6,23,3
17462,United Kingdom,675.69,2,227,337.84,337.84,113.5,2011-02-28 17:01:00,2011-10-10 13:56:00,223,60,2
17463,United Kingdom,2535.26,7,1480,362.18,362.18,211.43,2010-04-29 17:57:00,2011-11-23 13:40:00,572,16,7
17464,United Kingdom,907.14,3,608,302.38,302.38,202.67,2010-03-30 13:15:00,2011-07-04 13:19:00,461,158,3
17465,United Kingdom,2542.79,7,1477,363.26,363.26,211.0,2009-12-03 13:25:00,2010-10-10 11:56:00,310,426,7
17466,United Kingdom,763.28,2,306,381.64,381.64,153.0,2011-09-22 09:16:00,2011-11-29 13:15:00,68,10,2
17467,United Kingdom,102.6,1,20,102.6,102.6,20.0,2010-11-09 12:58:00,2010-11-09 12:58:00,0,395,1
17468,United Kingdom,194.8,3,184,64.93,64.93,61.33,2010-11-29 17:25:00,2011-11-29 15:33:00,364,10,3
17469,United Kingdom,5051.25,17,2304,297.13,297.13,135.53,2009-12-16 15:06:00,2011-11-23 13:15:00,706,16,17
17470,United Kingdom,2626.47,11,2731,238.77,238.77,248.27,2010-07-19 16:16:00,2011-10-26 12:42:00,463,45,11
17471,United Kingdom,321.65,1,153,321.65,321.65,153.0,2010-08-22 11:53:00,2010-08-22 11:53:00,0,475,1
17472,United Kingdom,922.35,4,551,230.59,230.59,137.75,2010-03-21 13:27:00,2011-06-01 14:57:00,437,191,4
17473,United Kingdom,607.0,2,270,303.5,303.5,135.0,2010-09-09 19:03:00,2010-10-27 11:45:00,47,409,2
17474,United Kingdom,1047.0,1,200,1047.0,1047.0,200.0,2010-04-19 10:43:00,2010-04-19 10:43:00,0,600,1
17475,United Kingdom,194.37,1,178,194.37,194.37,178.0,2011-09-21 14:55:00,2011-09-21 14:55:00,0,79,1
17476,United Kingdom,489.86,2,224,244.93,244.93,112.0,2009-12-02 12:09:00,2010-11-09 10:21:00,341,396,2
17477,United Kingdom,1144.3,2,225,572.15,572.15,112.5,2010-03-02 11:53:00,2010-04-06 10:06:00,34,613,2
17478,United Kingdom,1272.8,2,516,636.4,636.4,258.0,2010-03-16 14:19:00,2010-10-27 15:01:00,225,408,2
17479,United Kingdom,389.26,1,266,389.26,389.26,266.0,2010-03-17 09:26:00,2010-03-17 09:26:00,0,633,1
17480,United Kingdom,882.23,2,581,441.12,441.12,290.5,2010-09-21 12:31:00,2011-09-23 11:39:00,366,78,2
17481,United Kingdom,1255.59,4,1061,313.9,313.9,265.25,2011-09-07 09:57:00,2011-12-06 12:28:00,90,4,4
17482,United Kingdom,775.64,2,240,387.82,387.82,120.0,2010-05-10 14:10:00,2010-08-09 15:33:00,91,487,2
17483,United Kingdom,591.73,4,265,147.93,147.93,66.25,2010-10-21 12:43:00,2011-10-05 13:10:00,349,65,4
17484,United Kingdom,209.57,2,339,104.78,104.78,169.5,2010-03-25 16:17:00,2010-05-12 15:41:00,47,576,2
17486,United Kingdom,396.87,1,191,396.87,396.87,191.0,2011-03-23 14:00:00,2011-03-23 14:00:00,0,261,1
17487,United Kingdom,160.55,1,37,160.55,160.55,37.0,2009-12-11 15:06:00,2009-12-11 15:06:00,0,728,1
17488,United Kingdom,336.5,1,136,336.5,336.5,136.0,2010-03-08 14:07:00,2010-03-08 14:07:00,0,641,1
17489,United Kingdom,376.64,2,428,188.32,188.32,214.0,2011-05-11 11:34:00,2011-10-12 08:56:00,153,59,2
17490,United Kingdom,2750.5,9,1531,305.61,305.61,170.11,2010-05-19 12:40:00,2011-12-09 09:08:00,568,1,9
17491,United Kingdom,5653.67,17,3362,332.57,332.57,197.76,2010-04-28 11:57:00,2011-12-08 16:18:00,589,1,17
17492,United Kingdom,1122.42,3,450,374.14,374.14,150.0,2010-07-09 13:27:00,2011-04-05 15:21:00,270,248,3
17493,United Kingdom,100.91,1,62,100.91,100.91,62.0,2010-11-19 16:57:00,2010-11-19 16:57:00,0,385,1
17494,United Kingdom,54.7,1,26,54.7,54.7,26.0,2010-07-26 10:06:00,2010-07-26 10:06:00,0,502,1
17495,United Kingdom,806.72,3,367,268.91,268.91,122.33,2010-11-14 11:50:00,2011-12-02 12:08:00,383,8,3
17496,United Kingdom,1412.89,4,675,353.22,353.22,168.75,2010-01-14 13:36:00,2010-12-16 08:39:00,335,359,4
17497,United Kingdom,287.25,2,59,143.62,143.62,29.5,2010-04-08 08:01:00,2010-11-14 14:17:00,220,390,2
17498,United Kingdom,272.22,1,394,272.22,272.22,394.0,2011-09-25 12:25:00,2011-09-25 12:25:00,0,76,1
17499,United Kingdom,1341.39,2,1086,670.7,670.7,543.0,2010-05-27 09:59:00,2011-02-23 09:14:00,271,290,2
17500,United Kingdom,1138.0,3,17,379.33,379.33,5.67,2011-11-10 09:08:00,2011-11-22 14:25:00,12,17,3
17501,United Kingdom,288.6,2,160,144.3,144.3,80.0,2011-05-03 09:46:00,2011-05-03 09:47:00,0,221,2
17502,United Kingdom,689.1,4,376,172.28,172.28,94.0,2011-11-10 16:39:00,2011-11-30 13:13:00,19,9,4
17503,United Kingdom,558.96,2,486,279.48,279.48,243.0,2011-11-01 11:12:00,2011-12-07 09:18:00,35,3,2
17504,United Kingdom,9490.17,18,5420,527.23,527.23,301.11,2010-02-08 09:22:00,2011-05-17 12:59:00,463,206,18
17505,United Kingdom,2435.48,5,1242,487.1,487.1,248.4,2010-04-13 16:33:00,2011-07-01 12:50:00,443,162,5
17506,United Kingdom,302.2,1,139,302.2,302.2,139.0,2011-09-25 11:39:00,2011-09-25 11:39:00,0,76,1
17507,United Kingdom,605.58,2,359,302.79,302.79,179.5,2011-02-03 18:08:00,2011-03-23 11:48:00,47,262,2
17508,Greece,4579.23,8,2891,572.4,572.4,361.38,2009-12-07 11:46:00,2011-03-04 08:10:00,451,281,8
17509,United Kingdom,6083.64,8,3512,760.46,760.46,439.0,2011-10-07 13:14:00,2011-10-13 10:26:00,5,58,8
17510,United Kingdom,514.56,2,422,257.28,257.28,211.0,2010-10-15 10:20:00,2011-11-15 10:00:00,395,25,2
17511,United Kingdom,172132.87,60,117174,2868.88,2868.88,1952.9,2009-12-02 10:52:00,2011-12-07 10:12:00,734,3,60
17512,United Kingdom,5467.82,18,5434,303.77,303.77,301.89,2009-12-10 19:35:00,2011-11-11 12:11:00,700,29,18
17513,United Kingdom,1158.8,3,440,386.27,386.27,146.67,2010-08-17 15:08:00,2011-09-28 16:42:00,407,72,3
17514,United Kingdom,522.0,2,284,261.0,261.0,142.0,2010-02-08 14:00:00,2011-08-03 15:45:00,541,128,2
17515,United Kingdom,1602.51,9,527,178.06,178.06,58.56,2010-06-07 13:29:00,2011-11-08 14:04:00,519,31,9
17516,United Kingdom,947.5,6,522,157.92,157.92,87.0,2010-11-26 12:50:00,2011-11-24 16:51:00,363,15,6
17517,United Kingdom,153.94,1,102,153.94,153.94,102.0,2011-02-04 11:48:00,2011-02-04 11:48:00,0,309,1
17518,United Kingdom,329.42,2,267,164.71,164.71,133.5,2010-03-28 13:31:00,2010-10-10 12:40:00,195,426,2
17519,United Kingdom,4774.17,15,3230,318.28,318.28,215.33,2009-12-01 09:57:00,2011-11-22 16:43:00,721,17,15
17520,United Kingdom,546.81,1,365,546.81,546.81,365.0,2011-10-17 12:04:00,2011-10-17 12:04:00,0,54,1
17521,United Kingdom,1278.06,5,806,255.61,255.61,161.2,2010-10-01 11:49:00,2011-11-10 11:22:00,404,30,5
17522,United Kingdom,1070.71,5,1034,214.14,214.14,206.8,2011-05-05 16:31:00,2011-12-08 12:31:00,216,2,5
17523,United Kingdom,652.74,4,872,163.18,163.18,218.0,2011-11-20 13:40:00,2011-11-28 13:20:00,7,11,4
17524,United Kingdom,539.14,3,362,179.71,179.71,120.67,2010-09-27 16:20:00,2010-12-13 14:32:00,76,361,3
17525,United Kingdom,1161.9,3,338,387.3,387.3,112.67,2010-10-07 09:12:00,2010-12-15 12:05:00,69,360,3
17526,United Kingdom,3939.24,12,1442,328.27,328.27,120.17,2009-12-17 16:18:00,2011-12-05 11:05:00,717,5,12
17527,United Kingdom,939.37,4,488,234.84,234.84,122.0,2011-05-05 13:43:00,2011-10-17 12:32:00,164,54,4
17528,United Kingdom,3628.5,8,2138,453.56,453.56,267.25,2011-09-29 13:04:00,2011-12-08 13:27:00,70,1,8
17529,United Kingdom,1240.25,2,790,620.12,620.12,395.0,2010-01-11 12:29:00,2010-04-08 17:51:00,87,610,2
17530,United Kingdom,2791.69,12,1741,232.64,232.64,145.08,2009-12-06 16:17:00,2011-12-08 18:42:00,732,1,12
17531,United Kingdom,1266.82,3,472,422.27,422.27,157.33,2010-03-31 12:57:00,2011-06-02 19:17:00,428,190,3
17532,United Kingdom,65.34,1,30,65.34,65.34,30.0,2010-11-19 08:13:00,2010-11-19 08:13:00,0,386,1
17533,United Kingdom,34.8,1,24,34.8,34.8,24.0,2010-10-01 09:14:00,2010-10-01 09:14:00,0,435,1
17534,United Kingdom,1668.83,5,860,333.77,333.77,172.0,2010-02-25 16:55:00,2011-10-17 12:47:00,598,54,5
17535,United Kingdom,164.4,1,136,164.4,164.4,136.0,2011-03-04 15:20:00,2011-03-04 15:20:00,0,280,1
17536,United Kingdom,364.83,3,201,121.61,121.61,67.0,2010-01-26 12:00:00,2011-06-15 13:23:00,505,177,3
17537,United Kingdom,887.67,2,699,443.84,443.84,349.5,2011-02-09 13:37:00,2011-11-10 10:56:00,273,30,2
17538,United Kingdom,98.42,1,134,98.42,98.42,134.0,2011-11-14 12:12:00,2011-11-14 12:12:00,0,26,1
17539,United Kingdom,1176.84,4,708,294.21,294.21,177.0,2009-12-13 12:36:00,2010-04-01 12:07:00,108,618,4
17540,United Kingdom,1590.6,6,588,265.1,265.1,98.0,2010-04-19 09:47:00,2011-11-15 11:56:00,575,25,6
17541,United Kingdom,119.86,1,44,119.86,119.86,44.0,2010-07-18 11:36:00,2010-07-18 11:36:00,0,510,1
17542,United Kingdom,340.85,3,323,113.62,113.62,107.67,2010-03-08 12:08:00,2011-03-15 11:45:00,371,270,3
17543,United Kingdom,120.05,1,62,120.05,120.05,62.0,2010-06-08 12:41:00,2010-06-08 12:41:00,0,550,1
17544,United Kingdom,944.82,3,410,314.94,314.94,136.67,2010-11-14 14:47:00,2010-11-14 15:08:00,0,390,3
17545,United Kingdom,1409.86,6,682,234.98,234.98,113.67,2010-05-11 10:04:00,2011-10-27 14:04:00,534,43,6
17547,United Kingdom,727.85,2,223,363.92,363.92,111.5,2010-02-12 14:34:00,2010-11-29 09:41:00,289,376,2
17548,United Kingdom,731.26,4,494,182.82,182.82,123.5,2010-11-08 16:19:00,2011-04-20 12:01:00,162,234,4
17549,United Kingdom,148.86,2,210,74.43,74.43,105.0,2011-10-19 10:05:00,2011-11-16 09:59:00,27,24,2
17550,United Kingdom,2506.64,9,968,278.52,278.52,107.56,2010-02-07 15:07:00,2011-05-26 14:09:00,472,197,9
17551,United Kingdom,290.34,1,142,290.34,290.34,142.0,2010-12-15 14:12:00,2010-12-15 14:12:00,0,359,1
17552,United Kingdom,2786.77,12,1951,232.23,232.23,162.58,2010-03-22 09:19:00,2011-10-10 17:00:00,567,60,12
17553,United Kingdom,3757.6,4,2288,939.4,939.4,572.0,2010-04-08 09:44:00,2011-08-02 10:00:00,481,130,4
17554,United Kingdom,1952.45,5,1763,390.49,390.49,352.6,2011-07-14 20:01:00,2011-12-08 14:15:00,146,1,5
17555,United Kingdom,1045.74,5,739,209.15,209.15,147.8,2010-05-02 16:02:00,2011-11-20 12:22:00,566,20,5
17556,United Kingdom,300.67,2,184,150.34,150.34,92.0,2010-11-25 17:00:00,2011-05-18 10:48:00,173,206,2
17557,United Kingdom,575.46,4,310,143.86,143.86,77.5,2009-12-07 10:15:00,2011-11-25 12:57:00,718,14,4
17558,United Kingdom,259.17,1,54,259.17,259.17,54.0,2010-11-11 14:36:00,2010-11-11 14:36:00,0,393,1
17559,United Kingdom,167.62,1,270,167.62,167.62,270.0,2010-07-15 12:02:00,2010-07-15 12:02:00,0,513,1
17560,United Kingdom,1895.8,8,1588,236.98,236.98,198.5,2010-02-17 12:11:00,2011-09-06 09:18:00,565,95,8
17561,United Kingdom,703.02,4,381,175.76,175.76,95.25,2009-12-06 13:29:00,2011-11-20 12:53:00,713,19,4
17562,United Kingdom,1122.38,7,817,160.34,160.34,116.71,2011-06-19 13:06:00,2011-11-25 14:21:00,159,14,7
17563,United Kingdom,392.38,2,256,196.19,196.19,128.0,2010-04-07 10:02:00,2010-05-10 14:54:00,33,578,2
17564,United Kingdom,454.01,3,146,151.34,151.34,48.67,2011-09-20 14:00:00,2011-11-15 13:27:00,55,24,3
17565,United Kingdom,131.83,1,67,131.83,131.83,67.0,2010-05-02 11:54:00,2010-05-02 11:54:00,0,587,1
17566,United Kingdom,869.77,2,497,434.88,434.88,248.5,2011-11-14 13:42:00,2011-12-01 19:54:00,17,8,2
17567,United Kingdom,4838.08,9,2908,537.56,537.56,323.11,2010-09-24 10:48:00,2011-12-02 15:48:00,434,7,9
17568,United Kingdom,374.45,1,275,374.45,374.45,275.0,2010-03-16 16:45:00,2010-03-16 16:45:00,0,633,1
17569,United Kingdom,344.14,1,159,344.14,344.14,159.0,2011-01-11 14:15:00,2011-01-11 14:15:00,0,332,1
17570,United Kingdom,100.0,1,1,100.0,100.0,1.0,2010-11-23 11:56:00,2010-11-23 11:56:00,0,382,1
17571,United Kingdom,1630.91,5,991,326.18,326.18,198.2,2010-06-15 12:50:00,2011-10-20 15:57:00,492,50,5
17572,United Kingdom,652.21,10,327,65.22,65.22,32.7,2009-12-15 10:00:00,2011-09-29 17:53:00,653,71,10
17573,United Kingdom,380.6,3,308,126.87,126.87,102.67,2011-09-07 10:36:00,2011-11-10 13:01:00,64,29,3
17574,United Kingdom,185.65,1,77,185.65,185.65,77.0,2011-04-11 09:47:00,2011-04-11 09:47:00,0,243,1
17575,United Kingdom,171.7,1,72,171.7,171.7,72.0,2010-02-10 13:48:00,2010-02-10 13:48:00,0,667,1
17576,United Kingdom,8711.95,41,4583,212.49,212.49,111.78,2009-12-03 16:54:00,2011-12-01 17:56:00,728,8,41
17577,United Kingdom,348.75,2,179,174.38,174.38,89.5,2010-02-09 10:10:00,2010-03-04 13:01:00,23,645,2
17578,United Kingdom,1047.33,7,529,149.62,149.62,75.57,2010-06-28 11:55:00,2011-05-05 18:38:00,311,218,7
17579,United Kingdom,753.28,4,375,188.32,188.32,93.75,2010-05-10 14:28:00,2011-12-05 12:28:00,573,5,4
17580,United Kingdom,541.02,5,223,108.2,108.2,44.6,2010-10-13 14:28:00,2011-04-01 12:41:00,169,253,5
17581,United Kingdom,17951.17,43,9519,417.47,417.47,221.37,2009-12-03 12:34:00,2011-12-09 12:21:00,735,1,43
17582,United Kingdom,1446.95,5,603,289.39,289.39,120.6,2010-03-26 12:23:00,2011-04-17 13:18:00,387,236,5
17583,United Kingdom,135.95,1,55,135.95,135.95,55.0,2010-05-28 14:24:00,2010-05-28 14:24:00,0,560,1
17584,United Kingdom,5309.42,6,2464,884.9,884.9,410.67,2010-01-25 08:17:00,2011-12-02 17:12:00,676,7,6
17585,United Kingdom,2064.71,7,2510,294.96,294.96,358.57,2010-08-18 16:39:00,2011-08-22 13:30:00,368,109,7
17586,United Kingdom,167.4,1,68,167.4,167.4,68.0,2010-03-30 13:12:00,2010-03-30 13:12:00,0,619,1
17587,United Kingdom,176.71,1,67,176.71,176.71,67.0,2010-03-21 14:16:00,2010-03-21 14:16:00,0,628,1
17588,United Kingdom,2939.55,7,1379,419.94,419.94,197.0,2010-03-12 12:34:00,2011-08-31 13:37:00,537,100,7
17589,United Kingdom,13837.94,18,8704,768.77,768.77,483.56,2010-03-07 13:48:00,2011-10-10 16:58:00,582,60,18
17590,United Kingdom,1468.02,3,822,489.34,489.34,274.0,2011-10-30 14:05:00,2011-12-07 12:55:00,37,2,3
17591,United Kingdom,2339.32,8,1028,292.42,292.42,128.5,2010-01-17 16:09:00,2011-09-27 13:42:00,617,73,8
17592,United Kingdom,148.3,1,38,148.3,148.3,38.0,2009-12-01 10:49:00,2009-12-01 10:49:00,0,739,1
17593,United Kingdom,8092.32,11,5595,735.67,735.67,508.64,2009-12-04 14:35:00,2011-12-06 10:30:00,731,4,11
17594,United Kingdom,2497.88,4,1368,624.47,624.47,342.0,2010-04-14 08:53:00,2011-09-15 16:34:00,519,85,4
17595,United Kingdom,386.69,2,228,193.34,193.34,114.0,2011-11-02 16:19:00,2011-11-27 16:08:00,24,12,2
17596,United Kingdom,4491.46,13,7010,345.5,345.5,539.23,2009-12-15 13:21:00,2011-11-16 14:11:00,701,23,13
17597,United Kingdom,3484.09,5,2215,696.82,696.82,443.0,2010-05-05 15:33:00,2011-05-10 11:54:00,369,214,5
17598,United Kingdom,409.98,1,126,409.98,409.98,126.0,2010-11-23 17:43:00,2010-11-23 17:43:00,0,381,1
17599,United Kingdom,52.05,1,11,52.05,52.05,11.0,2010-08-19 12:50:00,2010-08-19 12:50:00,0,478,1
17600,United Kingdom,161.67,1,144,161.67,161.67,144.0,2011-11-22 09:43:00,2011-11-22 09:43:00,0,18,1
17601,United Kingdom,413.08,2,295,206.54,206.54,147.5,2010-11-24 14:29:00,2011-04-14 18:02:00,141,239,2
17602,United Kingdom,7354.43,14,5880,525.32,525.32,420.0,2010-03-30 17:25:00,2011-12-07 13:53:00,616,2,14
17603,United Kingdom,1788.38,4,638,447.1,447.1,159.5,2009-12-10 09:44:00,2011-09-22 14:18:00,651,78,4
17604,United Kingdom,942.38,6,614,157.06,157.06,102.33,2010-01-27 12:19:00,2011-05-06 13:43:00,464,217,6
17605,United Kingdom,160.75,1,71,160.75,160.75,71.0,2010-04-28 14:45:00,2010-04-28 14:45:00,0,590,1
17606,United Kingdom,87.3,1,42,87.3,87.3,42.0,2009-12-02 13:32:00,2009-12-02 13:32:00,0,737,1
17607,United Kingdom,333.81,1,269,333.81,333.81,269.0,2010-11-28 13:11:00,2010-11-28 13:11:00,0,376,1
17608,United Kingdom,488.06,4,528,122.02,122.02,132.0,2010-04-11 13:37:00,2011-11-06 13:06:00,573,33,4
17609,United Kingdom,1887.9,11,1321,171.63,171.63,120.09,2010-04-09 16:54:00,2011-10-30 12:28:00,568,41,11
17610,United Kingdom,1511.94,5,893,302.39,302.39,178.6,2009-12-06 16:07:00,2010-06-17 16:34:00,193,540,5
17611,United Kingdom,8337.53,28,5341,297.77,297.77,190.75,2009-12-01 13:29:00,2011-12-02 13:29:00,731,7,28
17612,United Kingdom,5394.86,18,3521,299.71,299.71,195.61,2009-12-17 11:59:00,2011-10-17 14:59:00,669,53,18
17613,United Kingdom,4544.55,14,2490,324.61,324.61,177.86,2011-02-07 11:20:00,2011-11-17 10:51:00,282,23,14
17614,United Kingdom,386.32,1,235,386.32,386.32,235.0,2011-10-13 16:01:00,2011-10-13 16:01:00,0,57,1
17615,United Kingdom,721.8,6,378,120.3,120.3,63.0,2010-08-11 12:54:00,2011-08-01 14:06:00,355,130,6
17616,United Kingdom,734.4,4,288,183.6,183.6,72.0,2010-09-14 10:43:00,2011-06-19 10:11:00,277,174,4
17617,United Kingdom,385.19,1,249,385.19,385.19,249.0,2010-05-30 12:48:00,2010-05-30 12:48:00,0,559,1
17618,United Kingdom,4001.64,11,1798,363.79,363.79,163.45,2010-01-24 11:03:00,2011-12-04 11:50:00,679,6,11
17619,United Kingdom,214.37,1,124,214.37,214.37,124.0,2011-01-31 14:18:00,2011-01-31 14:18:00,0,312,1
17620,United Kingdom,81.44,1,60,81.44,81.44,60.0,2011-10-11 12:08:00,2011-10-11 12:08:00,0,60,1
17621,United Kingdom,3175.12,6,1110,529.19,529.19,185.0,2010-10-04 09:37:00,2011-11-18 17:11:00,410,21,6
17622,United Kingdom,1130.21,2,379,565.1,565.1,189.5,2010-04-20 13:38:00,2010-04-21 12:36:00,0,598,2
17623,United Kingdom,2365.77,7,799,337.97,337.97,114.14,2009-12-14 14:36:00,2011-11-07 11:32:00,692,33,7
17624,United Kingdom,1568.63,4,958,392.16,392.16,239.5,2009-12-20 12:35:00,2011-11-25 10:52:00,704,15,4
17625,United Kingdom,5978.9,8,3505,747.36,747.36,438.12,2009-12-15 11:49:00,2011-11-21 13:36:00,706,18,8
17626,United Kingdom,254.0,1,202,254.0,254.0,202.0,2010-04-16 12:15:00,2010-04-16 12:15:00,0,603,1
17627,United Kingdom,296.36,1,676,296.36,296.36,676.0,2010-08-18 11:27:00,2010-08-18 11:27:00,0,479,1
17628,United Kingdom,75.75,1,79,75.75,75.75,79.0,2011-09-19 15:21:00,2011-09-19 15:21:00,0,81,1
17629,United Kingdom,2455.52,10,1903,245.55,245.55,190.3,2010-10-14 13:35:00,2011-12-04 10:56:00,415,6,10
17630,United Kingdom,503.6,2,158,251.8,251.8,79.0,2011-04-21 14:03:00,2011-06-23 11:58:00,62,170,2
17631,United Kingdom,998.49,7,591,142.64,142.64,84.43,2009-12-09 14:15:00,2011-12-08 09:47:00,728,2,7
17633,United Kingdom,2057.39,7,899,293.91,293.91,128.43,2010-11-15 14:55:00,2011-11-08 13:25:00,357,31,7
17634,United Kingdom,2358.59,9,838,262.07,262.07,93.11,2011-01-06 12:45:00,2011-11-03 13:09:00,301,36,9
17635,United Kingdom,1265.58,3,770,421.86,421.86,256.67,2010-04-28 10:51:00,2010-10-11 15:12:00,166,424,3
17636,United Kingdom,285.56,1,182,285.56,285.56,182.0,2011-11-20 14:40:00,2011-11-20 14:40:00,0,19,1
17637,United Kingdom,547.06,2,280,273.53,273.53,140.0,2011-08-16 13:25:00,2011-11-08 12:51:00,83,31,2
17638,United Kingdom,842.4,2,432,421.2,421.2,216.0,2009-12-18 09:58:00,2010-03-02 14:32:00,74,647,2
17639,United Kingdom,615.17,6,576,102.53,102.53,96.0,2010-08-13 11:59:00,2011-03-08 15:22:00,207,276,6
17640,United Kingdom,3168.94,6,1692,528.16,528.16,282.0,2010-03-23 09:15:00,2011-09-14 09:13:00,539,87,6
17642,United Kingdom,1824.49,5,1475,364.9,364.9,295.0,2009-12-05 16:01:00,2011-08-12 09:11:00,614,120,5
17643,United Kingdom,439.7,2,226,219.85,219.85,113.0,2010-07-22 13:07:00,2010-12-01 14:38:00,132,373,2
17644,United Kingdom,6028.6,20,3469,301.43,301.43,173.45,2010-02-16 08:44:00,2011-12-08 13:43:00,660,1,20
17646,United Kingdom,3898.79,12,1308,324.9,324.9,109.0,2009-12-16 09:37:00,2011-05-04 13:17:00,504,219,12
17647,United Kingdom,331.66,3,82,110.55,110.55,27.33,2010-02-08 14:39:00,2011-10-05 15:38:00,604,65,3
17648,United Kingdom,2216.37,5,954,443.27,443.27,190.8,2010-11-19 16:41:00,2011-10-10 09:41:00,324,61,5
17649,United Kingdom,1578.89,3,723,526.3,526.3,241.0,2010-08-24 13:01:00,2011-07-24 15:53:00,334,138,3
17650,United Kingdom,166.08,1,150,166.08,166.08,150.0,2011-11-18 14:52:00,2011-11-18 14:52:00,0,21,1
17651,United Kingdom,5703.52,16,4086,356.47,356.47,255.38,2010-07-01 12:17:00,2011-11-28 10:29:00,514,12,16
17652,United Kingdom,4867.72,12,2509,405.64,405.64,209.08,2011-03-03 14:05:00,2011-11-14 12:55:00,255,25,12
17653,United Kingdom,1207.56,4,1409,301.89,301.89,352.25,2011-08-11 15:24:00,2011-11-03 12:46:00,83,37,4
17654,United Kingdom,117.55,1,41,117.55,117.55,41.0,2011-03-07 13:17:00,2011-03-07 13:17:00,0,277,1
17655,United Kingdom,2976.38,9,1268,330.71,330.71,140.89,2010-10-19 10:20:00,2011-11-29 11:34:00,406,11,9
17656,United Kingdom,1674.69,5,1399,334.94,334.94,279.8,2011-08-03 10:45:00,2011-09-27 13:04:00,55,73,5
17657,United Kingdom,126.0,1,60,126.0,126.0,60.0,2010-10-05 14:52:00,2010-10-05 14:52:00,0,430,1
17658,United Kingdom,595.42,2,616,297.71,297.71,308.0,2011-05-12 15:23:00,2011-11-14 12:07:00,185,26,2
17659,United Kingdom,3586.99,14,1752,256.21,256.21,125.14,2010-11-18 14:20:00,2011-11-22 13:29:00,368,17,14
17660,United Kingdom,342.22,2,259,171.11,171.11,129.5,2009-12-02 16:02:00,2011-07-21 13:37:00,595,141,2
17662,United Kingdom,412.92,2,184,206.46,206.46,92.0,2009-12-17 09:54:00,2010-02-16 09:38:00,60,662,2
17663,United Kingdom,5175.83,17,2297,304.46,304.46,135.12,2010-03-04 11:42:00,2011-11-14 08:56:00,619,26,17
17664,United Kingdom,1166.23,4,1058,291.56,291.56,264.5,2010-03-29 17:17:00,2011-11-21 11:29:00,601,19,4
17665,United Kingdom,563.1,1,690,563.1,563.1,690.0,2010-08-03 13:12:00,2010-08-03 13:12:00,0,493,1
17666,United Kingdom,2047.8,5,1552,409.56,409.56,310.4,2010-06-30 12:03:00,2011-12-06 09:06:00,523,4,5
17667,United Kingdom,3950.7,9,2192,438.97,438.97,243.56,2010-02-23 09:57:00,2011-10-04 14:32:00,588,66,9
17668,United Kingdom,347.75,2,93,173.88,173.88,46.5,2011-11-01 14:45:00,2011-12-08 13:25:00,36,1,2
17669,United Kingdom,6142.35,10,3505,614.24,614.24,350.5,2010-04-01 18:48:00,2011-10-28 08:53:00,574,43,10
17670,United Kingdom,205.7,1,110,205.7,205.7,110.0,2011-04-26 09:12:00,2011-04-26 09:12:00,0,228,1
17671,United Kingdom,2009.16,5,987,401.83,401.83,197.4,2010-11-29 11:53:00,2011-11-24 12:21:00,360,16,5
17672,United Kingdom,5778.63,7,2758,825.52,825.52,394.0,2010-01-26 17:20:00,2011-10-20 14:18:00,631,50,7
17673,United Kingdom,4173.88,13,3284,321.07,321.07,252.62,2010-03-19 14:02:00,2011-12-08 12:50:00,628,2,13
17674,United Kingdom,551.04,2,672,275.52,275.52,336.0,2010-12-06 10:20:00,2011-09-26 13:35:00,294,74,2
17675,United Kingdom,37642.48,70,16180,537.75,537.75,231.14,2009-12-10 16:10:00,2011-12-08 18:03:00,728,1,70
17676,United Kingdom,2448.64,10,1764,244.86,244.86,176.4,2010-03-30 10:49:00,2011-12-05 15:16:00,615,4,10
17677,United Kingdom,35058.46,54,20921,649.23,649.23,387.43,2009-12-16 11:23:00,2011-12-08 09:56:00,721,2,54
17678,United Kingdom,599.76,2,368,299.88,299.88,184.0,2010-04-15 13:54:00,2011-03-21 11:52:00,339,264,2
17679,United Kingdom,3577.61,7,1755,511.09,511.09,250.71,2009-12-03 17:32:00,2011-10-18 07:43:00,683,53,7
17680,United Kingdom,497.45,3,155,165.82,165.82,51.67,2010-07-16 16:07:00,2011-11-16 12:42:00,487,24,3
17681,United Kingdom,731.2,5,450,146.24,146.24,90.0,2010-01-15 11:53:00,2010-04-21 17:22:00,96,597,5
17682,United Kingdom,4065.28,11,2281,369.57,369.57,207.36,2010-03-08 09:49:00,2011-11-29 15:59:00,631,10,11
17683,United Kingdom,819.01,3,781,273.0,273.0,260.33,2010-06-03 17:15:00,2010-11-19 10:11:00,168,386,3
17684,United Kingdom,239.41,1,145,239.41,239.41,145.0,2011-10-27 11:10:00,2011-10-27 11:10:00,0,44,1
17685,United Kingdom,5454.95,12,3474,454.58,454.58,289.5,2010-02-11 13:44:00,2011-11-23 11:36:00,649,17,12
17686,United Kingdom,8296.81,9,3583,921.87,921.87,398.11,2010-06-24 09:49:00,2011-12-02 15:39:00,526,7,9
17687,United Kingdom,432.68,1,210,432.68,432.68,210.0,2010-10-15 12:30:00,2010-10-15 12:30:00,0,421,1
17688,United Kingdom,304.2,1,114,304.2,304.2,114.0,2010-11-11 10:41:00,2010-11-11 10:41:00,0,394,1
17689,United Kingdom,317.08,2,300,158.54,158.54,150.0,2010-08-22 13:54:00,2010-11-16 13:22:00,85,388,2
17690,United Kingdom,6963.8,20,2939,348.19,348.19,146.95,2010-02-03 14:26:00,2011-11-09 15:17:00,644,30,20
17691,United Kingdom,637.55,4,315,159.39,159.39,78.75,2010-06-11 11:50:00,2010-12-16 17:20:00,188,358,4
17692,United Kingdom,2975.8,12,2338,247.98,247.98,194.83,2010-06-17 11:14:00,2011-08-04 14:01:00,413,127,12
17693,United Kingdom,200.47,1,231,200.47,200.47,231.0,2011-07-25 15:48:00,2011-07-25 15:48:00,0,137,1
17694,United Kingdom,1695.97,3,1493,565.32,565.32,497.67,2010-05-26 08:27:00,2011-07-21 12:00:00,421,142,3
17695,United Kingdom,1746.04,5,1809,349.21,349.21,361.8,2010-01-28 09:27:00,2011-07-31 10:40:00,549,132,5
17696,United Kingdom,7679.59,27,5891,284.43,284.43,218.19,2009-12-10 17:09:00,2011-11-01 13:43:00,690,38,27
17697,United Kingdom,338.95,1,93,338.95,338.95,93.0,2011-04-17 15:40:00,2011-04-17 15:40:00,0,236,1
17698,United Kingdom,154.95,1,93,154.95,154.95,93.0,2011-03-24 11:34:00,2011-03-24 11:34:00,0,261,1
17699,United Kingdom,442.0,2,208,221.0,221.0,104.0,2010-05-27 11:53:00,2010-08-20 09:39:00,84,477,2
17700,United Kingdom,6679.97,14,3469,477.14,477.14,247.79,2009-12-01 11:37:00,2011-11-23 11:51:00,722,17,14
17701,United Kingdom,417.95,1,109,417.95,417.95,109.0,2011-04-01 12:25:00,2011-04-01 12:25:00,0,253,1
17702,United Kingdom,3144.04,6,2153,524.01,524.01,358.83,2010-11-04 12:09:00,2011-11-09 16:03:00,370,30,6
17703,United Kingdom,1094.84,4,897,273.71,273.71,224.25,2010-10-17 16:16:00,2011-11-04 15:51:00,382,35,4
17704,United Kingdom,885.19,2,343,442.6,442.6,171.5,2011-04-14 09:28:00,2011-06-24 09:40:00,71,169,2
17705,United Kingdom,2083.9,11,1301,189.45,189.45,118.27,2010-05-12 09:47:00,2011-12-06 13:45:00,573,3,11
17706,United Kingdom,20272.15,31,7824,653.94,653.94,252.39,2010-01-19 12:13:00,2011-12-05 13:34:00,685,4,31
17707,United Kingdom,609.3,8,546,76.16,76.16,68.25,2009-12-07 12:19:00,2011-06-07 15:03:00,547,185,8
17708,United Kingdom,884.18,4,387,221.04,221.04,96.75,2010-10-12 12:13:00,2011-06-05 10:12:00,235,188,4
17709,United Kingdom,671.01,5,295,134.2,134.2,59.0,2010-04-15 14:48:00,2011-06-23 11:55:00,433,170,5
17710,United Kingdom,293.5,1,158,293.5,293.5,158.0,2010-10-12 07:49:00,2010-10-12 07:49:00,0,424,1
17711,United Kingdom,385.1,2,246,192.55,192.55,123.0,2011-02-23 11:32:00,2011-11-29 11:40:00,279,11,2
17712,United Kingdom,522.91,1,215,522.91,522.91,215.0,2011-10-26 12:28:00,2011-10-26 12:28:00,0,45,1
17713,United Kingdom,1198.09,4,989,299.52,299.52,247.25,2010-06-09 09:33:00,2010-11-22 16:50:00,166,382,4
17714,United Kingdom,1410.18,5,608,282.04,282.04,121.6,2010-07-14 10:41:00,2011-01-23 10:32:00,192,321,5
17715,United Kingdom,489.6,2,576,244.8,244.8,288.0,2010-04-26 12:17:00,2011-05-23 12:32:00,392,201,2
17716,United Kingdom,15956.97,24,8819,664.87,664.87,367.46,2009-12-02 17:18:00,2011-11-17 12:00:00,714,23,24
17717,United Kingdom,376.92,1,344,376.92,376.92,344.0,2010-10-14 12:54:00,2010-10-14 12:54:00,0,421,1
17718,United Kingdom,439.18,2,274,219.59,219.59,137.0,2010-03-05 08:01:00,2011-04-21 13:39:00,412,232,2
17719,United Kingdom,5396.04,15,2466,359.74,359.74,164.4,2011-03-29 11:29:00,2011-11-02 10:36:00,217,38,15
17720,United Kingdom,2666.91,10,1589,266.69,266.69,158.9,2010-05-10 09:58:00,2011-11-13 15:04:00,552,26,10
17721,United Kingdom,307.21,1,107,307.21,307.21,107.0,2010-02-18 15:18:00,2010-02-18 15:18:00,0,659,1
17722,United Kingdom,3520.22,5,2412,704.04,704.04,482.4,2010-11-29 09:44:00,2011-09-04 15:22:00,279,96,5
17723,United Kingdom,3378.4,7,912,482.63,482.63,130.29,2010-11-29 10:35:00,2011-08-04 18:37:00,248,127,7
17724,United Kingdom,1033.0,3,300,344.33,344.33,100.0,2011-07-24 13:26:00,2011-09-29 15:26:00,67,71,3
17725,United Kingdom,3439.08,11,2162,312.64,312.64,196.55,2011-03-17 19:47:00,2011-11-23 16:34:00,250,16,11
17726,United Kingdom,1092.06,7,444,156.01,156.01,63.43,2010-01-26 14:58:00,2010-11-09 13:37:00,286,395,7
17727,United Kingdom,1060.25,1,645,1060.25,1060.25,645.0,2011-11-24 17:06:00,2011-11-24 17:06:00,0,15,1
17728,United Kingdom,4238.76,5,2146,847.75,847.75,429.2,2010-09-12 14:58:00,2011-12-06 08:52:00,449,4,5
17729,United Kingdom,438.65,1,247,438.65,438.65,247.0,2010-04-22 15:03:00,2010-04-22 15:03:00,0,596,1
17730,United Kingdom,7773.8,20,5300,388.69,388.69,265.0,2010-04-29 11:48:00,2011-12-06 15:43:00,586,3,20
17731,United Kingdom,1708.99,6,707,284.83,284.83,117.83,2010-02-09 12:37:00,2011-09-21 15:02:00,589,79,6
17732,United Kingdom,2166.42,8,1058,270.8,270.8,132.25,2010-08-09 08:41:00,2010-12-02 09:29:00,115,373,8
17733,United Kingdom,692.19,2,463,346.1,346.1,231.5,2011-03-23 09:54:00,2011-11-01 08:16:00,222,39,2
17734,United Kingdom,1442.32,6,741,240.39,240.39,123.5,2010-03-07 13:55:00,2011-10-17 12:33:00,588,54,6
17735,United Kingdom,16790.33,26,10683,645.78,645.78,410.88,2010-07-30 13:25:00,2011-12-07 16:47:00,495,2,26
17736,United Kingdom,377.44,3,238,125.81,125.81,79.33,2011-08-18 14:33:00,2011-11-30 15:36:00,104,9,3
17737,United Kingdom,168.24,2,108,84.12,84.12,54.0,2011-10-12 14:42:00,2011-11-30 15:16:00,49,9,2
17738,United Kingdom,4183.56,13,2776,321.81,321.81,213.54,2010-03-19 10:07:00,2011-11-20 15:05:00,611,19,13
17739,United Kingdom,7730.59,18,2335,429.48,429.48,129.72,2009-12-07 10:48:00,2011-11-28 09:12:00,720,12,18
17740,United Kingdom,426.9,6,222,71.15,71.15,37.0,2010-01-11 13:11:00,2010-11-15 16:33:00,308,389,6
17741,United Kingdom,101.1,2,114,50.55,50.55,57.0,2010-05-28 12:11:00,2010-10-29 11:59:00,153,407,2
17742,United Kingdom,2098.48,11,653,190.77,190.77,59.36,2009-12-01 13:16:00,2011-08-18 15:28:00,625,113,11
17743,United Kingdom,229.2,1,96,229.2,229.2,96.0,2010-09-17 14:54:00,2010-09-17 14:54:00,0,448,1
17744,United Kingdom,2649.14,7,3826,378.45,378.45,546.57,2010-11-24 09:34:00,2011-12-06 12:11:00,377,4,7
17745,United Kingdom,600.34,2,164,300.17,300.17,82.0,2010-06-02 09:03:00,2010-08-19 12:30:00,78,478,2
17746,United Kingdom,904.18,4,688,226.04,226.04,172.0,2010-04-08 12:54:00,2011-04-13 14:31:00,370,240,4
17747,United Kingdom,71.4,1,12,71.4,71.4,12.0,2011-08-19 08:13:00,2011-08-19 08:13:00,0,113,1
17748,United Kingdom,358.15,1,111,358.15,358.15,111.0,2010-06-30 13:49:00,2010-06-30 13:49:00,0,527,1
17749,United Kingdom,1026.18,3,446,342.06,342.06,148.67,2010-06-11 14:56:00,2011-06-14 15:45:00,368,178,3
17750,United Kingdom,1710.45,9,3747,190.05,190.05,416.33,2011-06-28 15:44:00,2011-12-04 14:09:00,158,5,9
17751,United Kingdom,157.86,1,147,157.86,157.86,147.0,2010-10-14 13:57:00,2010-10-14 13:57:00,0,421,1
17752,United Kingdom,80.64,1,192,80.64,80.64,192.0,2010-12-15 16:19:00,2010-12-15 16:19:00,0,359,1
17753,United Kingdom,382.06,4,124,95.52,95.52,31.0,2010-01-06 14:20:00,2010-09-01 15:49:00,238,464,4
17754,United Kingdom,4451.22,13,4366,342.4,342.4,335.85,2009-12-11 15:52:00,2011-12-09 11:20:00,727,1,13
17756,United Kingdom,728.75,3,399,242.92,242.92,133.0,2010-11-10 12:54:00,2010-11-29 12:20:00,18,376,3
17757,United Kingdom,9074.05,56,5011,162.04,162.04,89.48,2010-01-13 15:56:00,2011-12-08 15:31:00,693,1,56
17758,United Kingdom,4964.03,12,3199,413.67,413.67,266.58,2010-05-20 13:18:00,2011-11-20 14:45:00,549,19,12
17759,United Kingdom,1261.88,5,965,252.38,252.38,193.0,2010-05-05 11:40:00,2011-11-22 16:02:00,566,17,5
17760,United Kingdom,746.39,6,531,124.4,124.4,88.5,2010-02-28 12:15:00,2011-11-18 10:56:00,627,22,6
17761,United Kingdom,712.78,1,398,712.78,712.78,398.0,2011-11-07 10:23:00,2011-11-07 10:23:00,0,33,1
17762,United Kingdom,129.75,1,129,129.75,129.75,129.0,2010-09-09 17:40:00,2010-09-09 17:40:00,0,456,1
17763,United Kingdom,86.15,4,41,21.54,21.54,10.25,2010-02-18 14:32:00,2011-03-21 14:25:00,395,263,4
17764,United Kingdom,1513.57,5,674,302.71,302.71,134.8,2009-12-03 14:28:00,2011-10-20 11:03:00,685,51,5
17765,United Kingdom,524.0,4,195,131.0,131.0,48.75,2010-09-17 12:45:00,2011-07-04 12:41:00,289,159,4
17766,United Kingdom,299.61,2,155,149.8,149.8,77.5,2010-11-23 14:17:00,2010-11-23 14:29:00,0,381,2
17767,United Kingdom,413.05,2,198,206.52,206.52,99.0,2010-10-25 16:22:00,2011-11-24 14:42:00,394,15,2
17768,United Kingdom,3292.73,7,2339,470.39,470.39,334.14,2009-12-02 12:26:00,2011-12-01 13:22:00,729,8,7
17769,United Kingdom,7053.38,17,3157,414.9,414.9,185.71,2010-01-19 11:33:00,2011-11-27 11:18:00,676,13,17
17770,United Kingdom,1143.27,5,365,228.65,228.65,73.0,2011-03-02 13:35:00,2011-05-25 12:34:00,83,199,5
17771,United Kingdom,387.41,4,373,96.85,96.85,93.25,2010-04-29 13:21:00,2011-10-14 11:43:00,532,57,4
17772,United Kingdom,360.75,3,113,120.25,120.25,37.67,2010-11-12 11:31:00,2011-11-29 11:05:00,381,11,3
17773,United Kingdom,575.37,2,254,287.68,287.68,127.0,2010-01-18 14:32:00,2010-07-13 14:07:00,175,514,2
17774,United Kingdom,3273.83,9,1585,363.76,363.76,176.11,2010-02-08 16:06:00,2011-09-04 12:49:00,572,97,9
17775,United Kingdom,56.4,1,72,56.4,56.4,72.0,2011-03-30 10:50:00,2011-03-30 10:50:00,0,255,1
17776,United Kingdom,330.56,2,273,165.28,165.28,136.5,2009-12-16 14:59:00,2010-11-18 12:14:00,336,387,2
17777,United Kingdom,647.56,3,501,215.85,215.85,167.0,2011-08-31 14:35:00,2011-11-15 12:02:00,75,25,3
17778,United Kingdom,197.7,1,214,197.7,197.7,214.0,2010-02-16 12:44:00,2010-02-16 12:44:00,0,662,1
17779,United Kingdom,650.32,3,396,216.77,216.77,132.0,2011-07-19 12:19:00,2011-11-18 14:15:00,122,21,3
17780,United Kingdom,346.56,3,156,115.52,115.52,52.0,2010-01-24 11:21:00,2010-02-10 13:43:00,17,667,3
17781,United Kingdom,188.02,2,34,94.01,94.01,17.0,2011-03-31 19:54:00,2011-07-03 16:00:00,93,159,2
17782,United Kingdom,679.02,2,538,339.51,339.51,269.0,2010-11-22 10:03:00,2010-11-22 11:15:00,0,383,2
17783,United Kingdom,376.96,3,438,125.65,125.65,146.0,2010-07-15 12:50:00,2011-09-28 16:07:00,440,72,3
17784,United Kingdom,112.86,1,72,112.86,112.86,72.0,2010-06-07 16:08:00,2010-06-07 16:08:00,0,550,1
17785,United Kingdom,403.38,3,227,134.46,134.46,75.67,2010-05-23 13:01:00,2011-10-17 13:43:00,512,53,3
17786,United Kingdom,266.85,2,195,133.43,133.43,97.5,2011-01-26 14:35:00,2011-09-15 12:51:00,231,85,2
17787,United Kingdom,1817.54,4,896,454.38,454.38,224.0,2010-12-03 13:43:00,2011-07-10 11:24:00,218,153,4
17788,United Kingdom,1117.9,2,211,558.95,558.95,105.5,2011-08-02 10:38:00,2011-09-27 10:09:00,55,74,2
17789,United Kingdom,397.15,2,199,198.58,198.58,99.5,2010-02-16 13:16:00,2011-03-03 13:14:00,379,281,2
17790,United Kingdom,2779.41,20,1387,138.97,138.97,69.35,2010-06-13 13:30:00,2011-11-13 11:30:00,517,27,20
17791,United Kingdom,106.1,1,46,106.1,106.1,46.0,2011-11-10 12:09:00,2011-11-10 12:09:00,0,30,1
17792,United Kingdom,368.35,2,149,184.18,184.18,74.5,2010-08-18 13:08:00,2010-08-29 14:30:00,11,467,2
17793,United Kingdom,300.34,1,226,300.34,300.34,226.0,2011-11-14 14:24:00,2011-11-14 14:24:00,0,25,1
17794,United Kingdom,147.3,2,46,73.65,73.65,23.0,2010-01-20 12:17:00,2010-01-22 10:18:00,1,687,2
17795,United Kingdom,342.83,2,305,171.42,171.42,152.5,2011-03-20 12:02:00,2011-06-13 12:36:00,85,180,2
17796,United Kingdom,1236.39,7,347,176.63,176.63,49.57,2010-10-14 13:37:00,2011-10-30 15:38:00,381,40,7
17797,United Kingdom,1971.87,8,1086,246.48,246.48,135.75,2009-12-15 14:30:00,2011-11-17 13:21:00,701,22,8
17798,United Kingdom,178.07,1,138,178.07,178.07,138.0,2010-05-07 11:42:00,2010-05-07 11:42:00,0,582,1
17799,United Kingdom,6246.93,20,3674,312.35,312.35,183.7,2009-12-13 16:03:00,2011-11-17 15:16:00,703,22,20
17800,United Kingdom,1187.21,9,732,131.91,131.91,81.33,2011-01-09 13:50:00,2011-11-02 12:57:00,296,37,9
17801,United Kingdom,770.03,3,820,256.68,256.68,273.33,2010-01-17 11:31:00,2010-09-14 14:32:00,240,451,3
17802,United Kingdom,4946.22,10,2705,494.62,494.62,270.5,2009-12-13 13:39:00,2011-09-18 14:56:00,644,82,10
17803,United Kingdom,184.66,1,98,184.66,184.66,98.0,2010-11-12 13:53:00,2010-11-12 13:53:00,0,392,1
17804,United Kingdom,383.78,3,194,127.93,127.93,64.67,2009-12-01 12:22:00,2010-11-28 14:01:00,362,376,3
17805,United Kingdom,927.03,2,1126,463.52,463.52,563.0,2010-04-08 14:36:00,2011-09-27 11:49:00,536,74,2
17806,United Kingdom,546.04,1,727,546.04,546.04,727.0,2011-11-28 14:12:00,2011-11-28 14:12:00,0,11,1
17807,United Kingdom,437.87,3,262,145.96,145.96,87.33,2010-01-04 14:00:00,2010-11-09 16:21:00,309,395,3
17808,United Kingdom,262.64,4,143,65.66,65.66,35.75,2010-05-07 16:26:00,2010-06-09 10:44:00,32,549,4
17809,United Kingdom,10085.89,20,2995,504.29,504.29,149.75,2009-12-02 14:52:00,2011-11-23 12:59:00,720,16,20
17810,United Kingdom,373.16,2,118,186.58,186.58,59.0,2010-01-25 10:26:00,2010-02-09 10:47:00,15,669,2
17811,United Kingdom,9519.8,47,5278,202.55,202.55,112.3,2010-09-20 11:24:00,2011-12-05 13:46:00,441,4,47
17812,United Kingdom,911.99,7,444,130.28,130.28,63.43,2010-06-27 13:34:00,2011-11-27 11:47:00,517,13,7
17813,United Kingdom,1698.07,5,752,339.61,339.61,150.4,2011-09-29 15:57:00,2011-11-25 16:13:00,57,14,5
17814,United Kingdom,1609.37,2,1435,804.68,804.68,717.5,2010-10-13 14:03:00,2010-11-29 14:21:00,47,375,2
17815,United Kingdom,591.96,1,612,591.96,591.96,612.0,2010-11-11 14:39:00,2010-11-11 14:39:00,0,393,1
17816,United Kingdom,96.11,6,80,16.02,16.02,13.33,2009-12-15 15:27:00,2011-11-03 11:34:00,687,37,6
17817,United Kingdom,788.15,6,353,131.36,131.36,58.83,2010-10-13 15:07:00,2011-12-05 14:39:00,417,4,6
17818,United Kingdom,124.78,1,86,124.78,124.78,86.0,2009-12-02 11:34:00,2009-12-02 11:34:00,0,738,1
17819,United Kingdom,6021.05,12,1610,501.75,501.75,134.17,2009-12-13 15:24:00,2011-09-29 10:52:00,654,72,12
17820,United Kingdom,180.61,1,111,180.61,180.61,111.0,2010-11-30 17:43:00,2010-11-30 17:43:00,0,374,1
17821,United Kingdom,334.62,1,162,334.62,334.62,162.0,2010-10-29 13:20:00,2010-10-29 13:20:00,0,406,1
17822,United Kingdom,2162.93,5,1375,432.59,432.59,275.0,2010-05-28 12:15:00,2010-10-15 13:47:00,140,420,5
17823,United Kingdom,449.25,2,252,224.62,224.62,126.0,2010-10-14 16:14:00,2010-10-14 16:24:00,0,421,2
17824,United Kingdom,298.4,1,408,298.4,298.4,408.0,2011-10-19 14:14:00,2011-10-19 14:14:00,0,51,1
17825,United Kingdom,701.96,4,516,175.49,175.49,129.0,2009-12-14 12:09:00,2010-04-20 12:01:00,126,599,4
17826,United Kingdom,133.34,1,84,133.34,133.34,84.0,2010-11-30 13:23:00,2010-11-30 13:23:00,0,374,1
17827,United Kingdom,2376.17,6,1582,396.03,396.03,263.67,2010-03-28 12:20:00,2011-12-04 15:00:00,616,5,6
17828,Malta,1820.09,4,667,455.02,455.02,166.75,2011-06-08 08:31:00,2011-11-17 08:41:00,162,23,4
17829,United Arab Emirates,4756.74,5,3009,951.35,951.35,601.8,2010-02-22 15:39:00,2011-02-14 12:46:00,356,299,5
17830,United Kingdom,398.7,3,92,132.9,132.9,30.67,2011-02-24 10:15:00,2011-12-08 12:28:00,287,2,3
17831,United Kingdom,35.4,1,12,35.4,35.4,12.0,2011-11-06 15:09:00,2011-11-06 15:09:00,0,33,1
17832,United Kingdom,155.37,1,208,155.37,155.37,208.0,2011-10-21 11:43:00,2011-10-21 11:43:00,0,50,1
17833,United Kingdom,338.46,1,143,338.46,338.46,143.0,2009-12-16 13:40:00,2009-12-16 13:40:00,0,723,1
17834,United Kingdom,689.67,2,639,344.84,344.84,319.5,2010-09-20 15:32:00,2010-10-21 12:09:00,30,415,2
17835,United Kingdom,342.24,3,344,114.08,114.08,114.67,2011-11-16 16:30:00,2011-12-07 11:48:00,20,3,3
17836,United Kingdom,110.21,1,88,110.21,110.21,88.0,2011-10-23 16:13:00,2011-10-23 16:13:00,0,47,1
17837,United Kingdom,1541.23,8,510,192.65,192.65,63.75,2011-06-29 16:44:00,2011-10-28 16:13:00,120,42,8
17838,United Kingdom,5604.64,13,3491,431.13,431.13,268.54,2010-03-19 09:53:00,2011-11-13 11:20:00,604,27,13
17839,United Kingdom,318.15,1,257,318.15,318.15,257.0,2011-10-28 17:27:00,2011-10-28 17:27:00,0,42,1
17840,United Kingdom,175.9,1,128,175.9,175.9,128.0,2010-09-22 12:24:00,2010-09-22 12:24:00,0,444,1
17841,United Kingdom,68545.25,211,36584,324.86,324.86,173.38,2009-12-02 15:41:00,2011-12-08 12:07:00,735,2,211
17842,United Kingdom,430.69,1,89,430.69,430.69,89.0,2010-04-16 14:23:00,2010-04-16 14:23:00,0,602,1
17843,United Kingdom,320.4,2,251,160.2,160.2,125.5,2010-10-24 10:56:00,2011-02-09 15:33:00,108,303,2
17844,Canada,51.56,1,52,51.56,51.56,52.0,2011-08-25 11:27:00,2011-08-25 11:27:00,0,107,1
17845,United Kingdom,596.09,4,195,149.02,149.02,48.75,2010-05-12 13:04:00,2010-06-02 15:20:00,21,555,4
17846,United Kingdom,2033.1,1,1,2033.1,2033.1,1.0,2011-09-15 15:20:00,2011-09-15 15:20:00,0,85,1
17847,United Kingdom,129.69,2,29,64.84,64.84,14.5,2010-03-04 12:57:00,2010-07-12 10:00:00,129,516,2
17848,United Kingdom,3559.11,30,1404,118.64,118.64,46.8,2009-12-06 13:19:00,2011-09-19 16:49:00,652,81,30
17849,United Kingdom,1063.76,8,224,132.97,132.97,28.0,2010-03-14 15:17:00,2011-05-05 13:46:00,416,218,8
17850,United Kingdom,51208.87,155,21052,330.38,330.38,135.82,2009-12-05 12:28:00,2010-12-02 15:27:00,362,372,155
17851,United Kingdom,1552.35,6,933,258.72,258.72,155.5,2009-12-03 17:46:00,2010-10-13 15:13:00,313,422,6
17852,United Kingdom,657.81,5,372,131.56,131.56,74.4,2009-12-08 12:51:00,2011-11-28 12:36:00,719,12,5
17853,United Kingdom,1596.29,3,625,532.1,532.1,208.33,2009-12-03 15:09:00,2010-10-28 15:29:00,329,407,3
17854,United Kingdom,1068.5,6,607,178.08,178.08,101.17,2009-12-08 11:13:00,2011-06-07 16:21:00,546,185,6
17855,United Kingdom,208.97,1,197,208.97,208.97,197.0,2010-12-02 09:44:00,2010-12-02 09:44:00,0,373,1
17856,United Kingdom,1418.03,4,842,354.51,354.51,210.5,2011-03-03 11:40:00,2011-12-08 09:40:00,279,2,4
17857,United Kingdom,27347.04,24,19906,1139.46,1139.46,829.42,2010-03-08 12:09:00,2011-12-05 13:13:00,637,4,24
17858,United Kingdom,12518.65,30,5383,417.29,417.29,179.43,2009-12-06 15:41:00,2011-12-04 11:56:00,727,6,30
17859,United Kingdom,141.92,1,102,141.92,141.92,102.0,2011-02-08 10:32:00,2011-02-08 10:32:00,0,305,1
17860,United Kingdom,717.39,4,696,179.35,179.35,174.0,2009-12-11 16:48:00,2010-12-06 12:41:00,359,369,4
17861,United Kingdom,5088.29,18,4541,282.68,282.68,252.28,2009-12-10 11:27:00,2011-12-06 16:21:00,726,3,18
17862,United Kingdom,1254.89,4,440,313.72,313.72,110.0,2010-05-25 17:22:00,2011-01-20 12:23:00,239,324,4
17863,United Kingdom,5360.48,12,4676,446.71,446.71,389.67,2010-02-25 12:01:00,2011-10-11 13:45:00,593,59,12
17864,United Kingdom,876.57,5,1015,175.31,175.31,203.0,2010-10-08 11:49:00,2011-11-27 11:15:00,414,13,5
17865,United Kingdom,26312.19,46,12950,572.0,572.0,281.52,2009-12-01 10:49:00,2011-11-09 12:08:00,708,31,46
17866,United Kingdom,1134.95,3,535,378.32,378.32,178.33,2009-12-14 16:01:00,2011-07-20 11:07:00,582,143,3
17867,United Kingdom,1582.05,15,638,105.47,105.47,42.53,2009-12-02 13:39:00,2011-11-09 14:15:00,707,30,15
17868,United Kingdom,227.15,1,85,227.15,227.15,85.0,2010-11-18 18:55:00,2010-11-18 18:55:00,0,386,1
17869,United Kingdom,813.64,7,491,116.23,116.23,70.14,2010-06-10 13:47:00,2011-08-24 16:16:00,440,107,7
17870,United Kingdom,2753.29,13,1699,211.79,211.79,130.69,2010-11-23 11:39:00,2011-12-07 15:07:00,379,2,13
17871,United Kingdom,1068.95,5,665,213.79,213.79,133.0,2010-01-15 14:48:00,2011-05-19 11:32:00,488,205,5
17872,United Kingdom,235.87,1,176,235.87,235.87,176.0,2010-11-23 12:02:00,2010-11-23 12:02:00,0,382,1
17873,United Kingdom,6265.33,18,4159,348.07,348.07,231.06,2009-12-16 15:11:00,2011-09-20 16:41:00,643,80,18
17874,United Kingdom,683.46,6,221,113.91,113.91,36.83,2011-03-29 11:25:00,2011-06-07 12:54:00,70,185,6
17875,United Kingdom,167.1,1,98,167.1,167.1,98.0,2010-01-20 15:30:00,2010-01-20 15:30:00,0,688,1
17876,United Kingdom,3424.02,3,1958,1141.34,1141.34,652.67,2010-02-02 13:00:00,2010-11-05 10:52:00,275,400,3
17877,United Kingdom,237.61,1,98,237.61,237.61,98.0,2011-06-22 13:00:00,2011-06-22 13:00:00,0,170,1
17878,United Kingdom,1378.93,3,1014,459.64,459.64,338.0,2010-11-09 13:50:00,2011-10-27 11:24:00,351,44,3
17879,United Kingdom,178.52,1,45,178.52,178.52,45.0,2011-06-19 12:36:00,2011-06-19 12:36:00,0,174,1
17880,United Kingdom,824.92,3,466,274.97,274.97,155.33,2009-12-09 16:13:00,2010-12-10 10:21:00,365,365,3
17881,United Kingdom,133.35,1,32,133.35,133.35,32.0,2011-02-08 17:16:00,2011-02-08 17:16:00,0,304,1
17882,United Kingdom,291.56,2,130,145.78,145.78,65.0,2010-11-25 14:35:00,2010-11-25 14:40:00,0,379,2
17883,United Kingdom,988.42,7,476,141.2,141.2,68.0,2010-02-25 20:07:00,2011-12-06 17:49:00,648,3,7
17884,United Kingdom,2698.47,20,2749,134.92,134.92,137.45,2009-12-04 16:23:00,2011-12-06 11:33:00,731,4,20
17885,United Kingdom,156.34,1,110,156.34,156.34,110.0,2011-11-27 14:40:00,2011-11-27 14:40:00,0,12,1
17886,United Kingdom,1572.55,6,711,262.09,262.09,118.5,2010-04-29 11:10:00,2011-11-08 10:09:00,557,32,6
17887,United Kingdom,111.35,1,30,111.35,111.35,30.0,2011-08-02 17:29:00,2011-08-02 17:29:00,0,129,1
17888,United Kingdom,1807.44,25,1536,72.3,72.3,61.44,2009-12-21 16:34:00,2011-11-18 13:45:00,696,21,25
17889,United Kingdom,746.42,7,403,106.63,106.63,57.57,2010-03-31 10:54:00,2011-05-11 16:26:00,406,212,7
17890,United Kingdom,586.89,2,402,293.44,293.44,201.0,2010-12-13 15:12:00,2011-01-21 11:19:00,38,323,2
17891,United Kingdom,203.86,1,393,203.86,203.86,393.0,2011-06-30 20:08:00,2011-06-30 20:08:00,0,162,1
17892,United Kingdom,244.1,3,109,81.37,81.37,36.33,2011-07-07 12:56:00,2011-10-14 16:49:00,99,56,3
17893,United Kingdom,107.21,1,149,107.21,107.21,149.0,2011-04-28 13:50:00,2011-04-28 13:50:00,0,225,1
17894,United Kingdom,2304.58,18,938,128.03,128.03,52.11,2010-08-27 14:13:00,2011-09-29 09:23:00,397,72,18
17895,United Kingdom,95.45,1,127,95.45,95.45,127.0,2011-10-26 17:00:00,2011-10-26 17:00:00,0,44,1
17896,United Kingdom,256.32,1,288,256.32,256.32,288.0,2011-11-16 13:59:00,2011-11-16 13:59:00,0,23,1
17897,United Kingdom,2099.89,9,864,233.32,233.32,96.0,2010-05-12 16:03:00,2011-06-20 11:23:00,403,173,9
17898,United Kingdom,299.18,4,251,74.8,74.8,62.75,2010-05-21 17:22:00,2011-09-15 14:56:00,481,85,4
17899,United Kingdom,154.55,1,170,154.55,154.55,170.0,2011-07-03 14:58:00,2011-07-03 14:58:00,0,159,1
17900,United Kingdom,112.2,2,73,56.1,56.1,36.5,2011-06-02 14:28:00,2011-06-02 14:38:00,0,190,2
17901,United Kingdom,260.08,3,38,86.69,86.69,12.67,2010-07-06 10:54:00,2011-11-10 17:29:00,492,29,3
17902,United Kingdom,216.4,1,526,216.4,216.4,526.0,2010-06-11 12:25:00,2010-06-11 12:25:00,0,547,1
17903,United Kingdom,381.09,1,142,381.09,381.09,142.0,2010-11-10 15:39:00,2010-11-10 15:39:00,0,394,1
17904,United Kingdom,181.07,1,59,181.07,181.07,59.0,2011-11-18 12:57:00,2011-11-18 12:57:00,0,21,1
17905,United Kingdom,2178.87,13,1299,167.61,167.61,99.92,2010-01-28 17:54:00,2011-09-29 17:33:00,608,71,13
17906,United Kingdom,72.9,1,26,72.9,72.9,26.0,2011-04-06 17:25:00,2011-04-06 17:25:00,0,247,1
17907,United Kingdom,291.76,1,1046,291.76,291.76,1046.0,2010-03-09 12:33:00,2010-03-09 12:33:00,0,641,1
17908,United Kingdom,1142.47,5,670,228.49,228.49,134.0,2009-12-14 12:24:00,2010-12-01 11:45:00,351,374,5
17909,United Kingdom,110.05,1,35,110.05,110.05,35.0,2009-12-02 13:10:00,2009-12-02 13:10:00,0,737,1
17910,United Kingdom,261.7,1,121,261.7,261.7,121.0,2009-12-13 16:04:00,2009-12-13 16:04:00,0,726,1
17911,United Kingdom,366.23,1,223,366.23,366.23,223.0,2011-11-30 14:52:00,2011-11-30 14:52:00,0,9,1
17912,United Kingdom,374.55,6,215,62.42,62.42,35.83,2010-11-29 13:53:00,2011-02-02 14:25:00,65,310,6
17913,United Kingdom,3429.29,14,1725,244.95,244.95,123.21,2009-12-03 13:02:00,2011-10-12 10:45:00,677,59,14
17914,United Kingdom,329.36,1,457,329.36,329.36,457.0,2011-12-06 11:58:00,2011-12-06 11:58:00,0,4,1
17915,United Kingdom,225.78,1,184,225.78,225.78,184.0,2010-06-06 13:22:00,2010-06-06 13:22:00,0,551,1
17916,United Kingdom,43.87,2,90,21.94,21.94,45.0,2009-12-06 14:10:00,2010-03-21 12:26:00,104,629,2
17917,United Kingdom,335.03,3,184,111.68,111.68,61.33,2010-12-12 12:08:00,2011-10-25 13:20:00,317,45,3
17918,United Kingdom,396.39,3,352,132.13,132.13,117.33,2010-07-22 14:20:00,2010-07-27 11:51:00,4,501,3
17919,United Kingdom,1840.32,2,1452,920.16,920.16,726.0,2010-09-27 10:40:00,2011-09-12 13:41:00,350,88,2
17920,United Kingdom,23581.78,54,12265,436.7,436.7,227.13,2009-12-06 10:37:00,2011-12-05 14:29:00,729,4,54
17921,United Kingdom,2394.36,10,991,239.44,239.44,99.1,2010-07-15 20:05:00,2011-10-06 18:56:00,447,64,10
17922,United Kingdom,170.4,1,49,170.4,170.4,49.0,2010-06-14 16:32:00,2010-06-14 16:32:00,0,543,1
17923,United Kingdom,497.0,3,140,165.67,165.67,46.67,2010-06-13 13:58:00,2011-03-02 15:15:00,262,282,3
17924,United Kingdom,3257.7,8,1208,407.21,407.21,151.0,2010-10-21 12:17:00,2011-11-28 09:11:00,402,12,8
17925,United Kingdom,244.08,1,72,244.08,244.08,72.0,2010-12-02 10:10:00,2010-12-02 10:10:00,0,373,1
17926,United Kingdom,1035.49,5,572,207.1,207.1,114.4,2010-05-09 14:07:00,2011-07-29 14:39:00,446,133,5
17927,United Kingdom,294.0,1,108,294.0,294.0,108.0,2009-12-18 11:03:00,2009-12-18 11:03:00,0,722,1
17928,United Kingdom,341.24,3,222,113.75,113.75,74.0,2010-05-17 15:30:00,2011-10-25 13:52:00,525,45,3
17929,United Kingdom,3082.1,12,434,256.84,256.84,36.17,2009-12-09 11:40:00,2011-11-28 16:01:00,719,11,12
17930,United Kingdom,4275.22,13,3795,328.86,328.86,291.92,2010-03-04 10:41:00,2011-11-04 10:23:00,609,36,13
17931,United Kingdom,3402.24,14,1919,243.02,243.02,137.07,2010-02-16 15:47:00,2011-07-28 18:33:00,527,134,14
17932,United Kingdom,1331.57,3,789,443.86,443.86,263.0,2011-05-12 13:58:00,2011-11-10 19:49:00,182,29,3
17933,United Kingdom,114.69,1,63,114.69,114.69,63.0,2010-03-17 15:11:00,2010-03-17 15:11:00,0,632,1
17934,United Kingdom,1049.15,3,628,349.72,349.72,209.33,2010-10-29 12:23:00,2011-10-19 11:16:00,354,52,3
17935,United Kingdom,686.14,7,244,98.02,98.02,34.86,2009-12-04 14:33:00,2011-07-24 13:18:00,596,138,7
17936,United Kingdom,380.13,1,257,380.13,380.13,257.0,2011-12-04 13:32:00,2011-12-04 13:32:00,0,5,1
17937,United Kingdom,4301.22,7,1754,614.46,614.46,250.57,2010-12-12 14:43:00,2011-12-01 11:45:00,353,9,7
17938,United Kingdom,144.29,1,53,144.29,144.29,53.0,2010-10-15 14:27:00,2010-10-15 14:27:00,0,420,1
17939,United Kingdom,99.14,1,40,99.14,99.14,40.0,2011-07-03 12:27:00,2011-07-03 12:27:00,0,160,1
17940,United Kingdom,30306.79,16,85148,1894.17,1894.17,5321.75,2009-12-03 12:31:00,2011-10-21 13:27:00,687,49,16
17941,United Kingdom,1433.28,4,1108,358.32,358.32,277.0,2010-01-06 15:37:00,2011-08-01 08:30:00,571,131,4
17942,United Kingdom,77.5,1,38,77.5,77.5,38.0,2011-12-02 10:45:00,2011-12-02 10:45:00,0,8,1
17944,United Kingdom,74.99,1,84,74.99,74.99,84.0,2010-10-12 16:25:00,2010-10-12 16:25:00,0,423,1
17945,United Kingdom,360.35,3,244,120.12,120.12,81.33,2010-01-12 11:33:00,2010-01-12 11:40:00,0,697,3
17946,United Kingdom,149.58,2,75,74.79,74.79,37.5,2011-03-25 14:34:00,2011-04-20 17:00:00,26,233,2
17947,United Kingdom,176.68,1,168,176.68,176.68,168.0,2011-11-02 13:05:00,2011-11-02 13:05:00,0,37,1
17948,United Kingdom,358.56,1,144,358.56,358.56,144.0,2011-07-15 12:58:00,2011-07-15 12:58:00,0,147,1
17949,United Kingdom,117314.08,118,60538,994.19,994.19,513.03,2009-12-02 11:07:00,2011-12-08 18:46:00,736,1,118
17950,United Kingdom,1166.29,7,659,166.61,166.61,94.14,2010-01-04 17:39:00,2011-09-28 15:18:00,631,72,7
17951,United Kingdom,1340.58,4,780,335.14,335.14,195.0,2010-10-31 15:15:00,2011-10-31 12:30:00,364,40,4
17952,United Kingdom,788.46,4,477,197.12,197.12,119.25,2010-06-16 11:54:00,2010-11-26 13:54:00,163,378,4
17953,United Kingdom,159.17,1,98,159.17,159.17,98.0,2010-06-17 15:08:00,2010-06-17 15:08:00,0,540,1
17954,United Kingdom,3804.38,19,3180,200.23,200.23,167.37,2009-12-09 13:22:00,2011-12-04 14:15:00,725,5,19
17955,United Kingdom,949.9,6,681,158.32,158.32,113.5,2010-02-12 16:27:00,2011-05-25 12:00:00,466,199,6
17956,United Kingdom,12.75,1,1,12.75,12.75,1.0,2011-04-04 13:47:00,2011-04-04 13:47:00,0,249,1
17957,United Kingdom,111.68,1,287,111.68,111.68,287.0,2011-10-04 14:58:00,2011-10-04 14:58:00,0,66,1
17958,United Kingdom,973.88,2,284,486.94,486.94,142.0,2009-12-11 15:37:00,2011-08-15 12:19:00,611,117,2
17959,United Kingdom,140.75,1,49,140.75,140.75,49.0,2010-04-26 14:12:00,2010-04-26 14:12:00,0,592,1
17960,United Kingdom,135.08,3,60,45.03,45.03,20.0,2010-03-08 12:22:00,2011-06-21 14:15:00,470,171,3
17961,United Kingdom,2866.74,100,1491,28.67,28.67,14.91,2009-12-01 14:48:00,2011-11-18 16:55:00,717,21,100
17962,United Kingdom,666.96,4,633,166.74,166.74,158.25,2010-01-13 15:24:00,2011-07-20 14:16:00,552,142,4
17963,United Kingdom,643.16,4,341,160.79,160.79,85.25,2010-01-19 17:25:00,2010-08-25 15:58:00,217,471,4
17964,United Kingdom,463.21,2,294,231.6,231.6,147.0,2010-12-02 13:32:00,2011-11-08 10:44:00,340,32,2
17965,United Kingdom,7006.65,29,4383,241.61,241.61,151.14,2009-12-14 13:19:00,2011-11-02 09:31:00,687,38,29
17966,United Kingdom,1963.92,10,3918,196.39,196.39,391.8,2010-01-18 13:24:00,2011-11-02 10:26:00,652,38,10
17967,United Kingdom,223.42,2,111,111.71,111.71,55.5,2010-10-19 13:19:00,2010-12-03 11:19:00,44,372,2
17968,United Kingdom,590.44,4,352,147.61,147.61,88.0,2010-07-15 15:01:00,2010-12-01 12:23:00,138,374,4
17969,United Kingdom,2354.29,20,1014,117.71,117.71,50.7,2009-12-06 13:53:00,2011-06-26 13:00:00,566,166,20
17970,United Kingdom,562.79,1,513,562.79,562.79,513.0,2011-05-12 20:03:00,2011-05-12 20:03:00,0,211,1
17971,United Kingdom,161.94,1,62,161.94,161.94,62.0,2010-06-09 14:04:00,2010-06-09 14:04:00,0,548,1
17972,United Kingdom,135.19,1,36,135.19,135.19,36.0,2011-04-12 12:16:00,2011-04-12 12:16:00,0,242,1
17973,United Kingdom,337.04,1,176,337.04,337.04,176.0,2011-10-19 10:34:00,2011-10-19 10:34:00,0,52,1
17974,United Kingdom,1739.09,6,1189,289.85,289.85,198.17,2010-10-28 20:03:00,2011-11-15 11:37:00,382,25,6
17975,United Kingdom,6696.33,24,2179,279.01,279.01,90.79,2010-08-06 11:24:00,2011-11-24 13:27:00,475,15,24
17976,United Kingdom,321.79,1,93,321.79,321.79,93.0,2010-12-02 13:49:00,2010-12-02 13:49:00,0,372,1
17977,United Kingdom,1511.45,2,1948,755.72,755.72,974.0,2010-11-04 14:26:00,2011-11-10 13:28:00,370,29,2
17978,United Kingdom,1159.99,4,1297,290.0,290.0,324.25,2009-12-08 13:27:00,2010-12-09 14:05:00,366,365,4
17979,United Kingdom,732.41,4,383,183.1,183.1,95.75,2011-03-25 11:34:00,2011-11-04 12:05:00,224,36,4
17980,United Kingdom,1012.72,4,771,253.18,253.18,192.75,2010-11-11 14:42:00,2011-06-27 12:01:00,227,166,4
17981,United Kingdom,239.12,1,260,239.12,239.12,260.0,2010-10-25 10:40:00,2010-10-25 10:40:00,0,411,1
17982,United Kingdom,138.18,1,117,138.18,138.18,117.0,2010-01-28 09:38:00,2010-01-28 09:38:00,0,681,1
17983,United Kingdom,171.71,1,108,171.71,171.71,108.0,2010-11-09 13:23:00,2010-11-09 13:24:00,0,395,1
17984,United Kingdom,1152.19,5,939,230.44,230.44,187.8,2009-12-01 11:51:00,2011-07-17 15:59:00,593,145,5
17985,United Kingdom,631.35,1,171,631.35,631.35,171.0,2011-11-17 14:24:00,2011-11-17 14:24:00,0,22,1
17986,United Kingdom,20.8,1,10,20.8,20.8,10.0,2011-10-14 14:22:00,2011-10-14 14:22:00,0,56,1
17987,United Kingdom,965.44,5,981,193.09,193.09,196.2,2010-06-07 11:23:00,2011-06-07 14:22:00,365,185,5
17988,United Kingdom,489.54,14,186,34.97,34.97,13.29,2009-12-07 13:35:00,2011-11-28 11:00:00,720,12,14
17989,United Kingdom,207.33,1,300,207.33,207.33,300.0,2010-11-25 13:49:00,2010-11-25 13:49:00,0,379,1
17990,United Kingdom,1527.61,6,777,254.6,254.6,129.5,2009-12-07 15:19:00,2011-04-17 11:44:00,495,237,6
17991,United Kingdom,300.3,3,93,100.1,100.1,31.0,2010-04-27 12:46:00,2011-04-28 15:58:00,366,225,3
17992,United Kingdom,252.88,1,130,252.88,252.88,130.0,2010-11-15 13:04:00,2010-11-15 13:04:00,0,389,1
17993,United Kingdom,225.99,1,108,225.99,225.99,108.0,2010-04-01 14:23:00,2010-04-01 14:23:00,0,617,1
17994,United Kingdom,2270.03,11,2181,206.37,206.37,198.27,2010-03-29 10:37:00,2011-08-10 11:41:00,499,122,11
17995,United Kingdom,495.48,3,263,165.16,165.16,87.67,2010-11-17 17:01:00,2011-03-03 12:30:00,105,282,3
17996,United Kingdom,482.33,3,587,160.78,160.78,195.67,2010-06-11 11:48:00,2010-11-25 11:00:00,166,380,3
17997,United Kingdom,1962.46,8,2273,245.31,245.31,284.12,2011-06-28 17:28:00,2011-09-26 16:13:00,89,74,8
17998,United Kingdom,639.24,3,561,213.08,213.08,187.0,2009-12-01 13:07:00,2010-11-24 15:31:00,358,380,3
17999,United Kingdom,528.46,3,286,176.15,176.15,95.33,2010-11-26 13:16:00,2011-11-02 15:56:00,341,37,3
18000,United Kingdom,124.25,1,109,124.25,124.25,109.0,2010-05-24 17:34:00,2010-05-24 17:34:00,0,564,1
18001,United Kingdom,924.14,6,874,154.02,154.02,145.67,2009-12-02 15:38:00,2011-11-27 16:02:00,725,12,6
18002,United Kingdom,244.37,4,71,61.09,61.09,17.75,2009-12-08 11:07:00,2010-11-29 10:57:00,355,376,4
18003,United Kingdom,353.51,1,297,353.51,353.51,297.0,2010-11-28 15:09:00,2010-11-28 15:09:00,0,376,1
18004,United Kingdom,157.92,1,75,157.92,157.92,75.0,2010-12-12 13:47:00,2010-12-12 13:47:00,0,362,1
18005,United Kingdom,226.47,2,86,113.24,113.24,43.0,2011-10-23 14:40:00,2011-12-06 11:51:00,43,4,2
18006,United Kingdom,969.51,4,395,242.38,242.38,98.75,2009-12-17 12:27:00,2011-11-16 16:52:00,699,23,4
18007,United Kingdom,215.22,1,246,215.22,215.22,246.0,2010-11-12 11:08:00,2010-11-12 11:08:00,0,393,1
18008,United Kingdom,19759.08,23,7825,859.09,859.09,340.22,2010-01-06 12:35:00,2011-09-30 15:17:00,632,70,23
18009,United Kingdom,2144.23,8,651,268.03,268.03,81.38,2010-02-25 11:49:00,2011-04-18 13:36:00,417,235,8
18010,United Kingdom,174.8,1,60,174.8,174.8,60.0,2011-03-28 12:27:00,2011-03-28 12:27:00,0,257,1
18011,United Kingdom,410.79,2,125,205.4,205.4,62.5,2010-05-21 13:28:00,2010-12-01 17:35:00,194,373,2
18012,United Kingdom,115.3,1,63,115.3,115.3,63.0,2009-12-16 13:16:00,2009-12-16 13:16:00,0,723,1
18013,United Kingdom,187.29,2,285,93.64,93.64,142.5,2011-07-07 14:08:00,2011-07-07 14:11:00,0,155,2
18014,United Kingdom,162.22,1,66,162.22,162.22,66.0,2011-11-11 15:28:00,2011-11-11 15:28:00,0,28,1
18015,United Kingdom,120.03,1,157,120.03,120.03,157.0,2011-12-05 14:49:00,2011-12-05 14:49:00,0,4,1
18016,United Kingdom,1954.56,7,1207,279.22,279.22,172.43,2010-01-27 16:00:00,2011-11-07 13:25:00,648,32,7
18017,United Kingdom,688.0,4,400,172.0,172.0,100.0,2010-10-04 15:11:00,2011-09-19 16:15:00,350,81,4
18018,United Kingdom,297.99,4,186,74.5,74.5,46.5,2010-10-15 11:05:00,2011-08-23 17:37:00,312,108,4
18019,United Kingdom,38.45,1,7,38.45,38.45,7.0,2011-10-19 12:10:00,2011-10-19 12:10:00,0,52,1
18020,United Kingdom,190.48,1,67,190.48,190.48,67.0,2010-06-14 12:31:00,2010-06-14 12:31:00,0,544,1
18021,United Kingdom,216.41,2,168,108.2,108.2,84.0,2010-07-15 18:47:00,2010-07-18 10:52:00,2,510,2
18022,United Kingdom,1507.25,5,1311,301.45,301.45,262.2,2010-06-11 13:59:00,2011-11-04 12:45:00,510,36,5
18024,United Kingdom,389.78,2,184,194.89,194.89,92.0,2011-07-10 12:28:00,2011-07-10 12:40:00,0,153,2
18025,United Kingdom,1177.72,6,1053,196.29,196.29,175.5,2010-03-30 17:33:00,2010-11-25 12:37:00,239,380,6
18026,United Kingdom,2074.07,2,530,1037.04,1037.04,265.0,2010-07-22 16:21:00,2010-07-27 10:37:00,4,501,2
18027,United Kingdom,115.31,1,78,115.31,115.31,78.0,2011-09-02 10:38:00,2011-09-02 10:38:00,0,99,1
18028,United Kingdom,192.05,1,133,192.05,192.05,133.0,2010-05-05 13:28:00,2010-05-05 13:28:00,0,583,1
18029,United Kingdom,433.77,1,253,433.77,433.77,253.0,2010-03-07 15:30:00,2010-03-07 15:30:00,0,642,1
18030,United Kingdom,230.65,2,67,115.32,115.32,33.5,2011-10-28 13:55:00,2011-12-05 16:37:00,38,4,2
18031,United Kingdom,451.3,1,298,451.3,451.3,298.0,2010-11-26 11:00:00,2010-11-26 11:00:00,0,379,1
18032,United Kingdom,73.5,1,42,73.5,73.5,42.0,2011-01-09 15:32:00,2011-01-09 15:32:00,0,334,1
18033,United Kingdom,93.82,1,252,93.82,93.82,252.0,2011-10-05 17:28:00,2011-10-05 17:28:00,0,65,1
18034,United Kingdom,754.2,3,951,251.4,251.4,317.0,2010-11-29 12:36:00,2011-11-18 12:22:00,353,22,3
18035,United Kingdom,1260.23,5,1134,252.05,252.05,226.8,2010-11-19 13:42:00,2011-11-04 12:39:00,349,36,5
18036,United Kingdom,1545.49,11,741,140.5,140.5,67.36,2009-12-18 12:04:00,2011-11-07 14:40:00,689,32,11
18037,United Kingdom,167.42,15,37,11.16,11.16,2.47,2009-12-01 13:48:00,2011-07-08 13:39:00,583,154,15
18038,United Kingdom,141.48,1,80,141.48,141.48,80.0,2010-06-01 15:59:00,2010-06-01 15:59:00,0,556,1
18039,United Kingdom,548.22,4,555,137.06,137.06,138.75,2010-03-09 11:19:00,2010-11-30 13:07:00,266,374,4
18040,United Kingdom,357.2,2,148,178.6,178.6,74.0,2011-04-08 08:27:00,2011-11-20 14:20:00,226,19,2
18041,United Kingdom,8018.77,38,7316,211.02,211.02,192.53,2010-01-14 10:04:00,2011-11-28 11:39:00,683,12,38
18042,United Kingdom,281.15,2,69,140.57,140.57,34.5,2010-06-16 10:53:00,2011-10-17 11:49:00,488,54,2
18043,United Kingdom,529.29,3,265,176.43,176.43,88.33,2010-12-08 12:35:00,2011-11-15 12:48:00,342,25,3
18044,United Kingdom,3505.61,18,1598,194.76,194.76,88.78,2010-05-28 15:31:00,2011-12-05 14:26:00,555,4,18
18045,United Kingdom,178.34,1,138,178.34,178.34,138.0,2011-10-25 13:07:00,2011-10-25 13:07:00,0,45,1
18046,United Kingdom,189.63,1,44,189.63,189.63,44.0,2010-02-28 11:36:00,2010-02-28 11:36:00,0,650,1
18047,United Kingdom,326.09,2,130,163.04,163.04,65.0,2010-11-23 12:57:00,2010-11-23 13:11:00,0,381,2
18048,United Kingdom,394.93,3,256,131.64,131.64,85.33,2010-08-03 13:03:00,2011-05-20 14:58:00,290,203,3
18049,United Kingdom,500.92,2,402,250.46,250.46,201.0,2010-04-28 13:24:00,2010-09-28 14:26:00,153,437,2
18050,United Kingdom,412.06,2,250,206.03,206.03,125.0,2010-11-11 15:51:00,2010-12-15 14:25:00,33,359,2
18051,United Kingdom,2282.28,7,1661,326.04,326.04,237.29,2009-12-09 12:17:00,2010-03-15 13:58:00,96,634,7
18052,United Kingdom,10877.18,1,17766,10877.18,10877.18,17766.0,2010-05-24 11:11:00,2010-05-24 11:11:00,0,565,1
18053,United Kingdom,571.07,3,409,190.36,190.36,136.33,2010-06-30 12:36:00,2011-09-30 09:05:00,456,71,3
18054,United Kingdom,176.5,1,96,176.5,176.5,96.0,2010-11-12 08:18:00,2010-11-12 08:18:00,0,393,1
18055,United Kingdom,10142.64,14,3534,724.47,724.47,252.43,2010-10-22 13:27:00,2011-12-02 14:25:00,406,7,14
18056,United Kingdom,554.6,2,334,277.3,277.3,167.0,2010-03-31 12:29:00,2011-02-24 14:27:00,330,288,2
18057,United Kingdom,1188.46,3,970,396.15,396.15,323.33,2010-01-18 12:42:00,2010-11-11 16:55:00,297,393,3
18058,United Kingdom,774.06,3,394,258.02,258.02,131.33,2010-02-10 09:38:00,2011-11-30 08:38:00,657,10,3
18059,United Kingdom,306.46,3,258,102.15,102.15,86.0,2011-10-03 09:30:00,2011-11-16 16:49:00,44,23,3
18060,United Kingdom,1185.46,2,902,592.73,592.73,451.0,2010-05-24 08:34:00,2010-10-27 16:41:00,156,408,2
18061,United Kingdom,6083.81,28,3359,217.28,217.28,119.96,2009-12-04 11:36:00,2011-11-18 11:20:00,713,22,28
18062,United Kingdom,1632.67,6,831,272.11,272.11,138.5,2010-04-21 08:55:00,2011-06-19 14:47:00,424,173,6
18063,United Kingdom,186.6,2,48,93.3,93.3,24.0,2010-03-16 13:05:00,2010-11-14 10:46:00,242,391,2
18064,United Kingdom,4481.83,11,2685,407.44,407.44,244.09,2010-02-01 15:01:00,2011-07-29 16:39:00,543,133,11
18065,United Kingdom,5866.63,29,2265,202.3,202.3,78.1,2009-12-09 16:00:00,2011-12-04 10:30:00,724,6,29
18066,United Kingdom,1440.4,3,535,480.13,480.13,178.33,2010-10-20 11:42:00,2011-09-25 15:30:00,340,75,3
18067,United Kingdom,396.33,1,189,396.33,396.33,189.0,2011-10-30 15:58:00,2011-10-30 15:58:00,0,40,1
18068,United Kingdom,101.7,1,6,101.7,101.7,6.0,2011-02-23 14:50:00,2011-02-23 14:50:00,0,289,1
18069,United Kingdom,4464.92,11,3168,405.9,405.9,288.0,2010-02-28 16:14:00,2011-11-13 16:03:00,622,26,11
18070,United Kingdom,314.1,1,86,314.1,314.1,86.0,2010-02-08 13:28:00,2010-02-08 13:28:00,0,669,1
18071,United Kingdom,1169.68,6,678,194.95,194.95,113.0,2009-12-05 10:31:00,2011-03-27 11:59:00,477,258,6
18072,United Kingdom,247.44,1,288,247.44,247.44,288.0,2011-06-07 10:44:00,2011-06-07 10:44:00,0,186,1
18073,United Kingdom,3859.82,12,3102,321.65,321.65,258.5,2011-05-26 19:38:00,2011-08-17 14:02:00,82,114,12
18074,United Kingdom,1019.44,2,361,509.72,509.72,180.5,2010-07-22 10:31:00,2010-12-01 09:53:00,131,374,2
18075,United Kingdom,5783.29,20,3281,289.16,289.16,164.05,2010-07-29 11:47:00,2011-11-16 15:21:00,475,23,20
18076,United Kingdom,151.49,1,164,151.49,151.49,164.0,2010-11-24 14:02:00,2010-11-24 14:02:00,0,380,1
18077,United Kingdom,4078.79,18,3020,226.6,226.6,167.78,2009-12-07 11:40:00,2011-12-01 13:32:00,724,8,18
18078,United Kingdom,725.53,4,370,181.38,181.38,92.5,2010-03-21 15:50:00,2011-05-06 14:32:00,410,217,4
18079,United Kingdom,4203.93,5,8730,840.79,840.79,1746.0,2010-08-05 12:19:00,2011-10-25 15:27:00,446,45,5
18080,United Kingdom,1231.5,2,642,615.75,615.75,321.0,2011-04-11 10:10:00,2011-11-21 08:02:00,223,19,2
18081,United Kingdom,343.45,3,195,114.48,114.48,65.0,2011-07-29 11:56:00,2011-11-03 16:30:00,97,36,3
18082,United Kingdom,680.84,1,608,680.84,680.84,608.0,2011-11-14 12:45:00,2011-11-14 12:45:00,0,26,1
18083,United Kingdom,463.53,1,268,463.53,463.53,268.0,2010-11-07 11:44:00,2010-11-07 11:44:00,0,398,1
18084,United Kingdom,795.23,3,755,265.08,265.08,251.67,2010-11-16 08:09:00,2011-11-23 13:57:00,372,16,3
18085,United Kingdom,1341.85,4,507,335.46,335.46,126.75,2010-03-21 11:57:00,2011-01-13 15:17:00,298,330,4
18086,United Kingdom,101.34,1,106,101.34,101.34,106.0,2011-03-10 13:34:00,2011-03-10 13:34:00,0,274,1
18087,United Kingdom,14761.52,17,7775,868.32,868.32,457.35,2009-12-01 09:43:00,2011-09-02 15:12:00,640,98,17
18088,United Kingdom,166.03,1,107,166.03,166.03,107.0,2011-10-09 13:41:00,2011-10-09 13:41:00,0,61,1
18089,United Kingdom,428.45,1,95,428.45,428.45,95.0,2010-09-19 11:57:00,2010-09-19 11:57:00,0,447,1
18090,United Kingdom,321.9,1,307,321.9,321.9,307.0,2010-10-14 12:32:00,2010-10-14 12:32:00,0,422,1
18091,United Kingdom,360.85,1,539,360.85,360.85,539.0,2010-04-25 13:18:00,2010-04-25 13:18:00,0,593,1
18092,United Kingdom,14693.72,18,8298,816.32,816.32,461.0,2009-12-04 12:37:00,2011-12-07 13:14:00,733,2,18
18093,United Kingdom,4452.71,8,3429,556.59,556.59,428.62,2010-03-31 10:27:00,2011-09-07 15:43:00,525,93,8
18094,United Kingdom,6391.52,13,4164,491.66,491.66,320.31,2010-01-07 11:16:00,2011-09-19 09:28:00,619,82,13
18095,United Kingdom,2303.09,5,1623,460.62,460.62,324.6,2010-04-19 14:09:00,2011-01-31 12:50:00,286,313,5
18096,United Kingdom,1657.87,6,1409,276.31,276.31,234.83,2010-07-14 14:30:00,2011-11-28 12:44:00,501,12,6
18097,United Kingdom,4627.92,11,2716,420.72,420.72,246.91,2009-12-17 11:06:00,2011-12-02 11:16:00,715,8,11
18098,United Kingdom,527.94,1,215,527.94,527.94,215.0,2010-11-08 16:31:00,2010-11-08 16:31:00,0,396,1
18099,United Kingdom,168.31,1,149,168.31,168.31,149.0,2011-08-04 15:52:00,2011-08-04 15:52:00,0,127,1
18100,United Kingdom,451.56,1,440,451.56,451.56,440.0,2010-06-07 14:19:00,2010-06-07 14:19:00,0,550,1
18101,United Kingdom,622.01,5,247,124.4,124.4,49.4,2010-02-03 13:52:00,2011-11-28 13:37:00,662,11,5
18102,United Kingdom,580987.04,145,181645,4006.81,4006.81,1252.72,2009-12-01 09:24:00,2011-12-09 11:50:00,738,1,145
18103,United Kingdom,105.8,1,23,105.8,105.8,23.0,2010-06-08 13:36:00,2010-06-08 13:36:00,0,549,1
18104,United Kingdom,754.64,1,362,754.64,754.64,362.0,2011-11-02 14:07:00,2011-11-02 14:07:00,0,37,1
18105,United Kingdom,113.48,1,46,113.48,113.48,46.0,2011-11-02 12:04:00,2011-11-02 12:04:00,0,38,1
18106,United Kingdom,1441.06,6,506,240.18,240.18,84.33,2010-01-15 11:36:00,2011-01-14 12:23:00,364,330,6
18107,United Kingdom,165.88,1,65,165.88,165.88,65.0,2010-09-23 13:03:00,2010-09-23 13:03:00,0,442,1
18108,United Kingdom,848.81,3,261,282.94,282.94,87.0,2009-12-02 12:47:00,2011-03-30 13:56:00,483,254,3
18109,United Kingdom,9555.71,38,4822,251.47,251.47,126.89,2010-07-01 12:13:00,2011-12-08 11:36:00,524,2,38
18110,United Kingdom,392.28,2,169,196.14,196.14,84.5,2010-10-24 14:21:00,2011-11-20 12:34:00,391,20,2
18111,United Kingdom,405.85,1,232,405.85,405.85,232.0,2010-04-29 12:58:00,2010-04-29 12:58:00,0,589,1
18112,United Kingdom,773.36,4,443,193.34,193.34,110.75,2010-06-06 12:40:00,2011-11-27 14:43:00,539,12,4
18113,United Kingdom,76.32,1,72,76.32,76.32,72.0,2010-12-06 12:31:00,2010-12-06 12:31:00,0,369,1
18114,United Kingdom,220.1,1,55,220.1,220.1,55.0,2011-02-22 13:20:00,2011-02-22 13:20:00,0,290,1
18115,United Kingdom,9.7,1,3,9.7,9.7,3.0,2010-01-11 11:57:00,2010-01-11 11:57:00,0,698,1
18116,United Kingdom,2134.49,13,1267,164.19,164.19,97.46,2010-10-24 15:29:00,2011-10-03 11:00:00,343,68,13
18117,United Kingdom,315.65,1,605,315.65,315.65,605.0,2011-11-14 12:47:00,2011-11-14 12:47:00,0,26,1
18118,United Kingdom,6221.02,29,3184,214.52,214.52,109.79,2010-11-23 13:36:00,2011-11-29 11:32:00,370,11,29
18119,United Kingdom,180.7,1,124,180.7,180.7,124.0,2010-12-07 11:59:00,2010-12-07 11:59:00,0,368,1
18120,United Kingdom,111.15,1,31,111.15,111.15,31.0,2011-05-09 13:45:00,2011-05-09 13:45:00,0,214,1
18121,United Kingdom,653.3,2,438,326.65,326.65,219.0,2011-07-08 12:14:00,2011-07-13 12:53:00,5,149,2
18122,United Kingdom,1793.06,6,1225,298.84,298.84,204.17,2011-07-12 11:37:00,2011-12-01 13:08:00,142,8,6
18123,United Kingdom,666.64,3,616,222.21,222.21,205.33,2010-07-14 12:47:00,2011-11-15 14:23:00,489,24,3
18124,United Kingdom,102.65,1,47,102.65,102.65,47.0,2010-08-24 17:21:00,2010-08-24 17:21:00,0,472,1
18125,United Kingdom,1131.75,4,800,282.94,282.94,200.0,2011-01-27 15:02:00,2011-11-10 12:29:00,286,30,4
18126,United Kingdom,200.92,1,135,200.92,200.92,135.0,2011-10-10 12:19:00,2011-10-10 12:19:00,0,61,1
18127,United Kingdom,556.13,4,250,139.03,139.03,62.5,2010-11-01 13:56:00,2011-11-20 14:05:00,384,19,4
18128,United Kingdom,399.29,1,216,399.29,399.29,216.0,2010-06-20 13:19:00,2010-06-20 13:19:00,0,537,1
18129,United Kingdom,112.55,1,48,112.55,112.55,48.0,2011-04-10 14:16:00,2011-04-10 14:16:00,0,243,1
18130,United Kingdom,1059.39,3,824,353.13,353.13,274.67,2011-10-13 15:58:00,2011-11-24 14:40:00,41,15,3
18131,United Kingdom,222.96,1,552,222.96,222.96,552.0,2010-03-18 08:48:00,2010-03-18 08:48:00,0,632,1
18132,United Kingdom,220.13,1,212,220.13,220.13,212.0,2010-07-23 16:54:00,2010-07-23 16:54:00,0,504,1
18133,United Kingdom,931.5,1,1350,931.5,931.5,1350.0,2011-05-11 14:14:00,2011-05-11 14:14:00,0,212,1
18134,United Kingdom,445.0,2,128,222.5,222.5,64.0,2010-01-14 11:59:00,2010-04-20 14:02:00,96,598,2
18135,United Kingdom,1249.62,10,753,124.96,124.96,75.3,2010-03-15 13:55:00,2011-11-10 19:32:00,605,29,10
18136,United Kingdom,1631.36,5,860,326.27,326.27,172.0,2010-09-14 15:50:00,2011-10-07 15:40:00,387,63,5
18137,United Kingdom,145.99,2,59,73.0,73.0,29.5,2010-06-06 13:45:00,2010-06-06 14:18:00,0,551,2
18138,United Kingdom,152.65,1,38,152.65,152.65,38.0,2011-02-17 14:51:00,2011-02-17 14:51:00,0,295,1
18139,United Kingdom,8438.34,6,5557,1406.39,1406.39,926.17,2011-11-21 14:06:00,2011-11-22 10:44:00,0,18,6
18140,West Indies,536.41,1,395,536.41,536.41,395.0,2010-08-23 11:58:00,2010-08-23 11:58:00,0,474,1
18141,United Kingdom,882.47,2,433,441.24,441.24,216.5,2010-04-29 15:32:00,2010-11-03 11:44:00,187,402,2
18142,United Kingdom,1019.52,2,1276,509.76,509.76,638.0,2011-05-08 12:31:00,2011-07-05 13:19:00,58,157,2
18143,United Kingdom,1000.16,2,570,500.08,500.08,285.0,2011-07-21 10:44:00,2011-08-15 12:07:00,25,117,2
18144,United Kingdom,4892.95,19,2144,257.52,257.52,112.84,2009-12-16 15:57:00,2011-12-02 12:46:00,715,8,19
18145,United Kingdom,5609.74,11,5104,509.98,509.98,464.0,2009-12-08 12:30:00,2011-11-27 11:22:00,718,13,11
18146,United Kingdom,160.35,2,153,80.18,80.18,76.5,2011-05-03 16:35:00,2011-07-22 12:08:00,79,141,2
18147,United Kingdom,179.34,2,203,89.67,89.67,101.5,2011-08-23 12:22:00,2011-10-25 11:46:00,62,46,2
18148,United Kingdom,112.85,1,63,112.85,112.85,63.0,2010-03-03 11:40:00,2010-03-03 11:40:00,0,647,1
18149,United Kingdom,1553.96,7,869,221.99,221.99,124.14,2010-03-14 12:41:00,2011-10-20 12:04:00,584,51,7
18150,United Kingdom,566.58,3,332,188.86,188.86,110.67,2011-05-22 10:47:00,2011-11-07 16:49:00,169,32,3
18151,United Kingdom,1879.44,6,986,313.24,313.24,164.33,2010-03-04 10:47:00,2011-07-28 11:35:00,511,135,6
18152,United Kingdom,426.69,1,75,426.69,426.69,75.0,2010-03-03 15:26:00,2010-03-03 15:26:00,0,646,1
18153,United Kingdom,246.22,1,200,246.22,246.22,200.0,2010-02-18 15:50:00,2010-02-18 15:50:00,0,659,1
18154,United Kingdom,932.6,5,626,186.52,186.52,125.2,2010-08-06 09:18:00,2011-12-06 16:41:00,487,3,5
18155,United Kingdom,371.62,3,266,123.87,123.87,88.67,2011-02-21 10:36:00,2011-09-25 13:32:00,216,75,3
18156,United Kingdom,675.64,2,283,337.82,337.82,141.5,2010-12-05 12:29:00,2011-11-27 12:24:00,356,13,2
18157,United Kingdom,213.9,1,145,213.9,213.9,145.0,2010-05-17 14:09:00,2010-05-17 14:09:00,0,571,1
18158,United Kingdom,453.4,2,354,226.7,226.7,177.0,2011-09-12 09:03:00,2011-11-30 16:19:00,79,9,2
18159,United Kingdom,530.15,1,139,530.15,530.15,139.0,2011-02-11 14:26:00,2011-02-11 14:26:00,0,301,1
18160,United Kingdom,1003.88,3,519,334.63,334.63,173.0,2010-11-18 16:33:00,2011-10-13 15:50:00,328,57,3
18161,United Kingdom,1803.1,6,965,300.52,300.52,160.83,2010-11-25 15:55:00,2011-11-24 16:40:00,364,15,6
18162,United Kingdom,371.51,1,332,371.51,371.51,332.0,2009-12-07 13:24:00,2009-12-07 13:24:00,0,732,1
18163,United Kingdom,728.84,1,452,728.84,728.84,452.0,2010-05-04 14:51:00,2010-05-04 14:51:00,0,584,1
18164,United Kingdom,399.65,1,184,399.65,399.65,184.0,2011-11-02 12:56:00,2011-11-02 12:56:00,0,37,1
18165,United Kingdom,302.46,1,254,302.46,302.46,254.0,2011-06-15 13:23:00,2011-06-15 13:23:00,0,177,1
18166,United Kingdom,175.5,1,90,175.5,175.5,90.0,2010-03-26 12:26:00,2010-03-26 12:26:00,0,624,1
18167,United Kingdom,1384.86,3,382,461.62,461.62,127.33,2011-08-26 11:40:00,2011-11-16 15:56:00,82,23,3
18168,United Kingdom,3435.5,16,1995,214.72,214.72,124.69,2009-12-03 17:29:00,2011-06-16 19:21:00,560,176,16
18169,United Kingdom,202.65,1,61,202.65,202.65,61.0,2011-10-10 12:18:00,2011-10-10 12:18:00,0,61,1
18170,United Kingdom,2878.0,9,1184,319.78,319.78,131.56,2010-01-08 14:10:00,2011-11-06 14:35:00,667,33,9
18171,United Kingdom,2437.31,9,991,270.81,270.81,110.11,2010-01-05 10:46:00,2011-10-12 09:13:00,644,59,9
18172,United Kingdom,17467.24,52,7407,335.91,335.91,142.44,2009-12-11 09:58:00,2011-11-25 11:12:00,714,15,52
18173,United Kingdom,2696.36,5,1730,539.27,539.27,346.0,2010-04-06 10:43:00,2011-09-14 11:26:00,526,87,5
18174,United Kingdom,162.5,2,80,81.25,81.25,40.0,2010-04-15 12:17:00,2011-12-02 16:56:00,596,7,2
18175,United Kingdom,176.1,1,70,176.1,176.1,70.0,2010-02-02 10:25:00,2010-02-02 10:25:00,0,676,1
18176,United Kingdom,476.35,1,283,476.35,476.35,283.0,2010-12-16 15:45:00,2010-12-16 15:45:00,0,358,1
18177,United Kingdom,2216.32,9,1238,246.26,246.26,137.56,2009-12-15 18:57:00,2011-11-08 14:44:00,692,31,9
18178,United Kingdom,6103.74,11,3850,554.89,554.89,350.0,2010-02-18 14:25:00,2011-08-03 09:30:00,530,129,11
18179,United Kingdom,2547.55,8,1811,318.44,318.44,226.38,2010-02-14 15:51:00,2011-11-30 16:23:00,654,9,8
18180,United Kingdom,1843.75,6,1721,307.29,307.29,286.83,2011-07-20 08:59:00,2011-12-05 08:39:00,137,5,6
18181,United Kingdom,1188.34,5,510,237.67,237.67,102.0,2009-12-04 15:30:00,2011-11-15 15:08:00,710,24,5
18182,United Kingdom,291.13,1,167,291.13,291.13,167.0,2010-09-02 14:25:00,2010-09-02 14:25:00,0,463,1
18183,United Kingdom,632.07,2,371,316.04,316.04,185.5,2011-03-10 10:08:00,2011-04-26 15:26:00,47,227,2
18184,United Kingdom,49.8,1,60,49.8,49.8,60.0,2011-11-24 15:28:00,2011-11-24 15:28:00,0,15,1
18185,United Kingdom,304.25,1,183,304.25,304.25,183.0,2011-04-04 13:42:00,2011-04-04 13:42:00,0,249,1
18186,United Kingdom,329.58,1,338,329.58,329.58,338.0,2009-12-17 10:22:00,2009-12-17 10:22:00,0,723,1
18187,United Kingdom,724.89,1,310,724.89,724.89,310.0,2010-03-18 09:49:00,2010-03-18 09:49:00,0,632,1
18188,United Kingdom,3280.59,6,1888,546.76,546.76,314.67,2010-03-26 11:37:00,2011-11-24 16:46:00,608,15,6
18189,United Kingdom,1403.73,3,836,467.91,467.91,278.67,2010-03-24 09:57:00,2011-09-23 12:40:00,548,78,3
18190,United Kingdom,745.62,5,490,149.12,149.12,98.0,2009-12-22 12:05:00,2011-05-31 14:48:00,525,192,5
18191,United Kingdom,529.4,2,332,264.7,264.7,166.0,2010-08-19 17:42:00,2011-03-23 12:08:00,215,262,2
18192,United Kingdom,957.97,1,339,957.97,957.97,339.0,2011-09-29 09:53:00,2011-09-29 09:53:00,0,72,1
18193,United Kingdom,1207.35,3,926,402.45,402.45,308.67,2010-09-23 13:33:00,2011-06-27 13:58:00,277,165,3
18194,United Kingdom,4162.04,6,1774,693.67,693.67,295.67,2010-01-28 15:30:00,2011-09-18 13:29:00,597,82,6
18195,United Kingdom,101.16,1,60,101.16,101.16,60.0,2010-11-17 15:03:00,2010-11-17 15:03:00,0,387,1
18196,United Kingdom,1457.19,4,1038,364.3,364.3,259.5,2010-03-17 14:55:00,2011-09-05 16:22:00,537,95,4
18197,United Kingdom,230.1,1,166,230.1,230.1,166.0,2010-05-13 10:46:00,2010-05-13 10:46:00,0,576,1
18198,United Kingdom,5425.56,17,4074,319.15,319.15,239.65,2011-01-07 13:39:00,2011-12-05 14:49:00,332,4,17
18199,United Kingdom,344.75,1,99,344.75,344.75,99.0,2010-01-25 11:32:00,2010-01-25 11:32:00,0,684,1
18200,United Kingdom,150.35,1,104,150.35,150.35,104.0,2011-08-25 18:45:00,2011-08-25 18:45:00,0,106,1
18201,United Kingdom,447.53,1,191,447.53,447.53,191.0,2009-12-17 08:55:00,2009-12-17 08:55:00,0,723,1
18202,United Kingdom,1396.99,3,581,465.66,465.66,193.67,2011-02-01 13:36:00,2011-05-24 12:12:00,111,200,3
18203,United Kingdom,492.52,4,111,123.13,123.13,27.75,2009-12-08 13:19:00,2011-07-05 13:07:00,573,157,4
18204,United Kingdom,1975.35,3,1190,658.45,658.45,396.67,2011-05-31 15:26:00,2011-09-29 16:44:00,121,71,3
18205,United Kingdom,517.36,2,192,258.68,258.68,96.0,2011-09-26 12:02:00,2011-11-03 13:22:00,38,36,2
18206,United Kingdom,314.66,1,246,314.66,314.66,246.0,2010-06-04 13:47:00,2010-06-04 13:47:00,0,553,1
18207,United Kingdom,544.47,1,325,544.47,544.47,325.0,2010-07-28 14:26:00,2010-07-28 14:26:00,0,499,1
18208,United Kingdom,360.08,1,82,360.08,360.08,82.0,2010-05-23 11:54:00,2010-05-23 11:54:00,0,566,1
18209,United Kingdom,139.1,1,58,139.1,139.1,58.0,2011-11-11 12:07:00,2011-11-11 12:07:00,0,29,1
18210,United Kingdom,2768.83,7,1499,395.55,395.55,214.14,2010-11-22 09:39:00,2011-12-08 11:02:00,381,2,7
18211,United Kingdom,600.07,5,359,120.01,120.01,71.8,2011-03-06 12:09:00,2011-11-14 08:10:00,252,26,5
18212,United Kingdom,514.37,2,158,257.18,257.18,79.0,2010-01-31 14:42:00,2011-01-17 16:14:00,351,326,2
18213,United Kingdom,232.48,1,232,232.48,232.48,232.0,2011-04-17 10:21:00,2011-04-17 10:21:00,0,237,1
18214,United Kingdom,1780.34,4,989,445.08,445.08,247.25,2010-06-03 19:47:00,2010-06-27 11:21:00,23,531,4
18215,United Kingdom,2232.49,5,1131,446.5,446.5,226.2,2010-03-26 13:03:00,2011-09-11 16:05:00,534,89,5
18216,United Kingdom,481.75,1,200,481.75,481.75,200.0,2011-11-08 16:55:00,2011-11-08 16:55:00,0,31,1
18217,United Kingdom,945.04,4,740,236.26,236.26,185.0,2010-07-01 15:39:00,2011-11-10 13:18:00,496,29,4
18218,United Kingdom,1121.84,4,1028,280.46,280.46,257.0,2010-02-17 15:11:00,2011-05-12 12:53:00,448,211,4
18219,United Kingdom,3352.7,17,1586,197.22,197.22,93.29,2009-12-07 13:17:00,2011-12-07 11:43:00,729,3,17
18220,United Kingdom,1921.76,6,1352,320.29,320.29,225.33,2009-12-15 11:42:00,2011-04-27 09:03:00,497,227,6
18221,United Kingdom,1424.94,6,1000,237.49,237.49,166.67,2010-11-14 15:46:00,2011-11-17 14:40:00,367,22,6
18222,United Kingdom,443.0,1,335,443.0,443.0,335.0,2011-09-08 10:45:00,2011-09-08 10:45:00,0,93,1
18223,United Kingdom,14000.85,26,6644,538.49,538.49,255.54,2009-12-04 12:20:00,2011-12-05 09:11:00,730,5,26
18224,United Kingdom,158.95,1,69,158.95,158.95,69.0,2011-03-21 10:30:00,2011-03-21 10:30:00,0,264,1
18225,United Kingdom,13014.8,26,7282,500.57,500.57,280.08,2009-12-04 16:52:00,2011-12-06 13:27:00,731,3,26
18226,United Kingdom,11878.88,26,7883,456.88,456.88,303.19,2010-03-05 10:05:00,2011-10-26 13:36:00,600,44,26
18227,United Kingdom,388.75,2,22,194.38,194.38,11.0,2010-08-12 16:45:00,2011-05-06 12:23:00,266,218,2
18228,United Kingdom,779.9,2,238,389.95,389.95,119.0,2011-09-21 10:48:00,2011-10-14 09:21:00,22,57,2
18229,United Kingdom,10150.51,28,3071,362.52,362.52,109.68,2009-12-03 14:42:00,2011-11-28 09:48:00,724,12,28
18230,United Kingdom,4291.06,9,1996,476.78,476.78,221.78,2010-07-02 10:01:00,2011-11-30 13:22:00,516,9,9
18231,United Kingdom,6854.17,28,2915,244.79,244.79,104.11,2010-01-10 12:13:00,2011-05-31 14:18:00,506,192,28
18232,United Kingdom,592.97,4,302,148.24,148.24,75.5,2011-05-26 16:30:00,2011-09-19 11:49:00,115,82,4
18233,United Kingdom,440.0,1,4,440.0,440.0,4.0,2011-01-18 08:44:00,2011-01-18 08:44:00,0,326,1
18234,United Kingdom,179.6,1,80,179.6,179.6,80.0,2010-06-06 11:22:00,2010-06-06 11:22:00,0,552,1
18235,United Kingdom,1796.48,3,1578,598.83,598.83,526.0,2011-05-06 13:35:00,2011-09-29 08:27:00,145,72,3
18236,United Kingdom,1795.35,12,696,149.61,149.61,58.0,2010-04-15 13:39:00,2011-11-10 08:06:00,573,30,12
18237,United Kingdom,987.1,5,622,197.42,197.42,124.4,2011-07-28 13:05:00,2011-12-07 12:49:00,131,3,5
18238,United Kingdom,270.92,1,114,270.92,270.92,114.0,2010-07-12 12:51:00,2010-07-12 12:51:00,0,515,1
18239,United Kingdom,1712.26,6,844,285.38,285.38,140.67,2010-10-13 10:11:00,2011-05-05 12:38:00,204,219,6
18240,United Kingdom,422.58,1,126,422.58,422.58,126.0,2011-10-24 13:06:00,2011-10-24 13:06:00,0,46,1
18241,United Kingdom,2986.99,21,1471,142.24,142.24,70.05,2010-04-01 11:55:00,2011-11-30 12:10:00,608,10,21
18242,United Kingdom,3605.21,8,2021,450.65,450.65,252.62,2010-01-11 08:49:00,2011-09-28 13:43:00,625,72,8
18243,United Kingdom,515.78,1,221,515.78,515.78,221.0,2010-10-21 14:29:00,2010-10-21 14:29:00,0,414,1
18244,United Kingdom,568.64,2,856,284.32,284.32,428.0,2010-07-25 10:30:00,2010-10-05 11:15:00,72,431,2
18245,United Kingdom,6324.98,20,5098,316.25,316.25,254.9,2010-03-08 15:26:00,2011-12-02 14:48:00,633,7,20
18246,United Kingdom,758.82,3,214,252.94,252.94,71.33,2010-04-09 10:19:00,2011-11-16 11:49:00,586,24,3
18247,United Kingdom,839.73,3,335,279.91,279.91,111.67,2010-03-18 15:52:00,2010-10-21 09:49:00,216,415,3
18248,United Kingdom,804.02,2,511,402.01,402.01,255.5,2011-06-06 13:18:00,2011-08-09 10:19:00,63,123,2
18249,United Kingdom,95.34,1,128,95.34,95.34,128.0,2011-11-22 15:07:00,2011-11-22 15:07:00,0,17,1
18250,United Kingdom,349.27,1,199,349.27,349.27,199.0,2011-02-02 13:16:00,2011-02-02 13:16:00,0,310,1
18251,United Kingdom,26278.86,9,39639,2919.87,2919.87,4404.33,2009-12-22 12:01:00,2011-09-13 15:03:00,630,87,9
18252,United Kingdom,1533.69,7,932,219.1,219.1,133.14,2009-12-18 16:13:00,2011-10-20 12:43:00,670,51,7
18253,United Kingdom,317.88,1,128,317.88,317.88,128.0,2010-03-07 12:38:00,2010-03-07 12:38:00,0,643,1
18254,United Kingdom,267.9,1,188,267.9,267.9,188.0,2010-05-07 14:37:00,2010-05-07 14:37:00,0,581,1
18255,United Kingdom,303.15,2,201,151.57,151.57,100.5,2010-09-09 16:31:00,2011-09-11 13:16:00,366,89,2
18256,United Kingdom,110.7,1,180,110.7,110.7,180.0,2010-11-17 08:53:00,2010-11-17 08:53:00,0,388,1
18257,United Kingdom,4600.15,12,2369,383.35,383.35,197.42,2010-02-18 16:20:00,2011-10-31 14:48:00,619,39,12
18258,United Kingdom,2059.67,6,1981,343.28,343.28,330.17,2010-05-16 11:35:00,2010-09-01 14:20:00,108,464,6
18259,United Kingdom,3941.9,7,1274,563.13,563.13,182.0,2009-12-08 08:38:00,2011-11-15 12:34:00,707,25,7
18260,United Kingdom,9947.26,23,5244,432.49,432.49,228.0,2009-12-15 13:50:00,2011-06-20 12:37:00,551,173,23
18261,United Kingdom,324.24,2,146,162.12,162.12,73.0,2011-09-05 09:34:00,2011-10-27 15:36:00,52,43,2
18262,United Kingdom,577.54,3,552,192.51,192.51,184.0,2010-04-16 09:05:00,2011-07-22 16:04:00,462,140,3
18263,United Kingdom,1213.16,3,1468,404.39,404.39,489.33,2011-04-01 11:48:00,2011-11-14 09:00:00,226,26,3
18264,United Kingdom,603.25,1,241,603.25,603.25,241.0,2010-07-29 10:02:00,2010-07-29 10:02:00,0,499,1
18265,United Kingdom,801.51,2,311,400.76,400.76,155.5,2011-07-04 15:26:00,2011-09-28 14:10:00,85,72,2
18266,United Kingdom,251.1,1,138,251.1,251.1,138.0,2010-10-01 15:33:00,2010-10-01 15:33:00,0,434,1
18267,United Kingdom,269.37,1,135,269.37,269.37,135.0,2010-02-05 08:43:00,2010-02-05 08:43:00,0,673,1
18268,United Kingdom,1490.23,6,711,248.37,248.37,118.5,2009-12-11 10:27:00,2011-07-28 19:13:00,594,134,6
18269,United Kingdom,168.6,1,76,168.6,168.6,76.0,2010-12-08 13:53:00,2010-12-08 13:53:00,0,366,1
18270,United Kingdom,444.55,3,209,148.18,148.18,69.67,2010-10-03 10:49:00,2011-11-01 13:57:00,394,38,3
18271,United Kingdom,680.85,2,319,340.42,340.42,159.5,2009-12-08 11:27:00,2010-04-09 09:26:00,121,610,2
18272,United Kingdom,4385.98,9,2880,487.33,487.33,320.0,2010-03-04 12:53:00,2011-12-07 12:43:00,642,3,9
18273,United Kingdom,357.0,4,140,89.25,89.25,35.0,2010-04-28 12:24:00,2011-12-07 13:16:00,588,2,4
18274,United Kingdom,175.92,1,88,175.92,175.92,88.0,2011-11-09 17:03:00,2011-11-09 17:03:00,0,30,1
18275,United Kingdom,741.85,2,417,370.92,370.92,208.5,2009-12-08 16:23:00,2010-05-10 15:46:00,152,578,2
18276,United Kingdom,1656.52,6,1246,276.09,276.09,207.67,2009-12-10 17:14:00,2011-10-27 10:54:00,685,44,6
18277,United Kingdom,1180.05,5,449,236.01,236.01,89.8,2010-08-02 10:26:00,2011-10-12 15:22:00,436,58,5
18278,United Kingdom,414.2,2,140,207.1,207.1,70.0,2010-10-31 12:13:00,2011-09-27 11:58:00,330,74,2
18279,United Kingdom,231.34,1,630,231.34,231.34,630.0,2010-07-08 14:48:00,2010-07-08 14:48:00,0,519,1
18280,United Kingdom,488.15,2,194,244.08,244.08,97.0,2010-11-10 15:51:00,2011-03-07 09:52:00,116,278,2
18281,United Kingdom,201.14,2,146,100.57,100.57,73.0,2010-05-11 10:49:00,2011-06-12 10:53:00,397,181,2
18282,United Kingdom,178.05,2,103,89.02,89.02,51.5,2011-08-05 13:35:00,2011-12-02 11:43:00,118,8,2
18283,United Kingdom,2664.9,22,1679,121.13,121.13,76.32,2010-02-19 17:16:00,2011-12-06 12:02:00,654,4,22
18284,United Kingdom,461.68,1,494,461.68,461.68,494.0,2010-10-04 11:33:00,2010-10-04 11:33:00,0,432,1
18285,United Kingdom,427.0,1,145,427.0,427.0,145.0,2010-02-17 10:24:00,2010-02-17 10:24:00,0,661,1
18286,United Kingdom,1296.43,2,608,648.22,648.22,304.0,2009-12-16 10:45:00,2010-08-20 11:57:00,247,477,2
18287,United Kingdom,4182.99,7,3013,597.57,597.57,430.43,2010-05-17 11:55:00,2011-10-28 09:29:00,528,43,7
